/home/x/shiran/project/orbit-artifact/results/sequential-comparison-4096-fast2-host/inputs/gcn/canonical.mlir:1:1: error: sequential-budget-policy=transfer-unused requires decision-flow=sequential
"builtin.module"() ({
^
/home/x/shiran/project/orbit-artifact/results/sequential-comparison-4096-fast2-host/inputs/gcn/canonical.mlir:1:1: note: see current operation: 
"builtin.module"() ({
  "func.func"() <{arg_attrs = [{}, {amoeba.logical_transfer_shape = array<i64: 256, 256>, amoeba.noalias}, {amoeba.logical_transfer_shape = array<i64: 256, 256>, amoeba.noalias}, {amoeba.logical_transfer_shape = array<i64: 256, 256>, amoeba.noalias}, {amoeba.logical_transfer_shape = array<i64: 256, 256>, amoeba.noalias}, {amoeba.logical_transfer_shape = array<i64: 256, 16>, amoeba.noalias}, {amoeba.logical_transfer_shape = array<i64: 16, 16>, amoeba.noalias}, {amoeba.logical_transfer_shape = array<i64: 16, 16>, amoeba.noalias}, {amoeba.logical_transfer_shape = array<i64: 16, 16>, amoeba.noalias}, {amoeba.logical_transfer_shape = array<i64: 4, 256>, amoeba.noalias}, {amoeba.logical_transfer_shape = array<i64: 4, 256, 256>, amoeba.noalias}, {amoeba.logical_transfer_shape = array<i64: 3, 256, 16>, amoeba.noalias}, {amoeba.logical_transfer_shape = array<i64: 12, 256, 16>, amoeba.noalias}, {amoeba.logical_transfer_shape = array<i64: 3, 256, 16>, amoeba.noalias}, {amoeba.logical_transfer_shape = array<i64: 16>, amoeba.noalias}], function_type = (i32, memref<?x256xi32>, memref<?x256xi32>, memref<?x256xi32>, memref<?x256xi32>, memref<?x16xi32>, memref<?x16xi32>, memref<?x16xi32>, memref<?x16xi32>, memref<?x256xi32>, memref<?x256x256xi32>, memref<?x256x16xi32>, memref<?x256x16xi32>, memref<?x256x16xi32>, memref<?xi32>) -> (), sym_name = "_Z8gcn_funciPA256_KiS1_S1_S1_PA16_S_S3_S3_S3_PA256_iPA256_S4_PA256_A16_iSA_SA_Pi"}> ({
  ^bb0(%arg0: i32, %arg1: memref<?x256xi32>, %arg2: memref<?x256xi32>, %arg3: memref<?x256xi32>, %arg4: memref<?x256xi32>, %arg5: memref<?x16xi32>, %arg6: memref<?x16xi32>, %arg7: memref<?x16xi32>, %arg8: memref<?x16xi32>, %arg9: memref<?x256xi32>, %arg10: memref<?x256x256xi32>, %arg11: memref<?x256x16xi32>, %arg12: memref<?x256x16xi32>, %arg13: memref<?x256x16xi32>, %arg14: memref<?xi32>):
    %0 = "arith.constant"() <{value = 5 : i32}> : () -> i32
    %1 = "arith.constant"() <{value = 1024 : i32}> : () -> i32
    %2 = "arith.constant"() <{value = 1 : i32}> : () -> i32
    %3 = "arith.constant"() <{value = 0 : i32}> : () -> i32
    %4 = "arith.constant"() <{value = 5 : index}> : () -> index
    %5 = "taskflow.task"(%arg1, %arg9, %arg9, %4, %2, %arg1, %arg9, %arg9) <{operandSegmentSizes = array<i32: 2, 1, 2, 2, 1>, resultSegmentSizes = array<i32: 0, 1, 0>, task_name = "Task_0"}> ({
    ^bb0(%arg304: memref<?x256xi32>, %arg305: memref<?x256xi32>, %arg306: memref<?x256xi32>, %arg307: index, %arg308: i32):
      %1907 = "arith.constant"() <{value = 0 : index}> : () -> index
      %1908 = "arith.constant"() <{value = 1 : index}> : () -> index
      %1909 = "taskflow.counter"(%1907, %arg307, %1908) <{counter_dynamism = "symbol_bound", counter_hierarchy = "root", counter_id = 0 : i32}> : (index, index, index) -> index
      %1910 = "taskflow.counter"(%1909, %1907, %arg307, %1908) <{counter_dynamism = "symbol_bound", counter_hierarchy = "leaf", counter_id = 1 : i32}> : (index, index, index, index) -> index
      "neura.kernel"(%arg308, %arg306, %arg304, %arg307) <{accelerator = "neura", operandSegmentSizes = array<i32: 4, 0>}> ({
      ^bb0(%arg309: !neura.data<i32, i1>, %arg310: !neura.data<memref<?x256xi32>, i1>, %arg311: !neura.data<memref<?x256xi32>, i1>, %arg312: !neura.data<index, i1>):
        %1911 = "neura.constant"() <{value = "%input1"}> : () -> !neura.data<memref<?x256xi32>, i1>
        %1912 = "neura.constant"() <{value = 0 : index}> : () -> !neura.data<index, i1>
        %1913 = "neura.counter"() <{counter_dynamism = "symbol_bound", counter_hierarchy = "root", counter_id = 0 : i32, operandSegmentSizes = array<i32: 0, 0, 0>}> {lower_bound_value = 0 : index, step_value = 1 : index, upper_bound_value = "%input3"} : () -> !neura.data<index, i1>
        %1914 = "neura.counter"() <{counter_dynamism = "symbol_bound", counter_hierarchy = "leaf", counter_id = 1 : i32, operandSegmentSizes = array<i32: 0, 0, 0>}> {lower_bound_value = 0 : index, step_value = 1 : index, upper_bound_value = "%input3"} : () -> !neura.data<index, i1>
        %1915 = "neura.data_mov"(%1914) : (!neura.data<index, i1>) -> !neura.data<index, i1>
        %1916 = "neura.icmp"(%1915) <{cmpType = "eq"}> {rhs_value = 0 : index} : (!neura.data<index, i1>) -> !neura.data<i1, i1>
        %1917 = "neura.data_mov"(%1911) : (!neura.data<memref<?x256xi32>, i1>) -> !neura.data<memref<?x256xi32>, i1>
        %1918 = "neura.data_mov"(%1916) : (!neura.data<i1, i1>) -> !neura.data<i1, i1>
        %1919 = "neura.grant_predicate"(%1917, %1918) : (!neura.data<memref<?x256xi32>, i1>, !neura.data<i1, i1>) -> !neura.data<memref<?x256xi32>, i1>
        %1920 = "neura.data_mov"(%1912) : (!neura.data<index, i1>) -> !neura.data<index, i1>
        %1921 = "neura.data_mov"(%1916) : (!neura.data<i1, i1>) -> !neura.data<i1, i1>
        %1922 = "neura.grant_predicate"(%1920, %1921) : (!neura.data<index, i1>, !neura.data<i1, i1>) -> !neura.data<index, i1>
        %1923 = "neura.data_mov"(%1913) : (!neura.data<index, i1>) -> !neura.data<index, i1>
        %1924 = "neura.data_mov"(%1916) : (!neura.data<i1, i1>) -> !neura.data<i1, i1>
        %1925 = "neura.grant_predicate"(%1923, %1924) : (!neura.data<index, i1>, !neura.data<i1, i1>) -> !neura.data<index, i1>
        %1926 = "neura.data_mov"(%1914) : (!neura.data<index, i1>) -> !neura.data<index, i1>
        %1927 = "neura.data_mov"(%1916) : (!neura.data<i1, i1>) -> !neura.data<i1, i1>
        %1928 = "neura.grant_predicate"(%1926, %1927) : (!neura.data<index, i1>, !neura.data<i1, i1>) -> !neura.data<index, i1>
        %1929 = "neura.data_mov"(%1916) : (!neura.data<i1, i1>) -> !neura.data<i1, i1>
        %1930 = "neura.not"(%1929) : (!neura.data<i1, i1>) -> !neura.data<i1, i1>
        %1931 = "neura.data_mov"(%1913) : (!neura.data<index, i1>) -> !neura.data<index, i1>
        %1932 = "neura.data_mov"(%1930) : (!neura.data<i1, i1>) -> !neura.data<i1, i1>
        %1933 = "neura.grant_predicate"(%1931, %1932) : (!neura.data<index, i1>, !neura.data<i1, i1>) -> !neura.data<index, i1>
        %1934 = "neura.data_mov"(%1914) : (!neura.data<index, i1>) -> !neura.data<index, i1>
        %1935 = "neura.data_mov"(%1930) : (!neura.data<i1, i1>) -> !neura.data<i1, i1>
        %1936 = "neura.grant_predicate"(%1934, %1935) : (!neura.data<index, i1>, !neura.data<i1, i1>) -> !neura.data<index, i1>
        %1937 = "neura.data_mov"(%1912) : (!neura.data<index, i1>) -> !neura.data<index, i1>
        %1938 = "neura.data_mov"(%1930) : (!neura.data<i1, i1>) -> !neura.data<i1, i1>
        %1939 = "neura.grant_predicate"(%1937, %1938) : (!neura.data<index, i1>, !neura.data<i1, i1>) -> !neura.data<index, i1>
        %1940 = "neura.data_mov"(%1919) : (!neura.data<memref<?x256xi32>, i1>) -> !neura.data<memref<?x256xi32>, i1>
        %1941 = "neura.data_mov"(%1922) : (!neura.data<index, i1>) -> !neura.data<index, i1>
        %1942 = "neura.data_mov"(%1925) : (!neura.data<index, i1>) -> !neura.data<index, i1>
        "neura.store_indexed"(%1940, %1941, %1942) <{operandSegmentSizes = array<i32: 0, 1, 2>}> {lhs_value = "%input0"} : (!neura.data<memref<?x256xi32>, i1>, !neura.data<index, i1>, !neura.data<index, i1>) -> ()
        %1943 = "neura.data_mov"(%1939) : (!neura.data<index, i1>) -> !neura.data<index, i1>
        %1944 = "neura.data_mov"(%1922) : (!neura.data<index, i1>) -> !neura.data<index, i1>
        %1945 = "neura.phi"(%1943, %1944) : (!neura.data<index, i1>, !neura.data<index, i1>) -> !neura.data<index, i1>
        %1946 = "neura.data_mov"(%1936) : (!neura.data<index, i1>) -> !neura.data<index, i1>
        %1947 = "neura.data_mov"(%1928) : (!neura.data<index, i1>) -> !neura.data<index, i1>
        %1948 = "neura.phi"(%1946, %1947) : (!neura.data<index, i1>, !neura.data<index, i1>) -> !neura.data<index, i1>
        %1949 = "neura.data_mov"(%1933) : (!neura.data<index, i1>) -> !neura.data<index, i1>
        %1950 = "neura.data_mov"(%1925) : (!neura.data<index, i1>) -> !neura.data<index, i1>
        %1951 = "neura.phi"(%1949, %1950) : (!neura.data<index, i1>, !neura.data<index, i1>) -> !neura.data<index, i1>
        %1952 = "neura.data_mov"(%1951) : (!neura.data<index, i1>) -> !neura.data<index, i1>
        %1953 = "neura.data_mov"(%1948) : (!neura.data<index, i1>) -> !neura.data<index, i1>
        %1954 = "neura.load_indexed"(%1952, %1953) <{operandSegmentSizes = array<i32: 0, 2>}> {lhs_value = "%input2"} : (!neura.data<index, i1>, !neura.data<index, i1>) -> !neura.data<i32, i1>
        %1955 = "neura.data_mov"(%1945) : (!neura.data<index, i1>) -> !neura.data<index, i1>
        %1956 = "neura.data_mov"(%1951) : (!neura.data<index, i1>) -> !neura.data<index, i1>
        %1957 = "neura.load_indexed"(%1955, %1956) <{operandSegmentSizes = array<i32: 0, 2>}> {lhs_value = "%input1"} : (!neura.data<index, i1>, !neura.data<index, i1>) -> !neura.data<i32, i1>
        %1958 = "neura.data_mov"(%1957) : (!neura.data<i32, i1>) -> !neura.data<i32, i1>
        %1959 = "neura.data_mov"(%1954) : (!neura.data<i32, i1>) -> !neura.data<i32, i1>
        %1960 = "neura.add"(%1958, %1959) : (!neura.data<i32, i1>, !neura.data<i32, i1>) -> !neura.data<i32, i1>
        %1961 = "neura.data_mov"(%1960) : (!neura.data<i32, i1>) -> !neura.data<i32, i1>
        %1962 = "neura.data_mov"(%1945) : (!neura.data<index, i1>) -> !neura.data<index, i1>
        %1963 = "neura.data_mov"(%1951) : (!neura.data<index, i1>) -> !neura.data<index, i1>
        "neura.store_indexed"(%1961, %1962, %1963) <{operandSegmentSizes = array<i32: 1, 0, 2>}> {rhs_value = "%input1"} : (!neura.data<i32, i1>, !neura.data<index, i1>, !neura.data<index, i1>) -> ()
        "neura.yield"() <{operandSegmentSizes = array<i32: 0, 0>}> {yield_type = "void"} : () -> ()
      }) {dataflow_mode = "predicate"} : (i32, memref<?x256xi32>, memref<?x256xi32>, index) -> ()
      "taskflow.yield"(%arg306) <{operandSegmentSizes = array<i32: 0, 1, 0>}> : (memref<?x256xi32>) -> ()
    }) {amoeba.source_iteration_control_binding = "amoeba-source-iteration-domain-v1\0Adomain_witness_bytes=201:amoeba-source-iteration-domain-v1\0Acomplete=1\0Arepresented_multiplicity=25\0Ainternal_multiplicity=1\0Asource_multiplicity=25\0Aaxis_count=2\0Aaxis=T,0,0,5,1,5,0,-1,0,0\0Aaxis=T,1,0,5,1,5,0,-1,0,0\0Areason_bytes=0:\0A\0A\22func.func\22() <{function_type = (memref<?x256xi32>, memref<?x256xi32>, index, i32) -> (), sym_name = \22__source_domain_binding__\22}> ({\0A^bb0(%arg0: memref<?x256xi32>, %arg1: memref<?x256xi32>, %arg2: index, %arg3: i32):\0A  %0 = \22taskflow.task\22(%arg0, %arg1, %arg1, %arg2, %arg3, %arg0, %arg1, %arg1) <{operandSegmentSizes = array<i32: 2, 1, 2, 2, 1>, resultSegmentSizes = array<i32: 0, 1, 0>, task_name = \22Task_0\22}> ({\0A  ^bb0(%arg4: memref<?x256xi32>, %arg5: memref<?x256xi32>, %arg6: memref<?x256xi32>, %arg7: index, %arg8: i32):\0A    %1 = \22arith.constant\22() <{value = 0 : index}> : () -> index\0A    %2 = \22arith.constant\22() <{value = 1 : index}> : () -> index\0A    %3 = \22taskflow.counter\22(%1, %arg7, %2) <{counter_dynamism = \22symbol_bound\22, counter_hierarchy = \22root\22, counter_id = 0 : i32}> : (index, index, index) -> index\0A    %4 = \22taskflow.counter\22(%3, %1, %arg7, %2) <{counter_dynamism = \22symbol_bound\22, counter_hierarchy = \22leaf\22, counter_id = 1 : i32}> : (index, index, index, index) -> index\0A    \22neura.kernel\22(%arg8, %arg6, %arg4, %arg7) <{accelerator = \22neura\22, operandSegmentSizes = array<i32: 4, 0>}> ({\0A    ^bb0(%arg9: !neura.data<i32, i1>, %arg10: !neura.data<memref<?x256xi32>, i1>, %arg11: !neura.data<memref<?x256xi32>, i1>, %arg12: !neura.data<index, i1>):\0A      %5 = \22neura.constant\22() <{value = \22%input1\22}> : () -> !neura.data<memref<?x256xi32>, i1>\0A      %6 = \22neura.constant\22() <{value = 0 : index}> : () -> !neura.data<index, i1>\0A      %7 = \22neura.counter\22() <{counter_dynamism = \22symbol_bound\22, counter_hierarchy = \22root\22, counter_id = 0 : i32, operandSegmentSizes = array<i32: 0, 0, 0>}> {lower_bound_value = 0 : index, step_value = 1 : index, upper_bound_value = \22%input3\22} : () -> !neura.data<index, i1>\0A      %8 = \22neura.counter\22() <{counter_dynamism = \22symbol_bound\22, counter_hierarchy = \22leaf\22, counter_id = 1 : i32, operandSegmentSizes = array<i32: 0, 0, 0>}> {lower_bound_value = 0 : index, step_value = 1 : index, upper_bound_value = \22%input3\22} : () -> !neura.data<index, i1>\0A      %9 = \22neura.data_mov\22(%8) : (!neura.data<index, i1>) -> !neura.data<index, i1>\0A      %10 = \22neura.icmp\22(%9) <{cmpType = \22eq\22}> {rhs_value = 0 : index} : (!neura.data<index, i1>) -> !neura.data<i1, i1>\0A      %11 = \22neura.data_mov\22(%5) : (!neura.data<memref<?x256xi32>, i1>) -> !neura.data<memref<?x256xi32>, i1>\0A      %12 = \22neura.data_mov\22(%10) : (!neura.data<i1, i1>) -> !neura.data<i1, i1>\0A      %13 = \22neura.grant_predicate\22(%11, %12) : (!neura.data<memref<?x256xi32>, i1>, !neura.data<i1, i1>) -> !neura.data<memref<?x256xi32>, i1>\0A      %14 = \22neura.data_mov\22(%6) : (!neura.data<index, i1>) -> !neura.data<index, i1>\0A      %15 = \22neura.data_mov\22(%10) : (!neura.data<i1, i1>) -> !neura.data<i1, i1>\0A      %16 = \22neura.grant_predicate\22(%14, %15) : (!neura.data<index, i1>, !neura.data<i1, i1>) -> !neura.data<index, i1>\0A      %17 = \22neura.data_mov\22(%7) : (!neura.data<index, i1>) -> !neura.data<index, i1>\0A      %18 = \22neura.data_mov\22(%10) : (!neura.data<i1, i1>) -> !neura.data<i1, i1>\0A      %19 = \22neura.grant_predicate\22(%17, %18) : (!neura.data<index, i1>, !neura.data<i1, i1>) -> !neura.data<index, i1>\0A      %20 = \22neura.data_mov\22(%8) : (!neura.data<index, i1>) -> !neura.data<index, i1>\0A      %21 = \22neura.data_mov\22(%10) : (!neura.data<i1, i1>) -> !neura.data<i1, i1>\0A      %22 = \22neura.grant_predicate\22(%20, %21) : (!neura.data<index, i1>, !neura.data<i1, i1>) -> !neura.data<index, i1>\0A      %23 = \22neura.data_mov\22(%10) : (!neura.data<i1, i1>) -> !neura.data<i1, i1>\0A      %24 = \22neura.not\22(%23) : (!neura.data<i1, i1>) -> !neura.data<i1, i1>\0A      %25 = \22neura.data_mov\22(%7) : (!neura.data<index, i1>) -> !neura.data<index, i1>\0A      %26 = \22neura.data_mov\22(%24) : (!neura.data<i1, i1>) -> !neura.data<i1, i1>\0A      %27 = \22neura.grant_predicate\22(%25, %26) : (!neura.data<index, i1>, !neura.data<i1, i1>) -> !neura.data<index, i1>\0A      %28 = \22neura.data_mov\22(%8) : (!neura.data<index, i1>) -> !neura.data<index, i1>\0A      %29 = \22neura.data_mov\22(%24) : (!neura.data<i1, i1>) -> !neura.data<i1, i1>\0A      %30 = \22neura.grant_predicate\22(%28, %29) : (!neura.data<index, i1>, !neura.data<i1, i1>) -> !neura.data<index, i1>\0A      %31 = \22neura.data_mov\22(%6) : (!neura.data<index, i1>) -> !neura.data<index, i1>\0A      %32 = \22neura.data_mov\22(%24) : (!neura.data<i1, i1>) -> !neura.data<i1, i1>\0A      %33 = \22neura.grant_predicate\22(%31, %32) : (!neura.data<index, i1>, !neura.data<i1, i1>) -> !neura.data<index, i1>\0A      %34 = \22neura.data_mov\22(%13) : (!neura.data<memref<?x256xi32>, i1>) -> !neura.data<memref<?x256xi32>, i1>\0A      %35 = \22neura.data_mov\22(%16) : (!neura.data<index, i1>) -> !neura.data<index, i1>\0A      %36 = \22neura.data_mov\22(%19) : (!neura.data<index, i1>) -> !neura.data<index, i1>\0A      \22neura.store_indexed\22(%34, %35, %36) <{operandSegmentSizes = array<i32: 0, 1, 2>}> {lhs_value = \22%input0\22} : (!neura.data<memref<?x256xi32>, i1>, !neura.data<index, i1>, !neura.data<index, i1>) -> ()\0A      %37 = \22neura.data_mov\22(%33) : (!neura.data<index, i1>) -> !neura.data<index, i1>\0A      %38 = \22neura.data_mov\22(%16) : (!neura.data<index, i1>) -> !neura.data<index, i1>\0A      %39 = \22neura.phi\22(%37, %38) : (!neura.data<index, i1>, !neura.data<index, i1>) -> !neura.data<index, i1>\0A      %40 = \22neura.data_mov\22(%30) : (!neura.data<index, i1>) -> !neura.data<index, i1>\0A      %41 = \22neura.data_mov\22(%22) : (!neura.data<index, i1>) -> !neura.data<index, i1>\0A      %42 = \22neura.phi\22(%40, %41) : (!neura.data<index, i1>, !neura.data<index, i1>) -> !neura.data<index, i1>\0A      %43 = \22neura.data_mov\22(%27) : (!neura.data<index, i1>) -> !neura.data<index, i1>\0A      %44 = \22neura.data_mov\22(%19) : (!neura.data<index, i1>) -> !neura.data<index, i1>\0A      %45 = \22neura.phi\22(%43, %44) : (!neura.data<index, i1>, !neura.data<index, i1>) -> !neura.data<index, i1>\0A      %46 = \22neura.data_mov\22(%45) : (!neura.data<index, i1>) -> !neura.data<index, i1>\0A      %47 = \22neura.data_mov\22(%42) : (!neura.data<index, i1>) -> !neura.data<index, i1>\0A      %48 = \22neura.load_indexed\22(%46, %47) <{operandSegmentSizes = array<i32: 0, 2>}> {lhs_value = \22%input2\22} : (!neura.data<index, i1>, !neura.data<index, i1>) -> !neura.data<i32, i1>\0A      %49 = \22neura.data_mov\22(%39) : (!neura.data<index, i1>) -> !neura.data<index, i1>\0A      %50 = \22neura.data_mov\22(%45) : (!neura.data<index, i1>) -> !neura.data<index, i1>\0A      %51 = \22neura.load_indexed\22(%49, %50) <{operandSegmentSizes = array<i32: 0, 2>}> {lhs_value = \22%input1\22} : (!neura.data<index, i1>, !neura.data<index, i1>) -> !neura.data<i32, i1>\0A      %52 = \22neura.data_mov\22(%51) : (!neura.data<i32, i1>) -> !neura.data<i32, i1>\0A      %53 = \22neura.data_mov\22(%48) : (!neura.data<i32, i1>) -> !neura.data<i32, i1>\0A      %54 = \22neura.add\22(%52, %53) : (!neura.data<i32, i1>, !neura.data<i32, i1>) -> !neura.data<i32, i1>\0A      %55 = \22neura.data_mov\22(%54) : (!neura.data<i32, i1>) -> !neura.data<i32, i1>\0A      %56 = \22neura.data_mov\22(%39) : (!neura.data<index, i1>) -> !neura.data<index, i1>\0A      %57 = \22neura.data_mov\22(%45) : (!neura.data<index, i1>) -> !neura.data<index, i1>\0A      \22neura.store_indexed\22(%55, %56, %57) <{operandSegmentSizes = array<i32: 1, 0, 2>}> {rhs_value = \22%input1\22} : (!neura.data<i32, i1>, !neura.data<index, i1>, !neura.data<index, i1>) -> ()\0A      \22neura.yield\22() <{operandSegmentSizes = array<i32: 0, 0>}> {yield_type = \22void\22} : () -> ()\0A    }) {dataflow_mode = \22predicate\22} : (i32, memref<?x256xi32>, memref<?x256xi32>, index) -> ()\0A    \22taskflow.yield\22(%arg6) <{operandSegmentSizes = array<i32: 0, 1, 0>}> : (memref<?x256xi32>) -> ()\0A  }) {dlp_replicable = true, runtime_managable = true} : (memref<?x256xi32>, memref<?x256xi32>, memref<?x256xi32>, index, i32, memref<?x256xi32>, memref<?x256xi32>, memref<?x256xi32>) -> memref<?x256xi32>\0A  \22func.return\22() : () -> ()\0A}) : () -> ()", amoeba.source_iteration_domain = {axes = [{carried_values = 0 : i64, expanded_inside_mapper_firing = false, extent = 5 : i64, kind = "taskflow-counter", lower = 0 : i64, ordinal = 0 : i64, parent_counter_ordinal = -1 : i64, result_uses = 0 : i64, step = 1 : i64, upper = 5 : i64}, {carried_values = 0 : i64, expanded_inside_mapper_firing = false, extent = 5 : i64, kind = "taskflow-counter", lower = 0 : i64, ordinal = 1 : i64, parent_counter_ordinal = -1 : i64, result_uses = 0 : i64, step = 1 : i64, upper = 5 : i64}], canonical_witness = "amoeba-source-iteration-domain-v1\0Acomplete=1\0Arepresented_multiplicity=25\0Ainternal_multiplicity=1\0Asource_multiplicity=25\0Aaxis_count=2\0Aaxis=T,0,0,5,1,5,0,-1,0,0\0Aaxis=T,1,0,5,1,5,0,-1,0,0\0Areason_bytes=0:\0A", complete = true, internal_multiplicity = 1 : i64, represented_multiplicity = 25 : i64, schema = "amoeba-source-iteration-domain-v1", source_multiplicity = 25 : i64}, amoeba.source_iteration_source_control_binding = "amoeba-source-iteration-domain-v1\0Adomain_witness_bytes=201:amoeba-source-iteration-domain-v1\0Acomplete=1\0Arepresented_multiplicity=25\0Ainternal_multiplicity=1\0Asource_multiplicity=25\0Aaxis_count=2\0Aaxis=T,0,0,5,1,5,0,-1,0,0\0Aaxis=T,1,0,5,1,5,0,-1,0,0\0Areason_bytes=0:\0A\0A\22func.func\22() <{function_type = (memref<?x256xi32>, memref<?x256xi32>, index, i32) -> (), sym_name = \22__source_domain_binding__\22}> ({\0A^bb0(%arg0: memref<?x256xi32>, %arg1: memref<?x256xi32>, %arg2: index, %arg3: i32):\0A  %0 = \22taskflow.task\22(%arg0, %arg1, %arg1, %arg2, %arg3, %arg0, %arg1, %arg1) <{operandSegmentSizes = array<i32: 2, 1, 2, 2, 1>, resultSegmentSizes = array<i32: 0, 1, 0>, task_name = \22Task_0\22}> ({\0A  ^bb0(%arg4: memref<?x256xi32>, %arg5: memref<?x256xi32>, %arg6: memref<?x256xi32>, %arg7: index, %arg8: i32):\0A    %1 = \22arith.constant\22() <{value = 0 : index}> : () -> index\0A    %2 = \22arith.constant\22() <{value = 1 : index}> : () -> index\0A    %3 = \22taskflow.counter\22(%1, %arg7, %2) <{counter_dynamism = \22symbol_bound\22, counter_hierarchy = \22root\22, counter_id = 0 : i32}> : (index, index, index) -> index\0A    %4 = \22taskflow.counter\22(%3, %1, %arg7, %2) <{counter_dynamism = \22symbol_bound\22, counter_hierarchy = \22leaf\22, counter_id = 1 : i32}> : (index, index, index, index) -> index\0A    \22neura.kernel\22(%arg8, %arg6, %arg4, %arg7) <{accelerator = \22neura\22, operandSegmentSizes = array<i32: 4, 0>}> ({\0A    ^bb0(%arg9: !neura.data<i32, i1>, %arg10: !neura.data<memref<?x256xi32>, i1>, %arg11: !neura.data<memref<?x256xi32>, i1>, %arg12: !neura.data<index, i1>):\0A      %5 = \22neura.constant\22() <{value = \22%input1\22}> : () -> !neura.data<memref<?x256xi32>, i1>\0A      %6 = \22neura.constant\22() <{value = 0 : index}> : () -> !neura.data<index, i1>\0A      %7 = \22neura.counter\22() <{counter_dynamism = \22symbol_bound\22, counter_hierarchy = \22root\22, counter_id = 0 : i32, operandSegmentSizes = array<i32: 0, 0, 0>}> {lower_bound_value = 0 : index, step_value = 1 : index, upper_bound_value = \22%input3\22} : () -> !neura.data<index, i1>\0A      %8 = \22neura.counter\22() <{counter_dynamism = \22symbol_bound\22, counter_hierarchy = \22leaf\22, counter_id = 1 : i32, operandSegmentSizes = array<i32: 0, 0, 0>}> {lower_bound_value = 0 : index, step_value = 1 : index, upper_bound_value = \22%input3\22} : () -> !neura.data<index, i1>\0A      %9 = \22neura.data_mov\22(%8) : (!neura.data<index, i1>) -> !neura.data<index, i1>\0A      %10 = \22neura.icmp\22(%9) <{cmpType = \22eq\22}> {rhs_value = 0 : index} : (!neura.data<index, i1>) -> !neura.data<i1, i1>\0A      %11 = \22neura.data_mov\22(%5) : (!neura.data<memref<?x256xi32>, i1>) -> !neura.data<memref<?x256xi32>, i1>\0A      %12 = \22neura.data_mov\22(%10) : (!neura.data<i1, i1>) -> !neura.data<i1, i1>\0A      %13 = \22neura.grant_predicate\22(%11, %12) : (!neura.data<memref<?x256xi32>, i1>, !neura.data<i1, i1>) -> !neura.data<memref<?x256xi32>, i1>\0A      %14 = \22neura.data_mov\22(%6) : (!neura.data<index, i1>) -> !neura.data<index, i1>\0A      %15 = \22neura.data_mov\22(%10) : (!neura.data<i1, i1>) -> !neura.data<i1, i1>\0A      %16 = \22neura.grant_predicate\22(%14, %15) : (!neura.data<index, i1>, !neura.data<i1, i1>) -> !neura.data<index, i1>\0A      %17 = \22neura.data_mov\22(%7) : (!neura.data<index, i1>) -> !neura.data<index, i1>\0A      %18 = \22neura.data_mov\22(%10) : (!neura.data<i1, i1>) -> !neura.data<i1, i1>\0A      %19 = \22neura.grant_predicate\22(%17, %18) : (!neura.data<index, i1>, !neura.data<i1, i1>) -> !neura.data<index, i1>\0A      %20 = \22neura.data_mov\22(%8) : (!neura.data<index, i1>) -> !neura.data<index, i1>\0A      %21 = \22neura.data_mov\22(%10) : (!neura.data<i1, i1>) -> !neura.data<i1, i1>\0A      %22 = \22neura.grant_predicate\22(%20, %21) : (!neura.data<index, i1>, !neura.data<i1, i1>) -> !neura.data<index, i1>\0A      %23 = \22neura.data_mov\22(%10) : (!neura.data<i1, i1>) -> !neura.data<i1, i1>\0A      %24 = \22neura.not\22(%23) : (!neura.data<i1, i1>) -> !neura.data<i1, i1>\0A      %25 = \22neura.data_mov\22(%7) : (!neura.data<index, i1>) -> !neura.data<index, i1>\0A      %26 = \22neura.data_mov\22(%24) : (!neura.data<i1, i1>) -> !neura.data<i1, i1>\0A      %27 = \22neura.grant_predicate\22(%25, %26) : (!neura.data<index, i1>, !neura.data<i1, i1>) -> !neura.data<index, i1>\0A      %28 = \22neura.data_mov\22(%8) : (!neura.data<index, i1>) -> !neura.data<index, i1>\0A      %29 = \22neura.data_mov\22(%24) : (!neura.data<i1, i1>) -> !neura.data<i1, i1>\0A      %30 = \22neura.grant_predicate\22(%28, %29) : (!neura.data<index, i1>, !neura.data<i1, i1>) -> !neura.data<index, i1>\0A      %31 = \22neura.data_mov\22(%6) : (!neura.data<index, i1>) -> !neura.data<index, i1>\0A      %32 = \22neura.data_mov\22(%24) : (!neura.data<i1, i1>) -> !neura.data<i1, i1>\0A      %33 = \22neura.grant_predicate\22(%31, %32) : (!neura.data<index, i1>, !neura.data<i1, i1>) -> !neura.data<index, i1>\0A      %34 = \22neura.data_mov\22(%13) : (!neura.data<memref<?x256xi32>, i1>) -> !neura.data<memref<?x256xi32>, i1>\0A      %35 = \22neura.data_mov\22(%16) : (!neura.data<index, i1>) -> !neura.data<index, i1>\0A      %36 = \22neura.data_mov\22(%19) : (!neura.data<index, i1>) -> !neura.data<index, i1>\0A      \22neura.store_indexed\22(%34, %35, %36) <{operandSegmentSizes = array<i32: 0, 1, 2>}> {lhs_value = \22%input0\22} : (!neura.data<memref<?x256xi32>, i1>, !neura.data<index, i1>, !neura.data<index, i1>) -> ()\0A      %37 = \22neura.data_mov\22(%33) : (!neura.data<index, i1>) -> !neura.data<index, i1>\0A      %38 = \22neura.data_mov\22(%16) : (!neura.data<index, i1>) -> !neura.data<index, i1>\0A      %39 = \22neura.phi\22(%37, %38) : (!neura.data<index, i1>, !neura.data<index, i1>) -> !neura.data<index, i1>\0A      %40 = \22neura.data_mov\22(%30) : (!neura.data<index, i1>) -> !neura.data<index, i1>\0A      %41 = \22neura.data_mov\22(%22) : (!neura.data<index, i1>) -> !neura.data<index, i1>\0A      %42 = \22neura.phi\22(%40, %41) : (!neura.data<index, i1>, !neura.data<index, i1>) -> !neura.data<index, i1>\0A      %43 = \22neura.data_mov\22(%27) : (!neura.data<index, i1>) -> !neura.data<index, i1>\0A      %44 = \22neura.data_mov\22(%19) : (!neura.data<index, i1>) -> !neura.data<index, i1>\0A      %45 = \22neura.phi\22(%43, %44) : (!neura.data<index, i1>, !neura.data<index, i1>) -> !neura.data<index, i1>\0A      %46 = \22neura.data_mov\22(%45) : (!neura.data<index, i1>) -> !neura.data<index, i1>\0A      %47 = \22neura.data_mov\22(%42) : (!neura.data<index, i1>) -> !neura.data<index, i1>\0A      %48 = \22neura.load_indexed\22(%46, %47) <{operandSegmentSizes = array<i32: 0, 2>}> {lhs_value = \22%input2\22} : (!neura.data<index, i1>, !neura.data<index, i1>) -> !neura.data<i32, i1>\0A      %49 = \22neura.data_mov\22(%39) : (!neura.data<index, i1>) -> !neura.data<index, i1>\0A      %50 = \22neura.data_mov\22(%45) : (!neura.data<index, i1>) -> !neura.data<index, i1>\0A      %51 = \22neura.load_indexed\22(%49, %50) <{operandSegmentSizes = array<i32: 0, 2>}> {lhs_value = \22%input1\22} : (!neura.data<index, i1>, !neura.data<index, i1>) -> !neura.data<i32, i1>\0A      %52 = \22neura.data_mov\22(%51) : (!neura.data<i32, i1>) -> !neura.data<i32, i1>\0A      %53 = \22neura.data_mov\22(%48) : (!neura.data<i32, i1>) -> !neura.data<i32, i1>\0A      %54 = \22neura.add\22(%52, %53) : (!neura.data<i32, i1>, !neura.data<i32, i1>) -> !neura.data<i32, i1>\0A      %55 = \22neura.data_mov\22(%54) : (!neura.data<i32, i1>) -> !neura.data<i32, i1>\0A      %56 = \22neura.data_mov\22(%39) : (!neura.data<index, i1>) -> !neura.data<index, i1>\0A      %57 = \22neura.data_mov\22(%45) : (!neura.data<index, i1>) -> !neura.data<index, i1>\0A      \22neura.store_indexed\22(%55, %56, %57) <{operandSegmentSizes = array<i32: 1, 0, 2>}> {rhs_value = \22%input1\22} : (!neura.data<i32, i1>, !neura.data<index, i1>, !neura.data<index, i1>) -> ()\0A      \22neura.yield\22() <{operandSegmentSizes = array<i32: 0, 0>}> {yield_type = \22void\22} : () -> ()\0A    }) {dataflow_mode = \22predicate\22} : (i32, memref<?x256xi32>, memref<?x256xi32>, index) -> ()\0A    \22taskflow.yield\22(%arg6) <{operandSegmentSizes = array<i32: 0, 1, 0>}> : (memref<?x256xi32>) -> ()\0A  }) {dlp_replicable = true, runtime_managable = true} : (memref<?x256xi32>, memref<?x256xi32>, memref<?x256xi32>, index, i32, memref<?x256xi32>, memref<?x256xi32>, memref<?x256xi32>) -> memref<?x256xi32>\0A  \22func.return\22() : () -> ()\0A}) : () -> ()", dlp_replicable = true, runtime_managable = true} : (memref<?x256xi32>, memref<?x256xi32>, memref<?x256xi32>, index, i32, memref<?x256xi32>, memref<?x256xi32>, memref<?x256xi32>) -> memref<?x256xi32>
    %6 = "taskflow.task"(%arg2, %5, %5, %4, %2, %arg2, %arg9, %arg9) <{operandSegmentSizes = array<i32: 2, 1, 2, 2, 1>, resultSegmentSizes = array<i32: 0, 1, 0>, task_name = "Task_1"}> ({
    ^bb0(%arg295: memref<?x256xi32>, %arg296: memref<?x256xi32>, %arg297: memref<?x256xi32>, %arg298: index, %arg299: i32):
      %1850 = "arith.constant"() <{value = 0 : index}> : () -> index
      %1851 = "arith.constant"() <{value = 1 : index}> : () -> index
      %1852 = "taskflow.counter"(%1850, %arg298, %1851) <{counter_dynamism = "symbol_bound", counter_hierarchy = "root", counter_id = 0 : i32}> : (index, index, index) -> index
      %1853 = "taskflow.counter"(%1852, %1850, %arg298, %1851) <{counter_dynamism = "symbol_bound", counter_hierarchy = "leaf", counter_id = 1 : i32}> : (index, index, index, index) -> index
      "neura.kernel"(%arg299, %arg297, %arg295, %arg298) <{accelerator = "neura", operandSegmentSizes = array<i32: 4, 0>}> ({
      ^bb0(%arg300: !neura.data<i32, i1>, %arg301: !neura.data<memref<?x256xi32>, i1>, %arg302: !neura.data<memref<?x256xi32>, i1>, %arg303: !neura.data<index, i1>):
        %1854 = "neura.constant"() <{value = "%input1"}> : () -> !neura.data<memref<?x256xi32>, i1>
        %1855 = "neura.constant"() <{value = 1 : index}> : () -> !neura.data<index, i1>
        %1856 = "neura.counter"() <{counter_dynamism = "symbol_bound", counter_hierarchy = "root", counter_id = 0 : i32, operandSegmentSizes = array<i32: 0, 0, 0>}> {lower_bound_value = 0 : index, step_value = 1 : index, upper_bound_value = "%input3"} : () -> !neura.data<index, i1>
        %1857 = "neura.counter"() <{counter_dynamism = "symbol_bound", counter_hierarchy = "leaf", counter_id = 1 : i32, operandSegmentSizes = array<i32: 0, 0, 0>}> {lower_bound_value = 0 : index, step_value = 1 : index, upper_bound_value = "%input3"} : () -> !neura.data<index, i1>
        %1858 = "neura.data_mov"(%1857) : (!neura.data<index, i1>) -> !neura.data<index, i1>
        %1859 = "neura.icmp"(%1858) <{cmpType = "eq"}> {rhs_value = 0 : index} : (!neura.data<index, i1>) -> !neura.data<i1, i1>
        %1860 = "neura.data_mov"(%1854) : (!neura.data<memref<?x256xi32>, i1>) -> !neura.data<memref<?x256xi32>, i1>
        %1861 = "neura.data_mov"(%1859) : (!neura.data<i1, i1>) -> !neura.data<i1, i1>
        %1862 = "neura.grant_predicate"(%1860, %1861) : (!neura.data<memref<?x256xi32>, i1>, !neura.data<i1, i1>) -> !neura.data<memref<?x256xi32>, i1>
        %1863 = "neura.data_mov"(%1855) : (!neura.data<index, i1>) -> !neura.data<index, i1>
        %1864 = "neura.data_mov"(%1859) : (!neura.data<i1, i1>) -> !neura.data<i1, i1>
        %1865 = "neura.grant_predicate"(%1863, %1864) : (!neura.data<index, i1>, !neura.data<i1, i1>) -> !neura.data<index, i1>
        %1866 = "neura.data_mov"(%1856) : (!neura.data<index, i1>) -> !neura.data<index, i1>
        %1867 = "neura.data_mov"(%1859) : (!neura.data<i1, i1>) -> !neura.data<i1, i1>
        %1868 = "neura.grant_predicate"(%1866, %1867) : (!neura.data<index, i1>, !neura.data<i1, i1>) -> !neura.data<index, i1>
        %1869 = "neura.data_mov"(%1857) : (!neura.data<index, i1>) -> !neura.data<index, i1>
        %1870 = "neura.data_mov"(%1859) : (!neura.data<i1, i1>) -> !neura.data<i1, i1>
        %1871 = "neura.grant_predicate"(%1869, %1870) : (!neura.data<index, i1>, !neura.data<i1, i1>) -> !neura.data<index, i1>
        %1872 = "neura.data_mov"(%1859) : (!neura.data<i1, i1>) -> !neura.data<i1, i1>
        %1873 = "neura.not"(%1872) : (!neura.data<i1, i1>) -> !neura.data<i1, i1>
        %1874 = "neura.data_mov"(%1856) : (!neura.data<index, i1>) -> !neura.data<index, i1>
        %1875 = "neura.data_mov"(%1873) : (!neura.data<i1, i1>) -> !neura.data<i1, i1>
        %1876 = "neura.grant_predicate"(%1874, %1875) : (!neura.data<index, i1>, !neura.data<i1, i1>) -> !neura.data<index, i1>
        %1877 = "neura.data_mov"(%1857) : (!neura.data<index, i1>) -> !neura.data<index, i1>
        %1878 = "neura.data_mov"(%1873) : (!neura.data<i1, i1>) -> !neura.data<i1, i1>
        %1879 = "neura.grant_predicate"(%1877, %1878) : (!neura.data<index, i1>, !neura.data<i1, i1>) -> !neura.data<index, i1>
        %1880 = "neura.data_mov"(%1855) : (!neura.data<index, i1>) -> !neura.data<index, i1>
        %1881 = "neura.data_mov"(%1873) : (!neura.data<i1, i1>) -> !neura.data<i1, i1>
        %1882 = "neura.grant_predicate"(%1880, %1881) : (!neura.data<index, i1>, !neura.data<i1, i1>) -> !neura.data<index, i1>
        %1883 = "neura.data_mov"(%1862) : (!neura.data<memref<?x256xi32>, i1>) -> !neura.data<memref<?x256xi32>, i1>
        %1884 = "neura.data_mov"(%1865) : (!neura.data<index, i1>) -> !neura.data<index, i1>
        %1885 = "neura.data_mov"(%1868) : (!neura.data<index, i1>) -> !neura.data<index, i1>
        "neura.store_indexed"(%1883, %1884, %1885) <{operandSegmentSizes = array<i32: 0, 1, 2>}> {lhs_value = "%input0"} : (!neura.data<memref<?x256xi32>, i1>, !neura.data<index, i1>, !neura.data<index, i1>) -> ()
        %1886 = "neura.data_mov"(%1882) : (!neura.data<index, i1>) -> !neura.data<index, i1>
        %1887 = "neura.data_mov"(%1865) : (!neura.data<index, i1>) -> !neura.data<index, i1>
        %1888 = "neura.phi"(%1886, %1887) : (!neura.data<index, i1>, !neura.data<index, i1>) -> !neura.data<index, i1>
        %1889 = "neura.data_mov"(%1879) : (!neura.data<index, i1>) -> !neura.data<index, i1>
        %1890 = "neura.data_mov"(%1871) : (!neura.data<index, i1>) -> !neura.data<index, i1>
        %1891 = "neura.phi"(%1889, %1890) : (!neura.data<index, i1>, !neura.data<index, i1>) -> !neura.data<index, i1>
        %1892 = "neura.data_mov"(%1876) : (!neura.data<index, i1>) -> !neura.data<index, i1>
        %1893 = "neura.data_mov"(%1868) : (!neura.data<index, i1>) -> !neura.data<index, i1>
        %1894 = "neura.phi"(%1892, %1893) : (!neura.data<index, i1>, !neura.data<index, i1>) -> !neura.data<index, i1>
        %1895 = "neura.data_mov"(%1894) : (!neura.data<index, i1>) -> !neura.data<index, i1>
        %1896 = "neura.data_mov"(%1891) : (!neura.data<index, i1>) -> !neura.data<index, i1>
        %1897 = "neura.load_indexed"(%1895, %1896) <{operandSegmentSizes = array<i32: 0, 2>}> {lhs_value = "%input2"} : (!neura.data<index, i1>, !neura.data<index, i1>) -> !neura.data<i32, i1>
        %1898 = "neura.data_mov"(%1888) : (!neura.data<index, i1>) -> !neura.data<index, i1>
        %1899 = "neura.data_mov"(%1894) : (!neura.data<index, i1>) -> !neura.data<index, i1>
        %1900 = "neura.load_indexed"(%1898, %1899) <{operandSegmentSizes = array<i32: 0, 2>}> {lhs_value = "%input1"} : (!neura.data<index, i1>, !neura.data<index, i1>) -> !neura.data<i32, i1>
        %1901 = "neura.data_mov"(%1900) : (!neura.data<i32, i1>) -> !neura.data<i32, i1>
        %1902 = "neura.data_mov"(%1897) : (!neura.data<i32, i1>) -> !neura.data<i32, i1>
        %1903 = "neura.add"(%1901, %1902) : (!neura.data<i32, i1>, !neura.data<i32, i1>) -> !neura.data<i32, i1>
        %1904 = "neura.data_mov"(%1903) : (!neura.data<i32, i1>) -> !neura.data<i32, i1>
        %1905 = "neura.data_mov"(%1888) : (!neura.data<index, i1>) -> !neura.data<index, i1>
        %1906 = "neura.data_mov"(%1894) : (!neura.data<index, i1>) -> !neura.data<index, i1>
        "neura.store_indexed"(%1904, %1905, %1906) <{operandSegmentSizes = array<i32: 1, 0, 2>}> {rhs_value = "%input1"} : (!neura.data<i32, i1>, !neura.data<index, i1>, !neura.data<index, i1>) -> ()
        "neura.yield"() <{operandSegmentSizes = array<i32: 0, 0>}> {yield_type = "void"} : () -> ()
      }) {dataflow_mode = "predicate"} : (i32, memref<?x256xi32>, memref<?x256xi32>, index) -> ()
      "taskflow.yield"(%arg297) <{operandSegmentSizes = array<i32: 0, 1, 0>}> : (memref<?x256xi32>) -> ()
    }) {amoeba.source_iteration_control_binding = "amoeba-source-iteration-domain-v1\0Adomain_witness_bytes=201:amoeba-source-iteration-domain-v1\0Acomplete=1\0Arepresented_multiplicity=25\0Ainternal_multiplicity=1\0Asource_multiplicity=25\0Aaxis_count=2\0Aaxis=T,0,0,5,1,5,0,-1,0,0\0Aaxis=T,1,0,5,1,5,0,-1,0,0\0Areason_bytes=0:\0A\0A\22func.func\22() <{function_type = (memref<?x256xi32>, memref<?x256xi32>, index, i32, memref<?x256xi32>) -> (), sym_name = \22__source_domain_binding__\22}> ({\0A^bb0(%arg0: memref<?x256xi32>, %arg1: memref<?x256xi32>, %arg2: index, %arg3: i32, %arg4: memref<?x256xi32>):\0A  %0 = \22taskflow.task\22(%arg0, %arg1, %arg1, %arg2, %arg3, %arg0, %arg4, %arg4) <{operandSegmentSizes = array<i32: 2, 1, 2, 2, 1>, resultSegmentSizes = array<i32: 0, 1, 0>, task_name = \22Task_1\22}> ({\0A  ^bb0(%arg5: memref<?x256xi32>, %arg6: memref<?x256xi32>, %arg7: memref<?x256xi32>, %arg8: index, %arg9: i32):\0A    %1 = \22arith.constant\22() <{value = 0 : index}> : () -> index\0A    %2 = \22arith.constant\22() <{value = 1 : index}> : () -> index\0A    %3 = \22taskflow.counter\22(%1, %arg8, %2) <{counter_dynamism = \22symbol_bound\22, counter_hierarchy = \22root\22, counter_id = 0 : i32}> : (index, index, index) -> index\0A    %4 = \22taskflow.counter\22(%3, %1, %arg8, %2) <{counter_dynamism = \22symbol_bound\22, counter_hierarchy = \22leaf\22, counter_id = 1 : i32}> : (index, index, index, index) -> index\0A    \22neura.kernel\22(%arg9, %arg7, %arg5, %arg8) <{accelerator = \22neura\22, operandSegmentSizes = array<i32: 4, 0>}> ({\0A    ^bb0(%arg10: !neura.data<i32, i1>, %arg11: !neura.data<memref<?x256xi32>, i1>, %arg12: !neura.data<memref<?x256xi32>, i1>, %arg13: !neura.data<index, i1>):\0A      %5 = \22neura.constant\22() <{value = \22%input1\22}> : () -> !neura.data<memref<?x256xi32>, i1>\0A      %6 = \22neura.constant\22() <{value = 1 : index}> : () -> !neura.data<index, i1>\0A      %7 = \22neura.counter\22() <{counter_dynamism = \22symbol_bound\22, counter_hierarchy = \22root\22, counter_id = 0 : i32, operandSegmentSizes = array<i32: 0, 0, 0>}> {lower_bound_value = 0 : index, step_value = 1 : index, upper_bound_value = \22%input3\22} : () -> !neura.data<index, i1>\0A      %8 = \22neura.counter\22() <{counter_dynamism = \22symbol_bound\22, counter_hierarchy = \22leaf\22, counter_id = 1 : i32, operandSegmentSizes = array<i32: 0, 0, 0>}> {lower_bound_value = 0 : index, step_value = 1 : index, upper_bound_value = \22%input3\22} : () -> !neura.data<index, i1>\0A      %9 = \22neura.data_mov\22(%8) : (!neura.data<index, i1>) -> !neura.data<index, i1>\0A      %10 = \22neura.icmp\22(%9) <{cmpType = \22eq\22}> {rhs_value = 0 : index} : (!neura.data<index, i1>) -> !neura.data<i1, i1>\0A      %11 = \22neura.data_mov\22(%5) : (!neura.data<memref<?x256xi32>, i1>) -> !neura.data<memref<?x256xi32>, i1>\0A      %12 = \22neura.data_mov\22(%10) : (!neura.data<i1, i1>) -> !neura.data<i1, i1>\0A      %13 = \22neura.grant_predicate\22(%11, %12) : (!neura.data<memref<?x256xi32>, i1>, !neura.data<i1, i1>) -> !neura.data<memref<?x256xi32>, i1>\0A      %14 = \22neura.data_mov\22(%6) : (!neura.data<index, i1>) -> !neura.data<index, i1>\0A      %15 = \22neura.data_mov\22(%10) : (!neura.data<i1, i1>) -> !neura.data<i1, i1>\0A      %16 = \22neura.grant_predicate\22(%14, %15) : (!neura.data<index, i1>, !neura.data<i1, i1>) -> !neura.data<index, i1>\0A      %17 = \22neura.data_mov\22(%7) : (!neura.data<index, i1>) -> !neura.data<index, i1>\0A      %18 = \22neura.data_mov\22(%10) : (!neura.data<i1, i1>) -> !neura.data<i1, i1>\0A      %19 = \22neura.grant_predicate\22(%17, %18) : (!neura.data<index, i1>, !neura.data<i1, i1>) -> !neura.data<index, i1>\0A      %20 = \22neura.data_mov\22(%8) : (!neura.data<index, i1>) -> !neura.data<index, i1>\0A      %21 = \22neura.data_mov\22(%10) : (!neura.data<i1, i1>) -> !neura.data<i1, i1>\0A      %22 = \22neura.grant_predicate\22(%20, %21) : (!neura.data<index, i1>, !neura.data<i1, i1>) -> !neura.data<index, i1>\0A      %23 = \22neura.data_mov\22(%10) : (!neura.data<i1, i1>) -> !neura.data<i1, i1>\0A      %24 = \22neura.not\22(%23) : (!neura.data<i1, i1>) -> !neura.data<i1, i1>\0A      %25 = \22neura.data_mov\22(%7) : (!neura.data<index, i1>) -> !neura.data<index, i1>\0A      %26 = \22neura.data_mov\22(%24) : (!neura.data<i1, i1>) -> !neura.data<i1, i1>\0A      %27 = \22neura.grant_predicate\22(%25, %26) : (!neura.data<index, i1>, !neura.data<i1, i1>) -> !neura.data<index, i1>\0A      %28 = \22neura.data_mov\22(%8) : (!neura.data<index, i1>) -> !neura.data<index, i1>\0A      %29 = \22neura.data_mov\22(%24) : (!neura.data<i1, i1>) -> !neura.data<i1, i1>\0A      %30 = \22neura.grant_predicate\22(%28, %29) : (!neura.data<index, i1>, !neura.data<i1, i1>) -> !neura.data<index, i1>\0A      %31 = \22neura.data_mov\22(%6) : (!neura.data<index, i1>) -> !neura.data<index, i1>\0A      %32 = \22neura.data_mov\22(%24) : (!neura.data<i1, i1>) -> !neura.data<i1, i1>\0A      %33 = \22neura.grant_predicate\22(%31, %32) : (!neura.data<index, i1>, !neura.data<i1, i1>) -> !neura.data<index, i1>\0A      %34 = \22neura.data_mov\22(%13) : (!neura.data<memref<?x256xi32>, i1>) -> !neura.data<memref<?x256xi32>, i1>\0A      %35 = \22neura.data_mov\22(%16) : (!neura.data<index, i1>) -> !neura.data<index, i1>\0A      %36 = \22neura.data_mov\22(%19) : (!neura.data<index, i1>) -> !neura.data<index, i1>\0A      \22neura.store_indexed\22(%34, %35, %36) <{operandSegmentSizes = array<i32: 0, 1, 2>}> {lhs_value = \22%input0\22} : (!neura.data<memref<?x256xi32>, i1>, !neura.data<index, i1>, !neura.data<index, i1>) -> ()\0A      %37 = \22neura.data_mov\22(%33) : (!neura.data<index, i1>) -> !neura.data<index, i1>\0A      %38 = \22neura.data_mov\22(%16) : (!neura.data<index, i1>) -> !neura.data<index, i1>\0A      %39 = \22neura.phi\22(%37, %38) : (!neura.data<index, i1>, !neura.data<index, i1>) -> !neura.data<index, i1>\0A      %40 = \22neura.data_mov\22(%30) : (!neura.data<index, i1>) -> !neura.data<index, i1>\0A      %41 = \22neura.data_mov\22(%22) : (!neura.data<index, i1>) -> !neura.data<index, i1>\0A      %42 = \22neura.phi\22(%40, %41) : (!neura.data<index, i1>, !neura.data<index, i1>) -> !neura.data<index, i1>\0A      %43 = \22neura.data_mov\22(%27) : (!neura.data<index, i1>) -> !neura.data<index, i1>\0A      %44 = \22neura.data_mov\22(%19) : (!neura.data<index, i1>) -> !neura.data<index, i1>\0A      %45 = \22neura.phi\22(%43, %44) : (!neura.data<index, i1>, !neura.data<index, i1>) -> !neura.data<index, i1>\0A      %46 = \22neura.data_mov\22(%45) : (!neura.data<index, i1>) -> !neura.data<index, i1>\0A      %47 = \22neura.data_mov\22(%42) : (!neura.data<index, i1>) -> !neura.data<index, i1>\0A      %48 = \22neura.load_indexed\22(%46, %47) <{operandSegmentSizes = array<i32: 0, 2>}> {lhs_value = \22%input2\22} : (!neura.data<index, i1>, !neura.data<index, i1>) -> !neura.data<i32, i1>\0A      %49 = \22neura.data_mov\22(%39) : (!neura.data<index, i1>) -> !neura.data<index, i1>\0A      %50 = \22neura.data_mov\22(%45) : (!neura.data<index, i1>) -> !neura.data<index, i1>\0A      %51 = \22neura.load_indexed\22(%49, %50) <{operandSegmentSizes = array<i32: 0, 2>}> {lhs_value = \22%input1\22} : (!neura.data<index, i1>, !neura.data<index, i1>) -> !neura.data<i32, i1>\0A      %52 = \22neura.data_mov\22(%51) : (!neura.data<i32, i1>) -> !neura.data<i32, i1>\0A      %53 = \22neura.data_mov\22(%48) : (!neura.data<i32, i1>) -> !neura.data<i32, i1>\0A      %54 = \22neura.add\22(%52, %53) : (!neura.data<i32, i1>, !neura.data<i32, i1>) -> !neura.data<i32, i1>\0A      %55 = \22neura.data_mov\22(%54) : (!neura.data<i32, i1>) -> !neura.data<i32, i1>\0A      %56 = \22neura.data_mov\22(%39) : (!neura.data<index, i1>) -> !neura.data<index, i1>\0A      %57 = \22neura.data_mov\22(%45) : (!neura.data<index, i1>) -> !neura.data<index, i1>\0A      \22neura.store_indexed\22(%55, %56, %57) <{operandSegmentSizes = array<i32: 1, 0, 2>}> {rhs_value = \22%input1\22} : (!neura.data<i32, i1>, !neura.data<index, i1>, !neura.data<index, i1>) -> ()\0A      \22neura.yield\22() <{operandSegmentSizes = array<i32: 0, 0>}> {yield_type = \22void\22} : () -> ()\0A    }) {dataflow_mode = \22predicate\22} : (i32, memref<?x256xi32>, memref<?x256xi32>, index) -> ()\0A    \22taskflow.yield\22(%arg7) <{operandSegmentSizes = array<i32: 0, 1, 0>}> : (memref<?x256xi32>) -> ()\0A  }) {dlp_replicable = true, runtime_managable = true} : (memref<?x256xi32>, memref<?x256xi32>, memref<?x256xi32>, index, i32, memref<?x256xi32>, memref<?x256xi32>, memref<?x256xi32>) -> memref<?x256xi32>\0A  \22func.return\22() : () -> ()\0A}) : () -> ()", amoeba.source_iteration_domain = {axes = [{carried_values = 0 : i64, expanded_inside_mapper_firing = false, extent = 5 : i64, kind = "taskflow-counter", lower = 0 : i64, ordinal = 0 : i64, parent_counter_ordinal = -1 : i64, result_uses = 0 : i64, step = 1 : i64, upper = 5 : i64}, {carried_values = 0 : i64, expanded_inside_mapper_firing = false, extent = 5 : i64, kind = "taskflow-counter", lower = 0 : i64, ordinal = 1 : i64, parent_counter_ordinal = -1 : i64, result_uses = 0 : i64, step = 1 : i64, upper = 5 : i64}], canonical_witness = "amoeba-source-iteration-domain-v1\0Acomplete=1\0Arepresented_multiplicity=25\0Ainternal_multiplicity=1\0Asource_multiplicity=25\0Aaxis_count=2\0Aaxis=T,0,0,5,1,5,0,-1,0,0\0Aaxis=T,1,0,5,1,5,0,-1,0,0\0Areason_bytes=0:\0A", complete = true, internal_multiplicity = 1 : i64, represented_multiplicity = 25 : i64, schema = "amoeba-source-iteration-domain-v1", source_multiplicity = 25 : i64}, amoeba.source_iteration_source_control_binding = "amoeba-source-iteration-domain-v1\0Adomain_witness_bytes=201:amoeba-source-iteration-domain-v1\0Acomplete=1\0Arepresented_multiplicity=25\0Ainternal_multiplicity=1\0Asource_multiplicity=25\0Aaxis_count=2\0Aaxis=T,0,0,5,1,5,0,-1,0,0\0Aaxis=T,1,0,5,1,5,0,-1,0,0\0Areason_bytes=0:\0A\0A\22func.func\22() <{function_type = (memref<?x256xi32>, memref<?x256xi32>, index, i32, memref<?x256xi32>) -> (), sym_name = \22__source_domain_binding__\22}> ({\0A^bb0(%arg0: memref<?x256xi32>, %arg1: memref<?x256xi32>, %arg2: index, %arg3: i32, %arg4: memref<?x256xi32>):\0A  %0 = \22taskflow.task\22(%arg0, %arg1, %arg1, %arg2, %arg3, %arg0, %arg4, %arg4) <{operandSegmentSizes = array<i32: 2, 1, 2, 2, 1>, resultSegmentSizes = array<i32: 0, 1, 0>, task_name = \22Task_1\22}> ({\0A  ^bb0(%arg5: memref<?x256xi32>, %arg6: memref<?x256xi32>, %arg7: memref<?x256xi32>, %arg8: index, %arg9: i32):\0A    %1 = \22arith.constant\22() <{value = 0 : index}> : () -> index\0A    %2 = \22arith.constant\22() <{value = 1 : index}> : () -> index\0A    %3 = \22taskflow.counter\22(%1, %arg8, %2) <{counter_dynamism = \22symbol_bound\22, counter_hierarchy = \22root\22, counter_id = 0 : i32}> : (index, index, index) -> index\0A    %4 = \22taskflow.counter\22(%3, %1, %arg8, %2) <{counter_dynamism = \22symbol_bound\22, counter_hierarchy = \22leaf\22, counter_id = 1 : i32}> : (index, index, index, index) -> index\0A    \22neura.kernel\22(%arg9, %arg7, %arg5, %arg8) <{accelerator = \22neura\22, operandSegmentSizes = array<i32: 4, 0>}> ({\0A    ^bb0(%arg10: !neura.data<i32, i1>, %arg11: !neura.data<memref<?x256xi32>, i1>, %arg12: !neura.data<memref<?x256xi32>, i1>, %arg13: !neura.data<index, i1>):\0A      %5 = \22neura.constant\22() <{value = \22%input1\22}> : () -> !neura.data<memref<?x256xi32>, i1>\0A      %6 = \22neura.constant\22() <{value = 1 : index}> : () -> !neura.data<index, i1>\0A      %7 = \22neura.counter\22() <{counter_dynamism = \22symbol_bound\22, counter_hierarchy = \22root\22, counter_id = 0 : i32, operandSegmentSizes = array<i32: 0, 0, 0>}> {lower_bound_value = 0 : index, step_value = 1 : index, upper_bound_value = \22%input3\22} : () -> !neura.data<index, i1>\0A      %8 = \22neura.counter\22() <{counter_dynamism = \22symbol_bound\22, counter_hierarchy = \22leaf\22, counter_id = 1 : i32, operandSegmentSizes = array<i32: 0, 0, 0>}> {lower_bound_value = 0 : index, step_value = 1 : index, upper_bound_value = \22%input3\22} : () -> !neura.data<index, i1>\0A      %9 = \22neura.data_mov\22(%8) : (!neura.data<index, i1>) -> !neura.data<index, i1>\0A      %10 = \22neura.icmp\22(%9) <{cmpType = \22eq\22}> {rhs_value = 0 : index} : (!neura.data<index, i1>) -> !neura.data<i1, i1>\0A      %11 = \22neura.data_mov\22(%5) : (!neura.data<memref<?x256xi32>, i1>) -> !neura.data<memref<?x256xi32>, i1>\0A      %12 = \22neura.data_mov\22(%10) : (!neura.data<i1, i1>) -> !neura.data<i1, i1>\0A      %13 = \22neura.grant_predicate\22(%11, %12) : (!neura.data<memref<?x256xi32>, i1>, !neura.data<i1, i1>) -> !neura.data<memref<?x256xi32>, i1>\0A      %14 = \22neura.data_mov\22(%6) : (!neura.data<index, i1>) -> !neura.data<index, i1>\0A      %15 = \22neura.data_mov\22(%10) : (!neura.data<i1, i1>) -> !neura.data<i1, i1>\0A      %16 = \22neura.grant_predicate\22(%14, %15) : (!neura.data<index, i1>, !neura.data<i1, i1>) -> !neura.data<index, i1>\0A      %17 = \22neura.data_mov\22(%7) : (!neura.data<index, i1>) -> !neura.data<index, i1>\0A      %18 = \22neura.data_mov\22(%10) : (!neura.data<i1, i1>) -> !neura.data<i1, i1>\0A      %19 = \22neura.grant_predicate\22(%17, %18) : (!neura.data<index, i1>, !neura.data<i1, i1>) -> !neura.data<index, i1>\0A      %20 = \22neura.data_mov\22(%8) : (!neura.data<index, i1>) -> !neura.data<index, i1>\0A      %21 = \22neura.data_mov\22(%10) : (!neura.data<i1, i1>) -> !neura.data<i1, i1>\0A      %22 = \22neura.grant_predicate\22(%20, %21) : (!neura.data<index, i1>, !neura.data<i1, i1>) -> !neura.data<index, i1>\0A      %23 = \22neura.data_mov\22(%10) : (!neura.data<i1, i1>) -> !neura.data<i1, i1>\0A      %24 = \22neura.not\22(%23) : (!neura.data<i1, i1>) -> !neura.data<i1, i1>\0A      %25 = \22neura.data_mov\22(%7) : (!neura.data<index, i1>) -> !neura.data<index, i1>\0A      %26 = \22neura.data_mov\22(%24) : (!neura.data<i1, i1>) -> !neura.data<i1, i1>\0A      %27 = \22neura.grant_predicate\22(%25, %26) : (!neura.data<index, i1>, !neura.data<i1, i1>) -> !neura.data<index, i1>\0A      %28 = \22neura.data_mov\22(%8) : (!neura.data<index, i1>) -> !neura.data<index, i1>\0A      %29 = \22neura.data_mov\22(%24) : (!neura.data<i1, i1>) -> !neura.data<i1, i1>\0A      %30 = \22neura.grant_predicate\22(%28, %29) : (!neura.data<index, i1>, !neura.data<i1, i1>) -> !neura.data<index, i1>\0A      %31 = \22neura.data_mov\22(%6) : (!neura.data<index, i1>) -> !neura.data<index, i1>\0A      %32 = \22neura.data_mov\22(%24) : (!neura.data<i1, i1>) -> !neura.data<i1, i1>\0A      %33 = \22neura.grant_predicate\22(%31, %32) : (!neura.data<index, i1>, !neura.data<i1, i1>) -> !neura.data<index, i1>\0A      %34 = \22neura.data_mov\22(%13) : (!neura.data<memref<?x256xi32>, i1>) -> !neura.data<memref<?x256xi32>, i1>\0A      %35 = \22neura.data_mov\22(%16) : (!neura.data<index, i1>) -> !neura.data<index, i1>\0A      %36 = \22neura.data_mov\22(%19) : (!neura.data<index, i1>) -> !neura.data<index, i1>\0A      \22neura.store_indexed\22(%34, %35, %36) <{operandSegmentSizes = array<i32: 0, 1, 2>}> {lhs_value = \22%input0\22} : (!neura.data<memref<?x256xi32>, i1>, !neura.data<index, i1>, !neura.data<index, i1>) -> ()\0A      %37 = \22neura.data_mov\22(%33) : (!neura.data<index, i1>) -> !neura.data<index, i1>\0A      %38 = \22neura.data_mov\22(%16) : (!neura.data<index, i1>) -> !neura.data<index, i1>\0A      %39 = \22neura.phi\22(%37, %38) : (!neura.data<index, i1>, !neura.data<index, i1>) -> !neura.data<index, i1>\0A      %40 = \22neura.data_mov\22(%30) : (!neura.data<index, i1>) -> !neura.data<index, i1>\0A      %41 = \22neura.data_mov\22(%22) : (!neura.data<index, i1>) -> !neura.data<index, i1>\0A      %42 = \22neura.phi\22(%40, %41) : (!neura.data<index, i1>, !neura.data<index, i1>) -> !neura.data<index, i1>\0A      %43 = \22neura.data_mov\22(%27) : (!neura.data<index, i1>) -> !neura.data<index, i1>\0A      %44 = \22neura.data_mov\22(%19) : (!neura.data<index, i1>) -> !neura.data<index, i1>\0A      %45 = \22neura.phi\22(%43, %44) : (!neura.data<index, i1>, !neura.data<index, i1>) -> !neura.data<index, i1>\0A      %46 = \22neura.data_mov\22(%45) : (!neura.data<index, i1>) -> !neura.data<index, i1>\0A      %47 = \22neura.data_mov\22(%42) : (!neura.data<index, i1>) -> !neura.data<index, i1>\0A      %48 = \22neura.load_indexed\22(%46, %47) <{operandSegmentSizes = array<i32: 0, 2>}> {lhs_value = \22%input2\22} : (!neura.data<index, i1>, !neura.data<index, i1>) -> !neura.data<i32, i1>\0A      %49 = \22neura.data_mov\22(%39) : (!neura.data<index, i1>) -> !neura.data<index, i1>\0A      %50 = \22neura.data_mov\22(%45) : (!neura.data<index, i1>) -> !neura.data<index, i1>\0A      %51 = \22neura.load_indexed\22(%49, %50) <{operandSegmentSizes = array<i32: 0, 2>}> {lhs_value = \22%input1\22} : (!neura.data<index, i1>, !neura.data<index, i1>) -> !neura.data<i32, i1>\0A      %52 = \22neura.data_mov\22(%51) : (!neura.data<i32, i1>) -> !neura.data<i32, i1>\0A      %53 = \22neura.data_mov\22(%48) : (!neura.data<i32, i1>) -> !neura.data<i32, i1>\0A      %54 = \22neura.add\22(%52, %53) : (!neura.data<i32, i1>, !neura.data<i32, i1>) -> !neura.data<i32, i1>\0A      %55 = \22neura.data_mov\22(%54) : (!neura.data<i32, i1>) -> !neura.data<i32, i1>\0A      %56 = \22neura.data_mov\22(%39) : (!neura.data<index, i1>) -> !neura.data<index, i1>\0A      %57 = \22neura.data_mov\22(%45) : (!neura.data<index, i1>) -> !neura.data<index, i1>\0A      \22neura.store_indexed\22(%55, %56, %57) <{operandSegmentSizes = array<i32: 1, 0, 2>}> {rhs_value = \22%input1\22} : (!neura.data<i32, i1>, !neura.data<index, i1>, !neura.data<index, i1>) -> ()\0A      \22neura.yield\22() <{operandSegmentSizes = array<i32: 0, 0>}> {yield_type = \22void\22} : () -> ()\0A    }) {dataflow_mode = \22predicate\22} : (i32, memref<?x256xi32>, memref<?x256xi32>, index) -> ()\0A    \22taskflow.yield\22(%arg7) <{operandSegmentSizes = array<i32: 0, 1, 0>}> : (memref<?x256xi32>) -> ()\0A  }) {dlp_replicable = true, runtime_managable = true} : (memref<?x256xi32>, memref<?x256xi32>, memref<?x256xi32>, index, i32, memref<?x256xi32>, memref<?x256xi32>, memref<?x256xi32>) -> memref<?x256xi32>\0A  \22func.return\22() : () -> ()\0A}) : () -> ()", dlp_replicable = true, runtime_managable = true} : (memref<?x256xi32>, memref<?x256xi32>, memref<?x256xi32>, index, i32, memref<?x256xi32>, memref<?x256xi32>, memref<?x256xi32>) -> memref<?x256xi32>
    %7 = "taskflow.task"(%arg3, %6, %6, %4, %2, %arg3, %arg9, %arg9) <{operandSegmentSizes = array<i32: 2, 1, 2, 2, 1>, resultSegmentSizes = array<i32: 0, 1, 0>, task_name = "Task_2"}> ({
    ^bb0(%arg286: memref<?x256xi32>, %arg287: memref<?x256xi32>, %arg288: memref<?x256xi32>, %arg289: index, %arg290: i32):
      %1793 = "arith.constant"() <{value = 0 : index}> : () -> index
      %1794 = "arith.constant"() <{value = 1 : index}> : () -> index
      %1795 = "taskflow.counter"(%1793, %arg289, %1794) <{counter_dynamism = "symbol_bound", counter_hierarchy = "root", counter_id = 0 : i32}> : (index, index, index) -> index
      %1796 = "taskflow.counter"(%1795, %1793, %arg289, %1794) <{counter_dynamism = "symbol_bound", counter_hierarchy = "leaf", counter_id = 1 : i32}> : (index, index, index, index) -> index
      "neura.kernel"(%arg290, %arg288, %arg286, %arg289) <{accelerator = "neura", operandSegmentSizes = array<i32: 4, 0>}> ({
      ^bb0(%arg291: !neura.data<i32, i1>, %arg292: !neura.data<memref<?x256xi32>, i1>, %arg293: !neura.data<memref<?x256xi32>, i1>, %arg294: !neura.data<index, i1>):
        %1797 = "neura.constant"() <{value = "%input1"}> : () -> !neura.data<memref<?x256xi32>, i1>
        %1798 = "neura.constant"() <{value = 2 : index}> : () -> !neura.data<index, i1>
        %1799 = "neura.counter"() <{counter_dynamism = "symbol_bound", counter_hierarchy = "root", counter_id = 0 : i32, operandSegmentSizes = array<i32: 0, 0, 0>}> {lower_bound_value = 0 : index, step_value = 1 : index, upper_bound_value = "%input3"} : () -> !neura.data<index, i1>
        %1800 = "neura.counter"() <{counter_dynamism = "symbol_bound", counter_hierarchy = "leaf", counter_id = 1 : i32, operandSegmentSizes = array<i32: 0, 0, 0>}> {lower_bound_value = 0 : index, step_value = 1 : index, upper_bound_value = "%input3"} : () -> !neura.data<index, i1>
        %1801 = "neura.data_mov"(%1800) : (!neura.data<index, i1>) -> !neura.data<index, i1>
        %1802 = "neura.icmp"(%1801) <{cmpType = "eq"}> {rhs_value = 0 : index} : (!neura.data<index, i1>) -> !neura.data<i1, i1>
        %1803 = "neura.data_mov"(%1797) : (!neura.data<memref<?x256xi32>, i1>) -> !neura.data<memref<?x256xi32>, i1>
        %1804 = "neura.data_mov"(%1802) : (!neura.data<i1, i1>) -> !neura.data<i1, i1>
        %1805 = "neura.grant_predicate"(%1803, %1804) : (!neura.data<memref<?x256xi32>, i1>, !neura.data<i1, i1>) -> !neura.data<memref<?x256xi32>, i1>
        %1806 = "neura.data_mov"(%1798) : (!neura.data<index, i1>) -> !neura.data<index, i1>
        %1807 = "neura.data_mov"(%1802) : (!neura.data<i1, i1>) -> !neura.data<i1, i1>
        %1808 = "neura.grant_predicate"(%1806, %1807) : (!neura.data<index, i1>, !neura.data<i1, i1>) -> !neura.data<index, i1>
        %1809 = "neura.data_mov"(%1799) : (!neura.data<index, i1>) -> !neura.data<index, i1>
        %1810 = "neura.data_mov"(%1802) : (!neura.data<i1, i1>) -> !neura.data<i1, i1>
        %1811 = "neura.grant_predicate"(%1809, %1810) : (!neura.data<index, i1>, !neura.data<i1, i1>) -> !neura.data<index, i1>
        %1812 = "neura.data_mov"(%1800) : (!neura.data<index, i1>) -> !neura.data<index, i1>
        %1813 = "neura.data_mov"(%1802) : (!neura.data<i1, i1>) -> !neura.data<i1, i1>
        %1814 = "neura.grant_predicate"(%1812, %1813) : (!neura.data<index, i1>, !neura.data<i1, i1>) -> !neura.data<index, i1>
        %1815 = "neura.data_mov"(%1802) : (!neura.data<i1, i1>) -> !neura.data<i1, i1>
        %1816 = "neura.not"(%1815) : (!neura.data<i1, i1>) -> !neura.data<i1, i1>
        %1817 = "neura.data_mov"(%1799) : (!neura.data<index, i1>) -> !neura.data<index, i1>
        %1818 = "neura.data_mov"(%1816) : (!neura.data<i1, i1>) -> !neura.data<i1, i1>
        %1819 = "neura.grant_predicate"(%1817, %1818) : (!neura.data<index, i1>, !neura.data<i1, i1>) -> !neura.data<index, i1>
        %1820 = "neura.data_mov"(%1800) : (!neura.data<index, i1>) -> !neura.data<index, i1>
        %1821 = "neura.data_mov"(%1816) : (!neura.data<i1, i1>) -> !neura.data<i1, i1>
        %1822 = "neura.grant_predicate"(%1820, %1821) : (!neura.data<index, i1>, !neura.data<i1, i1>) -> !neura.data<index, i1>
        %1823 = "neura.data_mov"(%1798) : (!neura.data<index, i1>) -> !neura.data<index, i1>
        %1824 = "neura.data_mov"(%1816) : (!neura.data<i1, i1>) -> !neura.data<i1, i1>
        %1825 = "neura.grant_predicate"(%1823, %1824) : (!neura.data<index, i1>, !neura.data<i1, i1>) -> !neura.data<index, i1>
        %1826 = "neura.data_mov"(%1805) : (!neura.data<memref<?x256xi32>, i1>) -> !neura.data<memref<?x256xi32>, i1>
        %1827 = "neura.data_mov"(%1808) : (!neura.data<index, i1>) -> !neura.data<index, i1>
        %1828 = "neura.data_mov"(%1811) : (!neura.data<index, i1>) -> !neura.data<index, i1>
        "neura.store_indexed"(%1826, %1827, %1828) <{operandSegmentSizes = array<i32: 0, 1, 2>}> {lhs_value = "%input0"} : (!neura.data<memref<?x256xi32>, i1>, !neura.data<index, i1>, !neura.data<index, i1>) -> ()
        %1829 = "neura.data_mov"(%1825) : (!neura.data<index, i1>) -> !neura.data<index, i1>
        %1830 = "neura.data_mov"(%1808) : (!neura.data<index, i1>) -> !neura.data<index, i1>
        %1831 = "neura.phi"(%1829, %1830) : (!neura.data<index, i1>, !neura.data<index, i1>) -> !neura.data<index, i1>
        %1832 = "neura.data_mov"(%1822) : (!neura.data<index, i1>) -> !neura.data<index, i1>
        %1833 = "neura.data_mov"(%1814) : (!neura.data<index, i1>) -> !neura.data<index, i1>
        %1834 = "neura.phi"(%1832, %1833) : (!neura.data<index, i1>, !neura.data<index, i1>) -> !neura.data<index, i1>
        %1835 = "neura.data_mov"(%1819) : (!neura.data<index, i1>) -> !neura.data<index, i1>
        %1836 = "neura.data_mov"(%1811) : (!neura.data<index, i1>) -> !neura.data<index, i1>
        %1837 = "neura.phi"(%1835, %1836) : (!neura.data<index, i1>, !neura.data<index, i1>) -> !neura.data<index, i1>
        %1838 = "neura.data_mov"(%1837) : (!neura.data<index, i1>) -> !neura.data<index, i1>
        %1839 = "neura.data_mov"(%1834) : (!neura.data<index, i1>) -> !neura.data<index, i1>
        %1840 = "neura.load_indexed"(%1838, %1839) <{operandSegmentSizes = array<i32: 0, 2>}> {lhs_value = "%input2"} : (!neura.data<index, i1>, !neura.data<index, i1>) -> !neura.data<i32, i1>
        %1841 = "neura.data_mov"(%1831) : (!neura.data<index, i1>) -> !neura.data<index, i1>
        %1842 = "neura.data_mov"(%1837) : (!neura.data<index, i1>) -> !neura.data<index, i1>
        %1843 = "neura.load_indexed"(%1841, %1842) <{operandSegmentSizes = array<i32: 0, 2>}> {lhs_value = "%input1"} : (!neura.data<index, i1>, !neura.data<index, i1>) -> !neura.data<i32, i1>
        %1844 = "neura.data_mov"(%1843) : (!neura.data<i32, i1>) -> !neura.data<i32, i1>
        %1845 = "neura.data_mov"(%1840) : (!neura.data<i32, i1>) -> !neura.data<i32, i1>
        %1846 = "neura.add"(%1844, %1845) : (!neura.data<i32, i1>, !neura.data<i32, i1>) -> !neura.data<i32, i1>
        %1847 = "neura.data_mov"(%1846) : (!neura.data<i32, i1>) -> !neura.data<i32, i1>
        %1848 = "neura.data_mov"(%1831) : (!neura.data<index, i1>) -> !neura.data<index, i1>
        %1849 = "neura.data_mov"(%1837) : (!neura.data<index, i1>) -> !neura.data<index, i1>
        "neura.store_indexed"(%1847, %1848, %1849) <{operandSegmentSizes = array<i32: 1, 0, 2>}> {rhs_value = "%input1"} : (!neura.data<i32, i1>, !neura.data<index, i1>, !neura.data<index, i1>) -> ()
        "neura.yield"() <{operandSegmentSizes = array<i32: 0, 0>}> {yield_type = "void"} : () -> ()
      }) {dataflow_mode = "predicate"} : (i32, memref<?x256xi32>, memref<?x256xi32>, index) -> ()
      "taskflow.yield"(%arg288) <{operandSegmentSizes = array<i32: 0, 1, 0>}> : (memref<?x256xi32>) -> ()
    }) {amoeba.source_iteration_control_binding = "amoeba-source-iteration-domain-v1\0Adomain_witness_bytes=201:amoeba-source-iteration-domain-v1\0Acomplete=1\0Arepresented_multiplicity=25\0Ainternal_multiplicity=1\0Asource_multiplicity=25\0Aaxis_count=2\0Aaxis=T,0,0,5,1,5,0,-1,0,0\0Aaxis=T,1,0,5,1,5,0,-1,0,0\0Areason_bytes=0:\0A\0A\22func.func\22() <{function_type = (memref<?x256xi32>, memref<?x256xi32>, index, i32, memref<?x256xi32>) -> (), sym_name = \22__source_domain_binding__\22}> ({\0A^bb0(%arg0: memref<?x256xi32>, %arg1: memref<?x256xi32>, %arg2: index, %arg3: i32, %arg4: memref<?x256xi32>):\0A  %0 = \22taskflow.task\22(%arg0, %arg1, %arg1, %arg2, %arg3, %arg0, %arg4, %arg4) <{operandSegmentSizes = array<i32: 2, 1, 2, 2, 1>, resultSegmentSizes = array<i32: 0, 1, 0>, task_name = \22Task_2\22}> ({\0A  ^bb0(%arg5: memref<?x256xi32>, %arg6: memref<?x256xi32>, %arg7: memref<?x256xi32>, %arg8: index, %arg9: i32):\0A    %1 = \22arith.constant\22() <{value = 0 : index}> : () -> index\0A    %2 = \22arith.constant\22() <{value = 1 : index}> : () -> index\0A    %3 = \22taskflow.counter\22(%1, %arg8, %2) <{counter_dynamism = \22symbol_bound\22, counter_hierarchy = \22root\22, counter_id = 0 : i32}> : (index, index, index) -> index\0A    %4 = \22taskflow.counter\22(%3, %1, %arg8, %2) <{counter_dynamism = \22symbol_bound\22, counter_hierarchy = \22leaf\22, counter_id = 1 : i32}> : (index, index, index, index) -> index\0A    \22neura.kernel\22(%arg9, %arg7, %arg5, %arg8) <{accelerator = \22neura\22, operandSegmentSizes = array<i32: 4, 0>}> ({\0A    ^bb0(%arg10: !neura.data<i32, i1>, %arg11: !neura.data<memref<?x256xi32>, i1>, %arg12: !neura.data<memref<?x256xi32>, i1>, %arg13: !neura.data<index, i1>):\0A      %5 = \22neura.constant\22() <{value = \22%input1\22}> : () -> !neura.data<memref<?x256xi32>, i1>\0A      %6 = \22neura.constant\22() <{value = 2 : index}> : () -> !neura.data<index, i1>\0A      %7 = \22neura.counter\22() <{counter_dynamism = \22symbol_bound\22, counter_hierarchy = \22root\22, counter_id = 0 : i32, operandSegmentSizes = array<i32: 0, 0, 0>}> {lower_bound_value = 0 : index, step_value = 1 : index, upper_bound_value = \22%input3\22} : () -> !neura.data<index, i1>\0A      %8 = \22neura.counter\22() <{counter_dynamism = \22symbol_bound\22, counter_hierarchy = \22leaf\22, counter_id = 1 : i32, operandSegmentSizes = array<i32: 0, 0, 0>}> {lower_bound_value = 0 : index, step_value = 1 : index, upper_bound_value = \22%input3\22} : () -> !neura.data<index, i1>\0A      %9 = \22neura.data_mov\22(%8) : (!neura.data<index, i1>) -> !neura.data<index, i1>\0A      %10 = \22neura.icmp\22(%9) <{cmpType = \22eq\22}> {rhs_value = 0 : index} : (!neura.data<index, i1>) -> !neura.data<i1, i1>\0A      %11 = \22neura.data_mov\22(%5) : (!neura.data<memref<?x256xi32>, i1>) -> !neura.data<memref<?x256xi32>, i1>\0A      %12 = \22neura.data_mov\22(%10) : (!neura.data<i1, i1>) -> !neura.data<i1, i1>\0A      %13 = \22neura.grant_predicate\22(%11, %12) : (!neura.data<memref<?x256xi32>, i1>, !neura.data<i1, i1>) -> !neura.data<memref<?x256xi32>, i1>\0A      %14 = \22neura.data_mov\22(%6) : (!neura.data<index, i1>) -> !neura.data<index, i1>\0A      %15 = \22neura.data_mov\22(%10) : (!neura.data<i1, i1>) -> !neura.data<i1, i1>\0A      %16 = \22neura.grant_predicate\22(%14, %15) : (!neura.data<index, i1>, !neura.data<i1, i1>) -> !neura.data<index, i1>\0A      %17 = \22neura.data_mov\22(%7) : (!neura.data<index, i1>) -> !neura.data<index, i1>\0A      %18 = \22neura.data_mov\22(%10) : (!neura.data<i1, i1>) -> !neura.data<i1, i1>\0A      %19 = \22neura.grant_predicate\22(%17, %18) : (!neura.data<index, i1>, !neura.data<i1, i1>) -> !neura.data<index, i1>\0A      %20 = \22neura.data_mov\22(%8) : (!neura.data<index, i1>) -> !neura.data<index, i1>\0A      %21 = \22neura.data_mov\22(%10) : (!neura.data<i1, i1>) -> !neura.data<i1, i1>\0A      %22 = \22neura.grant_predicate\22(%20, %21) : (!neura.data<index, i1>, !neura.data<i1, i1>) -> !neura.data<index, i1>\0A      %23 = \22neura.data_mov\22(%10) : (!neura.data<i1, i1>) -> !neura.data<i1, i1>\0A      %24 = \22neura.not\22(%23) : (!neura.data<i1, i1>) -> !neura.data<i1, i1>\0A      %25 = \22neura.data_mov\22(%7) : (!neura.data<index, i1>) -> !neura.data<index, i1>\0A      %26 = \22neura.data_mov\22(%24) : (!neura.data<i1, i1>) -> !neura.data<i1, i1>\0A      %27 = \22neura.grant_predicate\22(%25, %26) : (!neura.data<index, i1>, !neura.data<i1, i1>) -> !neura.data<index, i1>\0A      %28 = \22neura.data_mov\22(%8) : (!neura.data<index, i1>) -> !neura.data<index, i1>\0A      %29 = \22neura.data_mov\22(%24) : (!neura.data<i1, i1>) -> !neura.data<i1, i1>\0A      %30 = \22neura.grant_predicate\22(%28, %29) : (!neura.data<index, i1>, !neura.data<i1, i1>) -> !neura.data<index, i1>\0A      %31 = \22neura.data_mov\22(%6) : (!neura.data<index, i1>) -> !neura.data<index, i1>\0A      %32 = \22neura.data_mov\22(%24) : (!neura.data<i1, i1>) -> !neura.data<i1, i1>\0A      %33 = \22neura.grant_predicate\22(%31, %32) : (!neura.data<index, i1>, !neura.data<i1, i1>) -> !neura.data<index, i1>\0A      %34 = \22neura.data_mov\22(%13) : (!neura.data<memref<?x256xi32>, i1>) -> !neura.data<memref<?x256xi32>, i1>\0A      %35 = \22neura.data_mov\22(%16) : (!neura.data<index, i1>) -> !neura.data<index, i1>\0A      %36 = \22neura.data_mov\22(%19) : (!neura.data<index, i1>) -> !neura.data<index, i1>\0A      \22neura.store_indexed\22(%34, %35, %36) <{operandSegmentSizes = array<i32: 0, 1, 2>}> {lhs_value = \22%input0\22} : (!neura.data<memref<?x256xi32>, i1>, !neura.data<index, i1>, !neura.data<index, i1>) -> ()\0A      %37 = \22neura.data_mov\22(%33) : (!neura.data<index, i1>) -> !neura.data<index, i1>\0A      %38 = \22neura.data_mov\22(%16) : (!neura.data<index, i1>) -> !neura.data<index, i1>\0A      %39 = \22neura.phi\22(%37, %38) : (!neura.data<index, i1>, !neura.data<index, i1>) -> !neura.data<index, i1>\0A      %40 = \22neura.data_mov\22(%30) : (!neura.data<index, i1>) -> !neura.data<index, i1>\0A      %41 = \22neura.data_mov\22(%22) : (!neura.data<index, i1>) -> !neura.data<index, i1>\0A      %42 = \22neura.phi\22(%40, %41) : (!neura.data<index, i1>, !neura.data<index, i1>) -> !neura.data<index, i1>\0A      %43 = \22neura.data_mov\22(%27) : (!neura.data<index, i1>) -> !neura.data<index, i1>\0A      %44 = \22neura.data_mov\22(%19) : (!neura.data<index, i1>) -> !neura.data<index, i1>\0A      %45 = \22neura.phi\22(%43, %44) : (!neura.data<index, i1>, !neura.data<index, i1>) -> !neura.data<index, i1>\0A      %46 = \22neura.data_mov\22(%45) : (!neura.data<index, i1>) -> !neura.data<index, i1>\0A      %47 = \22neura.data_mov\22(%42) : (!neura.data<index, i1>) -> !neura.data<index, i1>\0A      %48 = \22neura.load_indexed\22(%46, %47) <{operandSegmentSizes = array<i32: 0, 2>}> {lhs_value = \22%input2\22} : (!neura.data<index, i1>, !neura.data<index, i1>) -> !neura.data<i32, i1>\0A      %49 = \22neura.data_mov\22(%39) : (!neura.data<index, i1>) -> !neura.data<index, i1>\0A      %50 = \22neura.data_mov\22(%45) : (!neura.data<index, i1>) -> !neura.data<index, i1>\0A      %51 = \22neura.load_indexed\22(%49, %50) <{operandSegmentSizes = array<i32: 0, 2>}> {lhs_value = \22%input1\22} : (!neura.data<index, i1>, !neura.data<index, i1>) -> !neura.data<i32, i1>\0A      %52 = \22neura.data_mov\22(%51) : (!neura.data<i32, i1>) -> !neura.data<i32, i1>\0A      %53 = \22neura.data_mov\22(%48) : (!neura.data<i32, i1>) -> !neura.data<i32, i1>\0A      %54 = \22neura.add\22(%52, %53) : (!neura.data<i32, i1>, !neura.data<i32, i1>) -> !neura.data<i32, i1>\0A      %55 = \22neura.data_mov\22(%54) : (!neura.data<i32, i1>) -> !neura.data<i32, i1>\0A      %56 = \22neura.data_mov\22(%39) : (!neura.data<index, i1>) -> !neura.data<index, i1>\0A      %57 = \22neura.data_mov\22(%45) : (!neura.data<index, i1>) -> !neura.data<index, i1>\0A      \22neura.store_indexed\22(%55, %56, %57) <{operandSegmentSizes = array<i32: 1, 0, 2>}> {rhs_value = \22%input1\22} : (!neura.data<i32, i1>, !neura.data<index, i1>, !neura.data<index, i1>) -> ()\0A      \22neura.yield\22() <{operandSegmentSizes = array<i32: 0, 0>}> {yield_type = \22void\22} : () -> ()\0A    }) {dataflow_mode = \22predicate\22} : (i32, memref<?x256xi32>, memref<?x256xi32>, index) -> ()\0A    \22taskflow.yield\22(%arg7) <{operandSegmentSizes = array<i32: 0, 1, 0>}> : (memref<?x256xi32>) -> ()\0A  }) {dlp_replicable = true, runtime_managable = true} : (memref<?x256xi32>, memref<?x256xi32>, memref<?x256xi32>, index, i32, memref<?x256xi32>, memref<?x256xi32>, memref<?x256xi32>) -> memref<?x256xi32>\0A  \22func.return\22() : () -> ()\0A}) : () -> ()", amoeba.source_iteration_domain = {axes = [{carried_values = 0 : i64, expanded_inside_mapper_firing = false, extent = 5 : i64, kind = "taskflow-counter", lower = 0 : i64, ordinal = 0 : i64, parent_counter_ordinal = -1 : i64, result_uses = 0 : i64, step = 1 : i64, upper = 5 : i64}, {carried_values = 0 : i64, expanded_inside_mapper_firing = false, extent = 5 : i64, kind = "taskflow-counter", lower = 0 : i64, ordinal = 1 : i64, parent_counter_ordinal = -1 : i64, result_uses = 0 : i64, step = 1 : i64, upper = 5 : i64}], canonical_witness = "amoeba-source-iteration-domain-v1\0Acomplete=1\0Arepresented_multiplicity=25\0Ainternal_multiplicity=1\0Asource_multiplicity=25\0Aaxis_count=2\0Aaxis=T,0,0,5,1,5,0,-1,0,0\0Aaxis=T,1,0,5,1,5,0,-1,0,0\0Areason_bytes=0:\0A", complete = true, internal_multiplicity = 1 : i64, represented_multiplicity = 25 : i64, schema = "amoeba-source-iteration-domain-v1", source_multiplicity = 25 : i64}, amoeba.source_iteration_source_control_binding = "amoeba-source-iteration-domain-v1\0Adomain_witness_bytes=201:amoeba-source-iteration-domain-v1\0Acomplete=1\0Arepresented_multiplicity=25\0Ainternal_multiplicity=1\0Asource_multiplicity=25\0Aaxis_count=2\0Aaxis=T,0,0,5,1,5,0,-1,0,0\0Aaxis=T,1,0,5,1,5,0,-1,0,0\0Areason_bytes=0:\0A\0A\22func.func\22() <{function_type = (memref<?x256xi32>, memref<?x256xi32>, index, i32, memref<?x256xi32>) -> (), sym_name = \22__source_domain_binding__\22}> ({\0A^bb0(%arg0: memref<?x256xi32>, %arg1: memref<?x256xi32>, %arg2: index, %arg3: i32, %arg4: memref<?x256xi32>):\0A  %0 = \22taskflow.task\22(%arg0, %arg1, %arg1, %arg2, %arg3, %arg0, %arg4, %arg4) <{operandSegmentSizes = array<i32: 2, 1, 2, 2, 1>, resultSegmentSizes = array<i32: 0, 1, 0>, task_name = \22Task_2\22}> ({\0A  ^bb0(%arg5: memref<?x256xi32>, %arg6: memref<?x256xi32>, %arg7: memref<?x256xi32>, %arg8: index, %arg9: i32):\0A    %1 = \22arith.constant\22() <{value = 0 : index}> : () -> index\0A    %2 = \22arith.constant\22() <{value = 1 : index}> : () -> index\0A    %3 = \22taskflow.counter\22(%1, %arg8, %2) <{counter_dynamism = \22symbol_bound\22, counter_hierarchy = \22root\22, counter_id = 0 : i32}> : (index, index, index) -> index\0A    %4 = \22taskflow.counter\22(%3, %1, %arg8, %2) <{counter_dynamism = \22symbol_bound\22, counter_hierarchy = \22leaf\22, counter_id = 1 : i32}> : (index, index, index, index) -> index\0A    \22neura.kernel\22(%arg9, %arg7, %arg5, %arg8) <{accelerator = \22neura\22, operandSegmentSizes = array<i32: 4, 0>}> ({\0A    ^bb0(%arg10: !neura.data<i32, i1>, %arg11: !neura.data<memref<?x256xi32>, i1>, %arg12: !neura.data<memref<?x256xi32>, i1>, %arg13: !neura.data<index, i1>):\0A      %5 = \22neura.constant\22() <{value = \22%input1\22}> : () -> !neura.data<memref<?x256xi32>, i1>\0A      %6 = \22neura.constant\22() <{value = 2 : index}> : () -> !neura.data<index, i1>\0A      %7 = \22neura.counter\22() <{counter_dynamism = \22symbol_bound\22, counter_hierarchy = \22root\22, counter_id = 0 : i32, operandSegmentSizes = array<i32: 0, 0, 0>}> {lower_bound_value = 0 : index, step_value = 1 : index, upper_bound_value = \22%input3\22} : () -> !neura.data<index, i1>\0A      %8 = \22neura.counter\22() <{counter_dynamism = \22symbol_bound\22, counter_hierarchy = \22leaf\22, counter_id = 1 : i32, operandSegmentSizes = array<i32: 0, 0, 0>}> {lower_bound_value = 0 : index, step_value = 1 : index, upper_bound_value = \22%input3\22} : () -> !neura.data<index, i1>\0A      %9 = \22neura.data_mov\22(%8) : (!neura.data<index, i1>) -> !neura.data<index, i1>\0A      %10 = \22neura.icmp\22(%9) <{cmpType = \22eq\22}> {rhs_value = 0 : index} : (!neura.data<index, i1>) -> !neura.data<i1, i1>\0A      %11 = \22neura.data_mov\22(%5) : (!neura.data<memref<?x256xi32>, i1>) -> !neura.data<memref<?x256xi32>, i1>\0A      %12 = \22neura.data_mov\22(%10) : (!neura.data<i1, i1>) -> !neura.data<i1, i1>\0A      %13 = \22neura.grant_predicate\22(%11, %12) : (!neura.data<memref<?x256xi32>, i1>, !neura.data<i1, i1>) -> !neura.data<memref<?x256xi32>, i1>\0A      %14 = \22neura.data_mov\22(%6) : (!neura.data<index, i1>) -> !neura.data<index, i1>\0A      %15 = \22neura.data_mov\22(%10) : (!neura.data<i1, i1>) -> !neura.data<i1, i1>\0A      %16 = \22neura.grant_predicate\22(%14, %15) : (!neura.data<index, i1>, !neura.data<i1, i1>) -> !neura.data<index, i1>\0A      %17 = \22neura.data_mov\22(%7) : (!neura.data<index, i1>) -> !neura.data<index, i1>\0A      %18 = \22neura.data_mov\22(%10) : (!neura.data<i1, i1>) -> !neura.data<i1, i1>\0A      %19 = \22neura.grant_predicate\22(%17, %18) : (!neura.data<index, i1>, !neura.data<i1, i1>) -> !neura.data<index, i1>\0A      %20 = \22neura.data_mov\22(%8) : (!neura.data<index, i1>) -> !neura.data<index, i1>\0A      %21 = \22neura.data_mov\22(%10) : (!neura.data<i1, i1>) -> !neura.data<i1, i1>\0A      %22 = \22neura.grant_predicate\22(%20, %21) : (!neura.data<index, i1>, !neura.data<i1, i1>) -> !neura.data<index, i1>\0A      %23 = \22neura.data_mov\22(%10) : (!neura.data<i1, i1>) -> !neura.data<i1, i1>\0A      %24 = \22neura.not\22(%23) : (!neura.data<i1, i1>) -> !neura.data<i1, i1>\0A      %25 = \22neura.data_mov\22(%7) : (!neura.data<index, i1>) -> !neura.data<index, i1>\0A      %26 = \22neura.data_mov\22(%24) : (!neura.data<i1, i1>) -> !neura.data<i1, i1>\0A      %27 = \22neura.grant_predicate\22(%25, %26) : (!neura.data<index, i1>, !neura.data<i1, i1>) -> !neura.data<index, i1>\0A      %28 = \22neura.data_mov\22(%8) : (!neura.data<index, i1>) -> !neura.data<index, i1>\0A      %29 = \22neura.data_mov\22(%24) : (!neura.data<i1, i1>) -> !neura.data<i1, i1>\0A      %30 = \22neura.grant_predicate\22(%28, %29) : (!neura.data<index, i1>, !neura.data<i1, i1>) -> !neura.data<index, i1>\0A      %31 = \22neura.data_mov\22(%6) : (!neura.data<index, i1>) -> !neura.data<index, i1>\0A      %32 = \22neura.data_mov\22(%24) : (!neura.data<i1, i1>) -> !neura.data<i1, i1>\0A      %33 = \22neura.grant_predicate\22(%31, %32) : (!neura.data<index, i1>, !neura.data<i1, i1>) -> !neura.data<index, i1>\0A      %34 = \22neura.data_mov\22(%13) : (!neura.data<memref<?x256xi32>, i1>) -> !neura.data<memref<?x256xi32>, i1>\0A      %35 = \22neura.data_mov\22(%16) : (!neura.data<index, i1>) -> !neura.data<index, i1>\0A      %36 = \22neura.data_mov\22(%19) : (!neura.data<index, i1>) -> !neura.data<index, i1>\0A      \22neura.store_indexed\22(%34, %35, %36) <{operandSegmentSizes = array<i32: 0, 1, 2>}> {lhs_value = \22%input0\22} : (!neura.data<memref<?x256xi32>, i1>, !neura.data<index, i1>, !neura.data<index, i1>) -> ()\0A      %37 = \22neura.data_mov\22(%33) : (!neura.data<index, i1>) -> !neura.data<index, i1>\0A      %38 = \22neura.data_mov\22(%16) : (!neura.data<index, i1>) -> !neura.data<index, i1>\0A      %39 = \22neura.phi\22(%37, %38) : (!neura.data<index, i1>, !neura.data<index, i1>) -> !neura.data<index, i1>\0A      %40 = \22neura.data_mov\22(%30) : (!neura.data<index, i1>) -> !neura.data<index, i1>\0A      %41 = \22neura.data_mov\22(%22) : (!neura.data<index, i1>) -> !neura.data<index, i1>\0A      %42 = \22neura.phi\22(%40, %41) : (!neura.data<index, i1>, !neura.data<index, i1>) -> !neura.data<index, i1>\0A      %43 = \22neura.data_mov\22(%27) : (!neura.data<index, i1>) -> !neura.data<index, i1>\0A      %44 = \22neura.data_mov\22(%19) : (!neura.data<index, i1>) -> !neura.data<index, i1>\0A      %45 = \22neura.phi\22(%43, %44) : (!neura.data<index, i1>, !neura.data<index, i1>) -> !neura.data<index, i1>\0A      %46 = \22neura.data_mov\22(%45) : (!neura.data<index, i1>) -> !neura.data<index, i1>\0A      %47 = \22neura.data_mov\22(%42) : (!neura.data<index, i1>) -> !neura.data<index, i1>\0A      %48 = \22neura.load_indexed\22(%46, %47) <{operandSegmentSizes = array<i32: 0, 2>}> {lhs_value = \22%input2\22} : (!neura.data<index, i1>, !neura.data<index, i1>) -> !neura.data<i32, i1>\0A      %49 = \22neura.data_mov\22(%39) : (!neura.data<index, i1>) -> !neura.data<index, i1>\0A      %50 = \22neura.data_mov\22(%45) : (!neura.data<index, i1>) -> !neura.data<index, i1>\0A      %51 = \22neura.load_indexed\22(%49, %50) <{operandSegmentSizes = array<i32: 0, 2>}> {lhs_value = \22%input1\22} : (!neura.data<index, i1>, !neura.data<index, i1>) -> !neura.data<i32, i1>\0A      %52 = \22neura.data_mov\22(%51) : (!neura.data<i32, i1>) -> !neura.data<i32, i1>\0A      %53 = \22neura.data_mov\22(%48) : (!neura.data<i32, i1>) -> !neura.data<i32, i1>\0A      %54 = \22neura.add\22(%52, %53) : (!neura.data<i32, i1>, !neura.data<i32, i1>) -> !neura.data<i32, i1>\0A      %55 = \22neura.data_mov\22(%54) : (!neura.data<i32, i1>) -> !neura.data<i32, i1>\0A      %56 = \22neura.data_mov\22(%39) : (!neura.data<index, i1>) -> !neura.data<index, i1>\0A      %57 = \22neura.data_mov\22(%45) : (!neura.data<index, i1>) -> !neura.data<index, i1>\0A      \22neura.store_indexed\22(%55, %56, %57) <{operandSegmentSizes = array<i32: 1, 0, 2>}> {rhs_value = \22%input1\22} : (!neura.data<i32, i1>, !neura.data<index, i1>, !neura.data<index, i1>) -> ()\0A      \22neura.yield\22() <{operandSegmentSizes = array<i32: 0, 0>}> {yield_type = \22void\22} : () -> ()\0A    }) {dataflow_mode = \22predicate\22} : (i32, memref<?x256xi32>, memref<?x256xi32>, index) -> ()\0A    \22taskflow.yield\22(%arg7) <{operandSegmentSizes = array<i32: 0, 1, 0>}> : (memref<?x256xi32>) -> ()\0A  }) {dlp_replicable = true, runtime_managable = true} : (memref<?x256xi32>, memref<?x256xi32>, memref<?x256xi32>, index, i32, memref<?x256xi32>, memref<?x256xi32>, memref<?x256xi32>) -> memref<?x256xi32>\0A  \22func.return\22() : () -> ()\0A}) : () -> ()", dlp_replicable = true, runtime_managable = true} : (memref<?x256xi32>, memref<?x256xi32>, memref<?x256xi32>, index, i32, memref<?x256xi32>, memref<?x256xi32>, memref<?x256xi32>) -> memref<?x256xi32>
    %8 = "taskflow.task"(%arg4, %7, %7, %4, %2, %arg4, %arg9, %arg9) <{operandSegmentSizes = array<i32: 2, 1, 2, 2, 1>, resultSegmentSizes = array<i32: 0, 1, 0>, task_name = "Task_3"}> ({
    ^bb0(%arg277: memref<?x256xi32>, %arg278: memref<?x256xi32>, %arg279: memref<?x256xi32>, %arg280: index, %arg281: i32):
      %1736 = "arith.constant"() <{value = 0 : index}> : () -> index
      %1737 = "arith.constant"() <{value = 1 : index}> : () -> index
      %1738 = "taskflow.counter"(%1736, %arg280, %1737) <{counter_dynamism = "symbol_bound", counter_hierarchy = "root", counter_id = 0 : i32}> : (index, index, index) -> index
      %1739 = "taskflow.counter"(%1738, %1736, %arg280, %1737) <{counter_dynamism = "symbol_bound", counter_hierarchy = "leaf", counter_id = 1 : i32}> : (index, index, index, index) -> index
      "neura.kernel"(%arg281, %arg279, %arg277, %arg280) <{accelerator = "neura", operandSegmentSizes = array<i32: 4, 0>}> ({
      ^bb0(%arg282: !neura.data<i32, i1>, %arg283: !neura.data<memref<?x256xi32>, i1>, %arg284: !neura.data<memref<?x256xi32>, i1>, %arg285: !neura.data<index, i1>):
        %1740 = "neura.constant"() <{value = "%input1"}> : () -> !neura.data<memref<?x256xi32>, i1>
        %1741 = "neura.constant"() <{value = 3 : index}> : () -> !neura.data<index, i1>
        %1742 = "neura.counter"() <{counter_dynamism = "symbol_bound", counter_hierarchy = "root", counter_id = 0 : i32, operandSegmentSizes = array<i32: 0, 0, 0>}> {lower_bound_value = 0 : index, step_value = 1 : index, upper_bound_value = "%input3"} : () -> !neura.data<index, i1>
        %1743 = "neura.counter"() <{counter_dynamism = "symbol_bound", counter_hierarchy = "leaf", counter_id = 1 : i32, operandSegmentSizes = array<i32: 0, 0, 0>}> {lower_bound_value = 0 : index, step_value = 1 : index, upper_bound_value = "%input3"} : () -> !neura.data<index, i1>
        %1744 = "neura.data_mov"(%1743) : (!neura.data<index, i1>) -> !neura.data<index, i1>
        %1745 = "neura.icmp"(%1744) <{cmpType = "eq"}> {rhs_value = 0 : index} : (!neura.data<index, i1>) -> !neura.data<i1, i1>
        %1746 = "neura.data_mov"(%1740) : (!neura.data<memref<?x256xi32>, i1>) -> !neura.data<memref<?x256xi32>, i1>
        %1747 = "neura.data_mov"(%1745) : (!neura.data<i1, i1>) -> !neura.data<i1, i1>
        %1748 = "neura.grant_predicate"(%1746, %1747) : (!neura.data<memref<?x256xi32>, i1>, !neura.data<i1, i1>) -> !neura.data<memref<?x256xi32>, i1>
        %1749 = "neura.data_mov"(%1741) : (!neura.data<index, i1>) -> !neura.data<index, i1>
        %1750 = "neura.data_mov"(%1745) : (!neura.data<i1, i1>) -> !neura.data<i1, i1>
        %1751 = "neura.grant_predicate"(%1749, %1750) : (!neura.data<index, i1>, !neura.data<i1, i1>) -> !neura.data<index, i1>
        %1752 = "neura.data_mov"(%1742) : (!neura.data<index, i1>) -> !neura.data<index, i1>
        %1753 = "neura.data_mov"(%1745) : (!neura.data<i1, i1>) -> !neura.data<i1, i1>
        %1754 = "neura.grant_predicate"(%1752, %1753) : (!neura.data<index, i1>, !neura.data<i1, i1>) -> !neura.data<index, i1>
        %1755 = "neura.data_mov"(%1743) : (!neura.data<index, i1>) -> !neura.data<index, i1>
        %1756 = "neura.data_mov"(%1745) : (!neura.data<i1, i1>) -> !neura.data<i1, i1>
        %1757 = "neura.grant_predicate"(%1755, %1756) : (!neura.data<index, i1>, !neura.data<i1, i1>) -> !neura.data<index, i1>
        %1758 = "neura.data_mov"(%1745) : (!neura.data<i1, i1>) -> !neura.data<i1, i1>
        %1759 = "neura.not"(%1758) : (!neura.data<i1, i1>) -> !neura.data<i1, i1>
        %1760 = "neura.data_mov"(%1742) : (!neura.data<index, i1>) -> !neura.data<index, i1>
        %1761 = "neura.data_mov"(%1759) : (!neura.data<i1, i1>) -> !neura.data<i1, i1>
        %1762 = "neura.grant_predicate"(%1760, %1761) : (!neura.data<index, i1>, !neura.data<i1, i1>) -> !neura.data<index, i1>
        %1763 = "neura.data_mov"(%1743) : (!neura.data<index, i1>) -> !neura.data<index, i1>
        %1764 = "neura.data_mov"(%1759) : (!neura.data<i1, i1>) -> !neura.data<i1, i1>
        %1765 = "neura.grant_predicate"(%1763, %1764) : (!neura.data<index, i1>, !neura.data<i1, i1>) -> !neura.data<index, i1>
        %1766 = "neura.data_mov"(%1741) : (!neura.data<index, i1>) -> !neura.data<index, i1>
        %1767 = "neura.data_mov"(%1759) : (!neura.data<i1, i1>) -> !neura.data<i1, i1>
        %1768 = "neura.grant_predicate"(%1766, %1767) : (!neura.data<index, i1>, !neura.data<i1, i1>) -> !neura.data<index, i1>
        %1769 = "neura.data_mov"(%1748) : (!neura.data<memref<?x256xi32>, i1>) -> !neura.data<memref<?x256xi32>, i1>
        %1770 = "neura.data_mov"(%1751) : (!neura.data<index, i1>) -> !neura.data<index, i1>
        %1771 = "neura.data_mov"(%1754) : (!neura.data<index, i1>) -> !neura.data<index, i1>
        "neura.store_indexed"(%1769, %1770, %1771) <{operandSegmentSizes = array<i32: 0, 1, 2>}> {lhs_value = "%input0"} : (!neura.data<memref<?x256xi32>, i1>, !neura.data<index, i1>, !neura.data<index, i1>) -> ()
        %1772 = "neura.data_mov"(%1768) : (!neura.data<index, i1>) -> !neura.data<index, i1>
        %1773 = "neura.data_mov"(%1751) : (!neura.data<index, i1>) -> !neura.data<index, i1>
        %1774 = "neura.phi"(%1772, %1773) : (!neura.data<index, i1>, !neura.data<index, i1>) -> !neura.data<index, i1>
        %1775 = "neura.data_mov"(%1765) : (!neura.data<index, i1>) -> !neura.data<index, i1>
        %1776 = "neura.data_mov"(%1757) : (!neura.data<index, i1>) -> !neura.data<index, i1>
        %1777 = "neura.phi"(%1775, %1776) : (!neura.data<index, i1>, !neura.data<index, i1>) -> !neura.data<index, i1>
        %1778 = "neura.data_mov"(%1762) : (!neura.data<index, i1>) -> !neura.data<index, i1>
        %1779 = "neura.data_mov"(%1754) : (!neura.data<index, i1>) -> !neura.data<index, i1>
        %1780 = "neura.phi"(%1778, %1779) : (!neura.data<index, i1>, !neura.data<index, i1>) -> !neura.data<index, i1>
        %1781 = "neura.data_mov"(%1780) : (!neura.data<index, i1>) -> !neura.data<index, i1>
        %1782 = "neura.data_mov"(%1777) : (!neura.data<index, i1>) -> !neura.data<index, i1>
        %1783 = "neura.load_indexed"(%1781, %1782) <{operandSegmentSizes = array<i32: 0, 2>}> {lhs_value = "%input2"} : (!neura.data<index, i1>, !neura.data<index, i1>) -> !neura.data<i32, i1>
        %1784 = "neura.data_mov"(%1774) : (!neura.data<index, i1>) -> !neura.data<index, i1>
        %1785 = "neura.data_mov"(%1780) : (!neura.data<index, i1>) -> !neura.data<index, i1>
        %1786 = "neura.load_indexed"(%1784, %1785) <{operandSegmentSizes = array<i32: 0, 2>}> {lhs_value = "%input1"} : (!neura.data<index, i1>, !neura.data<index, i1>) -> !neura.data<i32, i1>
        %1787 = "neura.data_mov"(%1786) : (!neura.data<i32, i1>) -> !neura.data<i32, i1>
        %1788 = "neura.data_mov"(%1783) : (!neura.data<i32, i1>) -> !neura.data<i32, i1>
        %1789 = "neura.add"(%1787, %1788) : (!neura.data<i32, i1>, !neura.data<i32, i1>) -> !neura.data<i32, i1>
        %1790 = "neura.data_mov"(%1789) : (!neura.data<i32, i1>) -> !neura.data<i32, i1>
        %1791 = "neura.data_mov"(%1774) : (!neura.data<index, i1>) -> !neura.data<index, i1>
        %1792 = "neura.data_mov"(%1780) : (!neura.data<index, i1>) -> !neura.data<index, i1>
        "neura.store_indexed"(%1790, %1791, %1792) <{operandSegmentSizes = array<i32: 1, 0, 2>}> {rhs_value = "%input1"} : (!neura.data<i32, i1>, !neura.data<index, i1>, !neura.data<index, i1>) -> ()
        "neura.yield"() <{operandSegmentSizes = array<i32: 0, 0>}> {yield_type = "void"} : () -> ()
      }) {dataflow_mode = "predicate"} : (i32, memref<?x256xi32>, memref<?x256xi32>, index) -> ()
      "taskflow.yield"(%arg279) <{operandSegmentSizes = array<i32: 0, 1, 0>}> : (memref<?x256xi32>) -> ()
    }) {amoeba.source_iteration_control_binding = "amoeba-source-iteration-domain-v1\0Adomain_witness_bytes=201:amoeba-source-iteration-domain-v1\0Acomplete=1\0Arepresented_multiplicity=25\0Ainternal_multiplicity=1\0Asource_multiplicity=25\0Aaxis_count=2\0Aaxis=T,0,0,5,1,5,0,-1,0,0\0Aaxis=T,1,0,5,1,5,0,-1,0,0\0Areason_bytes=0:\0A\0A\22func.func\22() <{function_type = (memref<?x256xi32>, memref<?x256xi32>, index, i32, memref<?x256xi32>) -> (), sym_name = \22__source_domain_binding__\22}> ({\0A^bb0(%arg0: memref<?x256xi32>, %arg1: memref<?x256xi32>, %arg2: index, %arg3: i32, %arg4: memref<?x256xi32>):\0A  %0 = \22taskflow.task\22(%arg0, %arg1, %arg1, %arg2, %arg3, %arg0, %arg4, %arg4) <{operandSegmentSizes = array<i32: 2, 1, 2, 2, 1>, resultSegmentSizes = array<i32: 0, 1, 0>, task_name = \22Task_3\22}> ({\0A  ^bb0(%arg5: memref<?x256xi32>, %arg6: memref<?x256xi32>, %arg7: memref<?x256xi32>, %arg8: index, %arg9: i32):\0A    %1 = \22arith.constant\22() <{value = 0 : index}> : () -> index\0A    %2 = \22arith.constant\22() <{value = 1 : index}> : () -> index\0A    %3 = \22taskflow.counter\22(%1, %arg8, %2) <{counter_dynamism = \22symbol_bound\22, counter_hierarchy = \22root\22, counter_id = 0 : i32}> : (index, index, index) -> index\0A    %4 = \22taskflow.counter\22(%3, %1, %arg8, %2) <{counter_dynamism = \22symbol_bound\22, counter_hierarchy = \22leaf\22, counter_id = 1 : i32}> : (index, index, index, index) -> index\0A    \22neura.kernel\22(%arg9, %arg7, %arg5, %arg8) <{accelerator = \22neura\22, operandSegmentSizes = array<i32: 4, 0>}> ({\0A    ^bb0(%arg10: !neura.data<i32, i1>, %arg11: !neura.data<memref<?x256xi32>, i1>, %arg12: !neura.data<memref<?x256xi32>, i1>, %arg13: !neura.data<index, i1>):\0A      %5 = \22neura.constant\22() <{value = \22%input1\22}> : () -> !neura.data<memref<?x256xi32>, i1>\0A      %6 = \22neura.constant\22() <{value = 3 : index}> : () -> !neura.data<index, i1>\0A      %7 = \22neura.counter\22() <{counter_dynamism = \22symbol_bound\22, counter_hierarchy = \22root\22, counter_id = 0 : i32, operandSegmentSizes = array<i32: 0, 0, 0>}> {lower_bound_value = 0 : index, step_value = 1 : index, upper_bound_value = \22%input3\22} : () -> !neura.data<index, i1>\0A      %8 = \22neura.counter\22() <{counter_dynamism = \22symbol_bound\22, counter_hierarchy = \22leaf\22, counter_id = 1 : i32, operandSegmentSizes = array<i32: 0, 0, 0>}> {lower_bound_value = 0 : index, step_value = 1 : index, upper_bound_value = \22%input3\22} : () -> !neura.data<index, i1>\0A      %9 = \22neura.data_mov\22(%8) : (!neura.data<index, i1>) -> !neura.data<index, i1>\0A      %10 = \22neura.icmp\22(%9) <{cmpType = \22eq\22}> {rhs_value = 0 : index} : (!neura.data<index, i1>) -> !neura.data<i1, i1>\0A      %11 = \22neura.data_mov\22(%5) : (!neura.data<memref<?x256xi32>, i1>) -> !neura.data<memref<?x256xi32>, i1>\0A      %12 = \22neura.data_mov\22(%10) : (!neura.data<i1, i1>) -> !neura.data<i1, i1>\0A      %13 = \22neura.grant_predicate\22(%11, %12) : (!neura.data<memref<?x256xi32>, i1>, !neura.data<i1, i1>) -> !neura.data<memref<?x256xi32>, i1>\0A      %14 = \22neura.data_mov\22(%6) : (!neura.data<index, i1>) -> !neura.data<index, i1>\0A      %15 = \22neura.data_mov\22(%10) : (!neura.data<i1, i1>) -> !neura.data<i1, i1>\0A      %16 = \22neura.grant_predicate\22(%14, %15) : (!neura.data<index, i1>, !neura.data<i1, i1>) -> !neura.data<index, i1>\0A      %17 = \22neura.data_mov\22(%7) : (!neura.data<index, i1>) -> !neura.data<index, i1>\0A      %18 = \22neura.data_mov\22(%10) : (!neura.data<i1, i1>) -> !neura.data<i1, i1>\0A      %19 = \22neura.grant_predicate\22(%17, %18) : (!neura.data<index, i1>, !neura.data<i1, i1>) -> !neura.data<index, i1>\0A      %20 = \22neura.data_mov\22(%8) : (!neura.data<index, i1>) -> !neura.data<index, i1>\0A      %21 = \22neura.data_mov\22(%10) : (!neura.data<i1, i1>) -> !neura.data<i1, i1>\0A      %22 = \22neura.grant_predicate\22(%20, %21) : (!neura.data<index, i1>, !neura.data<i1, i1>) -> !neura.data<index, i1>\0A      %23 = \22neura.data_mov\22(%10) : (!neura.data<i1, i1>) -> !neura.data<i1, i1>\0A      %24 = \22neura.not\22(%23) : (!neura.data<i1, i1>) -> !neura.data<i1, i1>\0A      %25 = \22neura.data_mov\22(%7) : (!neura.data<index, i1>) -> !neura.data<index, i1>\0A      %26 = \22neura.data_mov\22(%24) : (!neura.data<i1, i1>) -> !neura.data<i1, i1>\0A      %27 = \22neura.grant_predicate\22(%25, %26) : (!neura.data<index, i1>, !neura.data<i1, i1>) -> !neura.data<index, i1>\0A      %28 = \22neura.data_mov\22(%8) : (!neura.data<index, i1>) -> !neura.data<index, i1>\0A      %29 = \22neura.data_mov\22(%24) : (!neura.data<i1, i1>) -> !neura.data<i1, i1>\0A      %30 = \22neura.grant_predicate\22(%28, %29) : (!neura.data<index, i1>, !neura.data<i1, i1>) -> !neura.data<index, i1>\0A      %31 = \22neura.data_mov\22(%6) : (!neura.data<index, i1>) -> !neura.data<index, i1>\0A      %32 = \22neura.data_mov\22(%24) : (!neura.data<i1, i1>) -> !neura.data<i1, i1>\0A      %33 = \22neura.grant_predicate\22(%31, %32) : (!neura.data<index, i1>, !neura.data<i1, i1>) -> !neura.data<index, i1>\0A      %34 = \22neura.data_mov\22(%13) : (!neura.data<memref<?x256xi32>, i1>) -> !neura.data<memref<?x256xi32>, i1>\0A      %35 = \22neura.data_mov\22(%16) : (!neura.data<index, i1>) -> !neura.data<index, i1>\0A      %36 = \22neura.data_mov\22(%19) : (!neura.data<index, i1>) -> !neura.data<index, i1>\0A      \22neura.store_indexed\22(%34, %35, %36) <{operandSegmentSizes = array<i32: 0, 1, 2>}> {lhs_value = \22%input0\22} : (!neura.data<memref<?x256xi32>, i1>, !neura.data<index, i1>, !neura.data<index, i1>) -> ()\0A      %37 = \22neura.data_mov\22(%33) : (!neura.data<index, i1>) -> !neura.data<index, i1>\0A      %38 = \22neura.data_mov\22(%16) : (!neura.data<index, i1>) -> !neura.data<index, i1>\0A      %39 = \22neura.phi\22(%37, %38) : (!neura.data<index, i1>, !neura.data<index, i1>) -> !neura.data<index, i1>\0A      %40 = \22neura.data_mov\22(%30) : (!neura.data<index, i1>) -> !neura.data<index, i1>\0A      %41 = \22neura.data_mov\22(%22) : (!neura.data<index, i1>) -> !neura.data<index, i1>\0A      %42 = \22neura.phi\22(%40, %41) : (!neura.data<index, i1>, !neura.data<index, i1>) -> !neura.data<index, i1>\0A      %43 = \22neura.data_mov\22(%27) : (!neura.data<index, i1>) -> !neura.data<index, i1>\0A      %44 = \22neura.data_mov\22(%19) : (!neura.data<index, i1>) -> !neura.data<index, i1>\0A      %45 = \22neura.phi\22(%43, %44) : (!neura.data<index, i1>, !neura.data<index, i1>) -> !neura.data<index, i1>\0A      %46 = \22neura.data_mov\22(%45) : (!neura.data<index, i1>) -> !neura.data<index, i1>\0A      %47 = \22neura.data_mov\22(%42) : (!neura.data<index, i1>) -> !neura.data<index, i1>\0A      %48 = \22neura.load_indexed\22(%46, %47) <{operandSegmentSizes = array<i32: 0, 2>}> {lhs_value = \22%input2\22} : (!neura.data<index, i1>, !neura.data<index, i1>) -> !neura.data<i32, i1>\0A      %49 = \22neura.data_mov\22(%39) : (!neura.data<index, i1>) -> !neura.data<index, i1>\0A      %50 = \22neura.data_mov\22(%45) : (!neura.data<index, i1>) -> !neura.data<index, i1>\0A      %51 = \22neura.load_indexed\22(%49, %50) <{operandSegmentSizes = array<i32: 0, 2>}> {lhs_value = \22%input1\22} : (!neura.data<index, i1>, !neura.data<index, i1>) -> !neura.data<i32, i1>\0A      %52 = \22neura.data_mov\22(%51) : (!neura.data<i32, i1>) -> !neura.data<i32, i1>\0A      %53 = \22neura.data_mov\22(%48) : (!neura.data<i32, i1>) -> !neura.data<i32, i1>\0A      %54 = \22neura.add\22(%52, %53) : (!neura.data<i32, i1>, !neura.data<i32, i1>) -> !neura.data<i32, i1>\0A      %55 = \22neura.data_mov\22(%54) : (!neura.data<i32, i1>) -> !neura.data<i32, i1>\0A      %56 = \22neura.data_mov\22(%39) : (!neura.data<index, i1>) -> !neura.data<index, i1>\0A      %57 = \22neura.data_mov\22(%45) : (!neura.data<index, i1>) -> !neura.data<index, i1>\0A      \22neura.store_indexed\22(%55, %56, %57) <{operandSegmentSizes = array<i32: 1, 0, 2>}> {rhs_value = \22%input1\22} : (!neura.data<i32, i1>, !neura.data<index, i1>, !neura.data<index, i1>) -> ()\0A      \22neura.yield\22() <{operandSegmentSizes = array<i32: 0, 0>}> {yield_type = \22void\22} : () -> ()\0A    }) {dataflow_mode = \22predicate\22} : (i32, memref<?x256xi32>, memref<?x256xi32>, index) -> ()\0A    \22taskflow.yield\22(%arg7) <{operandSegmentSizes = array<i32: 0, 1, 0>}> : (memref<?x256xi32>) -> ()\0A  }) {dlp_replicable = true, runtime_managable = true} : (memref<?x256xi32>, memref<?x256xi32>, memref<?x256xi32>, index, i32, memref<?x256xi32>, memref<?x256xi32>, memref<?x256xi32>) -> memref<?x256xi32>\0A  \22func.return\22() : () -> ()\0A}) : () -> ()", amoeba.source_iteration_domain = {axes = [{carried_values = 0 : i64, expanded_inside_mapper_firing = false, extent = 5 : i64, kind = "taskflow-counter", lower = 0 : i64, ordinal = 0 : i64, parent_counter_ordinal = -1 : i64, result_uses = 0 : i64, step = 1 : i64, upper = 5 : i64}, {carried_values = 0 : i64, expanded_inside_mapper_firing = false, extent = 5 : i64, kind = "taskflow-counter", lower = 0 : i64, ordinal = 1 : i64, parent_counter_ordinal = -1 : i64, result_uses = 0 : i64, step = 1 : i64, upper = 5 : i64}], canonical_witness = "amoeba-source-iteration-domain-v1\0Acomplete=1\0Arepresented_multiplicity=25\0Ainternal_multiplicity=1\0Asource_multiplicity=25\0Aaxis_count=2\0Aaxis=T,0,0,5,1,5,0,-1,0,0\0Aaxis=T,1,0,5,1,5,0,-1,0,0\0Areason_bytes=0:\0A", complete = true, internal_multiplicity = 1 : i64, represented_multiplicity = 25 : i64, schema = "amoeba-source-iteration-domain-v1", source_multiplicity = 25 : i64}, amoeba.source_iteration_source_control_binding = "amoeba-source-iteration-domain-v1\0Adomain_witness_bytes=201:amoeba-source-iteration-domain-v1\0Acomplete=1\0Arepresented_multiplicity=25\0Ainternal_multiplicity=1\0Asource_multiplicity=25\0Aaxis_count=2\0Aaxis=T,0,0,5,1,5,0,-1,0,0\0Aaxis=T,1,0,5,1,5,0,-1,0,0\0Areason_bytes=0:\0A\0A\22func.func\22() <{function_type = (memref<?x256xi32>, memref<?x256xi32>, index, i32, memref<?x256xi32>) -> (), sym_name = \22__source_domain_binding__\22}> ({\0A^bb0(%arg0: memref<?x256xi32>, %arg1: memref<?x256xi32>, %arg2: index, %arg3: i32, %arg4: memref<?x256xi32>):\0A  %0 = \22taskflow.task\22(%arg0, %arg1, %arg1, %arg2, %arg3, %arg0, %arg4, %arg4) <{operandSegmentSizes = array<i32: 2, 1, 2, 2, 1>, resultSegmentSizes = array<i32: 0, 1, 0>, task_name = \22Task_3\22}> ({\0A  ^bb0(%arg5: memref<?x256xi32>, %arg6: memref<?x256xi32>, %arg7: memref<?x256xi32>, %arg8: index, %arg9: i32):\0A    %1 = \22arith.constant\22() <{value = 0 : index}> : () -> index\0A    %2 = \22arith.constant\22() <{value = 1 : index}> : () -> index\0A    %3 = \22taskflow.counter\22(%1, %arg8, %2) <{counter_dynamism = \22symbol_bound\22, counter_hierarchy = \22root\22, counter_id = 0 : i32}> : (index, index, index) -> index\0A    %4 = \22taskflow.counter\22(%3, %1, %arg8, %2) <{counter_dynamism = \22symbol_bound\22, counter_hierarchy = \22leaf\22, counter_id = 1 : i32}> : (index, index, index, index) -> index\0A    \22neura.kernel\22(%arg9, %arg7, %arg5, %arg8) <{accelerator = \22neura\22, operandSegmentSizes = array<i32: 4, 0>}> ({\0A    ^bb0(%arg10: !neura.data<i32, i1>, %arg11: !neura.data<memref<?x256xi32>, i1>, %arg12: !neura.data<memref<?x256xi32>, i1>, %arg13: !neura.data<index, i1>):\0A      %5 = \22neura.constant\22() <{value = \22%input1\22}> : () -> !neura.data<memref<?x256xi32>, i1>\0A      %6 = \22neura.constant\22() <{value = 3 : index}> : () -> !neura.data<index, i1>\0A      %7 = \22neura.counter\22() <{counter_dynamism = \22symbol_bound\22, counter_hierarchy = \22root\22, counter_id = 0 : i32, operandSegmentSizes = array<i32: 0, 0, 0>}> {lower_bound_value = 0 : index, step_value = 1 : index, upper_bound_value = \22%input3\22} : () -> !neura.data<index, i1>\0A      %8 = \22neura.counter\22() <{counter_dynamism = \22symbol_bound\22, counter_hierarchy = \22leaf\22, counter_id = 1 : i32, operandSegmentSizes = array<i32: 0, 0, 0>}> {lower_bound_value = 0 : index, step_value = 1 : index, upper_bound_value = \22%input3\22} : () -> !neura.data<index, i1>\0A      %9 = \22neura.data_mov\22(%8) : (!neura.data<index, i1>) -> !neura.data<index, i1>\0A      %10 = \22neura.icmp\22(%9) <{cmpType = \22eq\22}> {rhs_value = 0 : index} : (!neura.data<index, i1>) -> !neura.data<i1, i1>\0A      %11 = \22neura.data_mov\22(%5) : (!neura.data<memref<?x256xi32>, i1>) -> !neura.data<memref<?x256xi32>, i1>\0A      %12 = \22neura.data_mov\22(%10) : (!neura.data<i1, i1>) -> !neura.data<i1, i1>\0A      %13 = \22neura.grant_predicate\22(%11, %12) : (!neura.data<memref<?x256xi32>, i1>, !neura.data<i1, i1>) -> !neura.data<memref<?x256xi32>, i1>\0A      %14 = \22neura.data_mov\22(%6) : (!neura.data<index, i1>) -> !neura.data<index, i1>\0A      %15 = \22neura.data_mov\22(%10) : (!neura.data<i1, i1>) -> !neura.data<i1, i1>\0A      %16 = \22neura.grant_predicate\22(%14, %15) : (!neura.data<index, i1>, !neura.data<i1, i1>) -> !neura.data<index, i1>\0A      %17 = \22neura.data_mov\22(%7) : (!neura.data<index, i1>) -> !neura.data<index, i1>\0A      %18 = \22neura.data_mov\22(%10) : (!neura.data<i1, i1>) -> !neura.data<i1, i1>\0A      %19 = \22neura.grant_predicate\22(%17, %18) : (!neura.data<index, i1>, !neura.data<i1, i1>) -> !neura.data<index, i1>\0A      %20 = \22neura.data_mov\22(%8) : (!neura.data<index, i1>) -> !neura.data<index, i1>\0A      %21 = \22neura.data_mov\22(%10) : (!neura.data<i1, i1>) -> !neura.data<i1, i1>\0A      %22 = \22neura.grant_predicate\22(%20, %21) : (!neura.data<index, i1>, !neura.data<i1, i1>) -> !neura.data<index, i1>\0A      %23 = \22neura.data_mov\22(%10) : (!neura.data<i1, i1>) -> !neura.data<i1, i1>\0A      %24 = \22neura.not\22(%23) : (!neura.data<i1, i1>) -> !neura.data<i1, i1>\0A      %25 = \22neura.data_mov\22(%7) : (!neura.data<index, i1>) -> !neura.data<index, i1>\0A      %26 = \22neura.data_mov\22(%24) : (!neura.data<i1, i1>) -> !neura.data<i1, i1>\0A      %27 = \22neura.grant_predicate\22(%25, %26) : (!neura.data<index, i1>, !neura.data<i1, i1>) -> !neura.data<index, i1>\0A      %28 = \22neura.data_mov\22(%8) : (!neura.data<index, i1>) -> !neura.data<index, i1>\0A      %29 = \22neura.data_mov\22(%24) : (!neura.data<i1, i1>) -> !neura.data<i1, i1>\0A      %30 = \22neura.grant_predicate\22(%28, %29) : (!neura.data<index, i1>, !neura.data<i1, i1>) -> !neura.data<index, i1>\0A      %31 = \22neura.data_mov\22(%6) : (!neura.data<index, i1>) -> !neura.data<index, i1>\0A      %32 = \22neura.data_mov\22(%24) : (!neura.data<i1, i1>) -> !neura.data<i1, i1>\0A      %33 = \22neura.grant_predicate\22(%31, %32) : (!neura.data<index, i1>, !neura.data<i1, i1>) -> !neura.data<index, i1>\0A      %34 = \22neura.data_mov\22(%13) : (!neura.data<memref<?x256xi32>, i1>) -> !neura.data<memref<?x256xi32>, i1>\0A      %35 = \22neura.data_mov\22(%16) : (!neura.data<index, i1>) -> !neura.data<index, i1>\0A      %36 = \22neura.data_mov\22(%19) : (!neura.data<index, i1>) -> !neura.data<index, i1>\0A      \22neura.store_indexed\22(%34, %35, %36) <{operandSegmentSizes = array<i32: 0, 1, 2>}> {lhs_value = \22%input0\22} : (!neura.data<memref<?x256xi32>, i1>, !neura.data<index, i1>, !neura.data<index, i1>) -> ()\0A      %37 = \22neura.data_mov\22(%33) : (!neura.data<index, i1>) -> !neura.data<index, i1>\0A      %38 = \22neura.data_mov\22(%16) : (!neura.data<index, i1>) -> !neura.data<index, i1>\0A      %39 = \22neura.phi\22(%37, %38) : (!neura.data<index, i1>, !neura.data<index, i1>) -> !neura.data<index, i1>\0A      %40 = \22neura.data_mov\22(%30) : (!neura.data<index, i1>) -> !neura.data<index, i1>\0A      %41 = \22neura.data_mov\22(%22) : (!neura.data<index, i1>) -> !neura.data<index, i1>\0A      %42 = \22neura.phi\22(%40, %41) : (!neura.data<index, i1>, !neura.data<index, i1>) -> !neura.data<index, i1>\0A      %43 = \22neura.data_mov\22(%27) : (!neura.data<index, i1>) -> !neura.data<index, i1>\0A      %44 = \22neura.data_mov\22(%19) : (!neura.data<index, i1>) -> !neura.data<index, i1>\0A      %45 = \22neura.phi\22(%43, %44) : (!neura.data<index, i1>, !neura.data<index, i1>) -> !neura.data<index, i1>\0A      %46 = \22neura.data_mov\22(%45) : (!neura.data<index, i1>) -> !neura.data<index, i1>\0A      %47 = \22neura.data_mov\22(%42) : (!neura.data<index, i1>) -> !neura.data<index, i1>\0A      %48 = \22neura.load_indexed\22(%46, %47) <{operandSegmentSizes = array<i32: 0, 2>}> {lhs_value = \22%input2\22} : (!neura.data<index, i1>, !neura.data<index, i1>) -> !neura.data<i32, i1>\0A      %49 = \22neura.data_mov\22(%39) : (!neura.data<index, i1>) -> !neura.data<index, i1>\0A      %50 = \22neura.data_mov\22(%45) : (!neura.data<index, i1>) -> !neura.data<index, i1>\0A      %51 = \22neura.load_indexed\22(%49, %50) <{operandSegmentSizes = array<i32: 0, 2>}> {lhs_value = \22%input1\22} : (!neura.data<index, i1>, !neura.data<index, i1>) -> !neura.data<i32, i1>\0A      %52 = \22neura.data_mov\22(%51) : (!neura.data<i32, i1>) -> !neura.data<i32, i1>\0A      %53 = \22neura.data_mov\22(%48) : (!neura.data<i32, i1>) -> !neura.data<i32, i1>\0A      %54 = \22neura.add\22(%52, %53) : (!neura.data<i32, i1>, !neura.data<i32, i1>) -> !neura.data<i32, i1>\0A      %55 = \22neura.data_mov\22(%54) : (!neura.data<i32, i1>) -> !neura.data<i32, i1>\0A      %56 = \22neura.data_mov\22(%39) : (!neura.data<index, i1>) -> !neura.data<index, i1>\0A      %57 = \22neura.data_mov\22(%45) : (!neura.data<index, i1>) -> !neura.data<index, i1>\0A      \22neura.store_indexed\22(%55, %56, %57) <{operandSegmentSizes = array<i32: 1, 0, 2>}> {rhs_value = \22%input1\22} : (!neura.data<i32, i1>, !neura.data<index, i1>, !neura.data<index, i1>) -> ()\0A      \22neura.yield\22() <{operandSegmentSizes = array<i32: 0, 0>}> {yield_type = \22void\22} : () -> ()\0A    }) {dataflow_mode = \22predicate\22} : (i32, memref<?x256xi32>, memref<?x256xi32>, index) -> ()\0A    \22taskflow.yield\22(%arg7) <{operandSegmentSizes = array<i32: 0, 1, 0>}> : (memref<?x256xi32>) -> ()\0A  }) {dlp_replicable = true, runtime_managable = true} : (memref<?x256xi32>, memref<?x256xi32>, memref<?x256xi32>, index, i32, memref<?x256xi32>, memref<?x256xi32>, memref<?x256xi32>) -> memref<?x256xi32>\0A  \22func.return\22() : () -> ()\0A}) : () -> ()", dlp_replicable = true, runtime_managable = true} : (memref<?x256xi32>, memref<?x256xi32>, memref<?x256xi32>, index, i32, memref<?x256xi32>, memref<?x256xi32>, memref<?x256xi32>) -> memref<?x256xi32>
    %9 = "taskflow.task"(%arg1, %8, %arg10, %4, %1, %arg1, %arg9, %arg10) <{operandSegmentSizes = array<i32: 2, 1, 2, 2, 1>, resultSegmentSizes = array<i32: 0, 1, 0>, task_name = "Task_4"}> ({
    ^bb0(%arg267: memref<?x256xi32>, %arg268: memref<?x256xi32>, %arg269: memref<?x256x256xi32>, %arg270: index, %arg271: i32):
      %1714 = "arith.constant"() <{value = 0 : index}> : () -> index
      %1715 = "arith.constant"() <{value = 1 : index}> : () -> index
      %1716 = "taskflow.counter"(%1714, %arg270, %1715) <{counter_dynamism = "symbol_bound", counter_hierarchy = "root", counter_id = 0 : i32}> : (index, index, index) -> index
      %1717 = "taskflow.counter"(%1716, %1714, %arg270, %1715) <{counter_dynamism = "symbol_bound", counter_hierarchy = "leaf", counter_id = 1 : i32}> : (index, index, index, index) -> index
      "neura.kernel"(%arg267, %arg271, %arg268, %arg269, %arg270) <{accelerator = "neura", operandSegmentSizes = array<i32: 5, 0>}> ({
      ^bb0(%arg272: !neura.data<memref<?x256xi32>, i1>, %arg273: !neura.data<i32, i1>, %arg274: !neura.data<memref<?x256xi32>, i1>, %arg275: !neura.data<memref<?x256x256xi32>, i1>, %arg276: !neura.data<index, i1>):
        %1718 = "neura.constant"() <{value = 0 : index}> : () -> !neura.data<index, i1>
        %1719 = "neura.counter"() <{counter_dynamism = "symbol_bound", counter_hierarchy = "root", counter_id = 0 : i32, operandSegmentSizes = array<i32: 0, 0, 0>}> {lower_bound_value = 0 : index, step_value = 1 : index, upper_bound_value = "%input4"} : () -> !neura.data<index, i1>
        %1720 = "neura.counter"() <{counter_dynamism = "symbol_bound", counter_hierarchy = "leaf", counter_id = 1 : i32, operandSegmentSizes = array<i32: 0, 0, 0>}> {lower_bound_value = 0 : index, step_value = 1 : index, upper_bound_value = "%input4"} : () -> !neura.data<index, i1>
        %1721 = "neura.data_mov"(%1719) : (!neura.data<index, i1>) -> !neura.data<index, i1>
        %1722 = "neura.data_mov"(%1720) : (!neura.data<index, i1>) -> !neura.data<index, i1>
        %1723 = "neura.load_indexed"(%1721, %1722) <{operandSegmentSizes = array<i32: 0, 2>}> {lhs_value = "%input0"} : (!neura.data<index, i1>, !neura.data<index, i1>) -> !neura.data<i32, i1>
        %1724 = "neura.data_mov"(%1723) : (!neura.data<i32, i1>) -> !neura.data<i32, i1>
        %1725 = "neura.mul"(%1724) {rhs_value = "%input1"} : (!neura.data<i32, i1>) -> !neura.data<i32, i1>
        %1726 = "neura.data_mov"(%1718) : (!neura.data<index, i1>) -> !neura.data<index, i1>
        %1727 = "neura.data_mov"(%1719) : (!neura.data<index, i1>) -> !neura.data<index, i1>
        %1728 = "neura.load_indexed"(%1726, %1727) <{operandSegmentSizes = array<i32: 0, 2>}> {lhs_value = "%input2"} : (!neura.data<index, i1>, !neura.data<index, i1>) -> !neura.data<i32, i1>
        %1729 = "neura.data_mov"(%1725) : (!neura.data<i32, i1>) -> !neura.data<i32, i1>
        %1730 = "neura.data_mov"(%1728) : (!neura.data<i32, i1>) -> !neura.data<i32, i1>
        %1731 = "neura.div"(%1729, %1730) : (!neura.data<i32, i1>, !neura.data<i32, i1>) -> !neura.data<i32, i1>
        %1732 = "neura.data_mov"(%1731) : (!neura.data<i32, i1>) -> !neura.data<i32, i1>
        %1733 = "neura.data_mov"(%1718) : (!neura.data<index, i1>) -> !neura.data<index, i1>
        %1734 = "neura.data_mov"(%1719) : (!neura.data<index, i1>) -> !neura.data<index, i1>
        %1735 = "neura.data_mov"(%1720) : (!neura.data<index, i1>) -> !neura.data<index, i1>
        "neura.store_indexed"(%1732, %1733, %1734, %1735) <{operandSegmentSizes = array<i32: 1, 0, 3>}> {rhs_value = "%input3"} : (!neura.data<i32, i1>, !neura.data<index, i1>, !neura.data<index, i1>, !neura.data<index, i1>) -> ()
        "neura.yield"() <{operandSegmentSizes = array<i32: 0, 0>}> {yield_type = "void"} : () -> ()
      }) {dataflow_mode = "predicate"} : (memref<?x256xi32>, i32, memref<?x256xi32>, memref<?x256x256xi32>, index) -> ()
      "taskflow.yield"(%arg269) <{operandSegmentSizes = array<i32: 0, 1, 0>}> : (memref<?x256x256xi32>) -> ()
    }) {amoeba.source_iteration_control_binding = "amoeba-source-iteration-domain-v1\0Adomain_witness_bytes=201:amoeba-source-iteration-domain-v1\0Acomplete=1\0Arepresented_multiplicity=25\0Ainternal_multiplicity=1\0Asource_multiplicity=25\0Aaxis_count=2\0Aaxis=T,0,0,5,1,5,0,-1,0,0\0Aaxis=T,1,0,5,1,5,0,-1,0,0\0Areason_bytes=0:\0A\0A\22func.func\22() <{function_type = (memref<?x256xi32>, memref<?x256xi32>, memref<?x256x256xi32>, index, i32, memref<?x256xi32>) -> (), sym_name = \22__source_domain_binding__\22}> ({\0A^bb0(%arg0: memref<?x256xi32>, %arg1: memref<?x256xi32>, %arg2: memref<?x256x256xi32>, %arg3: index, %arg4: i32, %arg5: memref<?x256xi32>):\0A  %0 = \22taskflow.task\22(%arg0, %arg1, %arg2, %arg3, %arg4, %arg0, %arg5, %arg2) <{operandSegmentSizes = array<i32: 2, 1, 2, 2, 1>, resultSegmentSizes = array<i32: 0, 1, 0>, task_name = \22Task_4\22}> ({\0A  ^bb0(%arg6: memref<?x256xi32>, %arg7: memref<?x256xi32>, %arg8: memref<?x256x256xi32>, %arg9: index, %arg10: i32):\0A    %1 = \22arith.constant\22() <{value = 0 : index}> : () -> index\0A    %2 = \22arith.constant\22() <{value = 1 : index}> : () -> index\0A    %3 = \22taskflow.counter\22(%1, %arg9, %2) <{counter_dynamism = \22symbol_bound\22, counter_hierarchy = \22root\22, counter_id = 0 : i32}> : (index, index, index) -> index\0A    %4 = \22taskflow.counter\22(%3, %1, %arg9, %2) <{counter_dynamism = \22symbol_bound\22, counter_hierarchy = \22leaf\22, counter_id = 1 : i32}> : (index, index, index, index) -> index\0A    \22neura.kernel\22(%arg6, %arg10, %arg7, %arg8, %arg9) <{accelerator = \22neura\22, operandSegmentSizes = array<i32: 5, 0>}> ({\0A    ^bb0(%arg11: !neura.data<memref<?x256xi32>, i1>, %arg12: !neura.data<i32, i1>, %arg13: !neura.data<memref<?x256xi32>, i1>, %arg14: !neura.data<memref<?x256x256xi32>, i1>, %arg15: !neura.data<index, i1>):\0A      %5 = \22neura.constant\22() <{value = 0 : index}> : () -> !neura.data<index, i1>\0A      %6 = \22neura.counter\22() <{counter_dynamism = \22symbol_bound\22, counter_hierarchy = \22root\22, counter_id = 0 : i32, operandSegmentSizes = array<i32: 0, 0, 0>}> {lower_bound_value = 0 : index, step_value = 1 : index, upper_bound_value = \22%input4\22} : () -> !neura.data<index, i1>\0A      %7 = \22neura.counter\22() <{counter_dynamism = \22symbol_bound\22, counter_hierarchy = \22leaf\22, counter_id = 1 : i32, operandSegmentSizes = array<i32: 0, 0, 0>}> {lower_bound_value = 0 : index, step_value = 1 : index, upper_bound_value = \22%input4\22} : () -> !neura.data<index, i1>\0A      %8 = \22neura.data_mov\22(%6) : (!neura.data<index, i1>) -> !neura.data<index, i1>\0A      %9 = \22neura.data_mov\22(%7) : (!neura.data<index, i1>) -> !neura.data<index, i1>\0A      %10 = \22neura.load_indexed\22(%8, %9) <{operandSegmentSizes = array<i32: 0, 2>}> {lhs_value = \22%input0\22} : (!neura.data<index, i1>, !neura.data<index, i1>) -> !neura.data<i32, i1>\0A      %11 = \22neura.data_mov\22(%10) : (!neura.data<i32, i1>) -> !neura.data<i32, i1>\0A      %12 = \22neura.mul\22(%11) {rhs_value = \22%input1\22} : (!neura.data<i32, i1>) -> !neura.data<i32, i1>\0A      %13 = \22neura.data_mov\22(%5) : (!neura.data<index, i1>) -> !neura.data<index, i1>\0A      %14 = \22neura.data_mov\22(%6) : (!neura.data<index, i1>) -> !neura.data<index, i1>\0A      %15 = \22neura.load_indexed\22(%13, %14) <{operandSegmentSizes = array<i32: 0, 2>}> {lhs_value = \22%input2\22} : (!neura.data<index, i1>, !neura.data<index, i1>) -> !neura.data<i32, i1>\0A      %16 = \22neura.data_mov\22(%12) : (!neura.data<i32, i1>) -> !neura.data<i32, i1>\0A      %17 = \22neura.data_mov\22(%15) : (!neura.data<i32, i1>) -> !neura.data<i32, i1>\0A      %18 = \22neura.div\22(%16, %17) : (!neura.data<i32, i1>, !neura.data<i32, i1>) -> !neura.data<i32, i1>\0A      %19 = \22neura.data_mov\22(%18) : (!neura.data<i32, i1>) -> !neura.data<i32, i1>\0A      %20 = \22neura.data_mov\22(%5) : (!neura.data<index, i1>) -> !neura.data<index, i1>\0A      %21 = \22neura.data_mov\22(%6) : (!neura.data<index, i1>) -> !neura.data<index, i1>\0A      %22 = \22neura.data_mov\22(%7) : (!neura.data<index, i1>) -> !neura.data<index, i1>\0A      \22neura.store_indexed\22(%19, %20, %21, %22) <{operandSegmentSizes = array<i32: 1, 0, 3>}> {rhs_value = \22%input3\22} : (!neura.data<i32, i1>, !neura.data<index, i1>, !neura.data<index, i1>, !neura.data<index, i1>) -> ()\0A      \22neura.yield\22() <{operandSegmentSizes = array<i32: 0, 0>}> {yield_type = \22void\22} : () -> ()\0A    }) {dataflow_mode = \22predicate\22} : (memref<?x256xi32>, i32, memref<?x256xi32>, memref<?x256x256xi32>, index) -> ()\0A    \22taskflow.yield\22(%arg8) <{operandSegmentSizes = array<i32: 0, 1, 0>}> : (memref<?x256x256xi32>) -> ()\0A  }) {dlp_replicable = true, runtime_managable = true} : (memref<?x256xi32>, memref<?x256xi32>, memref<?x256x256xi32>, index, i32, memref<?x256xi32>, memref<?x256xi32>, memref<?x256x256xi32>) -> memref<?x256x256xi32>\0A  \22func.return\22() : () -> ()\0A}) : () -> ()", amoeba.source_iteration_domain = {axes = [{carried_values = 0 : i64, expanded_inside_mapper_firing = false, extent = 5 : i64, kind = "taskflow-counter", lower = 0 : i64, ordinal = 0 : i64, parent_counter_ordinal = -1 : i64, result_uses = 0 : i64, step = 1 : i64, upper = 5 : i64}, {carried_values = 0 : i64, expanded_inside_mapper_firing = false, extent = 5 : i64, kind = "taskflow-counter", lower = 0 : i64, ordinal = 1 : i64, parent_counter_ordinal = -1 : i64, result_uses = 0 : i64, step = 1 : i64, upper = 5 : i64}], canonical_witness = "amoeba-source-iteration-domain-v1\0Acomplete=1\0Arepresented_multiplicity=25\0Ainternal_multiplicity=1\0Asource_multiplicity=25\0Aaxis_count=2\0Aaxis=T,0,0,5,1,5,0,-1,0,0\0Aaxis=T,1,0,5,1,5,0,-1,0,0\0Areason_bytes=0:\0A", complete = true, internal_multiplicity = 1 : i64, represented_multiplicity = 25 : i64, schema = "amoeba-source-iteration-domain-v1", source_multiplicity = 25 : i64}, amoeba.source_iteration_source_control_binding = "amoeba-source-iteration-domain-v1\0Adomain_witness_bytes=201:amoeba-source-iteration-domain-v1\0Acomplete=1\0Arepresented_multiplicity=25\0Ainternal_multiplicity=1\0Asource_multiplicity=25\0Aaxis_count=2\0Aaxis=T,0,0,5,1,5,0,-1,0,0\0Aaxis=T,1,0,5,1,5,0,-1,0,0\0Areason_bytes=0:\0A\0A\22func.func\22() <{function_type = (memref<?x256xi32>, memref<?x256xi32>, memref<?x256x256xi32>, index, i32, memref<?x256xi32>) -> (), sym_name = \22__source_domain_binding__\22}> ({\0A^bb0(%arg0: memref<?x256xi32>, %arg1: memref<?x256xi32>, %arg2: memref<?x256x256xi32>, %arg3: index, %arg4: i32, %arg5: memref<?x256xi32>):\0A  %0 = \22taskflow.task\22(%arg0, %arg1, %arg2, %arg3, %arg4, %arg0, %arg5, %arg2) <{operandSegmentSizes = array<i32: 2, 1, 2, 2, 1>, resultSegmentSizes = array<i32: 0, 1, 0>, task_name = \22Task_4\22}> ({\0A  ^bb0(%arg6: memref<?x256xi32>, %arg7: memref<?x256xi32>, %arg8: memref<?x256x256xi32>, %arg9: index, %arg10: i32):\0A    %1 = \22arith.constant\22() <{value = 0 : index}> : () -> index\0A    %2 = \22arith.constant\22() <{value = 1 : index}> : () -> index\0A    %3 = \22taskflow.counter\22(%1, %arg9, %2) <{counter_dynamism = \22symbol_bound\22, counter_hierarchy = \22root\22, counter_id = 0 : i32}> : (index, index, index) -> index\0A    %4 = \22taskflow.counter\22(%3, %1, %arg9, %2) <{counter_dynamism = \22symbol_bound\22, counter_hierarchy = \22leaf\22, counter_id = 1 : i32}> : (index, index, index, index) -> index\0A    \22neura.kernel\22(%arg6, %arg10, %arg7, %arg8, %arg9) <{accelerator = \22neura\22, operandSegmentSizes = array<i32: 5, 0>}> ({\0A    ^bb0(%arg11: !neura.data<memref<?x256xi32>, i1>, %arg12: !neura.data<i32, i1>, %arg13: !neura.data<memref<?x256xi32>, i1>, %arg14: !neura.data<memref<?x256x256xi32>, i1>, %arg15: !neura.data<index, i1>):\0A      %5 = \22neura.constant\22() <{value = 0 : index}> : () -> !neura.data<index, i1>\0A      %6 = \22neura.counter\22() <{counter_dynamism = \22symbol_bound\22, counter_hierarchy = \22root\22, counter_id = 0 : i32, operandSegmentSizes = array<i32: 0, 0, 0>}> {lower_bound_value = 0 : index, step_value = 1 : index, upper_bound_value = \22%input4\22} : () -> !neura.data<index, i1>\0A      %7 = \22neura.counter\22() <{counter_dynamism = \22symbol_bound\22, counter_hierarchy = \22leaf\22, counter_id = 1 : i32, operandSegmentSizes = array<i32: 0, 0, 0>}> {lower_bound_value = 0 : index, step_value = 1 : index, upper_bound_value = \22%input4\22} : () -> !neura.data<index, i1>\0A      %8 = \22neura.data_mov\22(%6) : (!neura.data<index, i1>) -> !neura.data<index, i1>\0A      %9 = \22neura.data_mov\22(%7) : (!neura.data<index, i1>) -> !neura.data<index, i1>\0A      %10 = \22neura.load_indexed\22(%8, %9) <{operandSegmentSizes = array<i32: 0, 2>}> {lhs_value = \22%input0\22} : (!neura.data<index, i1>, !neura.data<index, i1>) -> !neura.data<i32, i1>\0A      %11 = \22neura.data_mov\22(%10) : (!neura.data<i32, i1>) -> !neura.data<i32, i1>\0A      %12 = \22neura.mul\22(%11) {rhs_value = \22%input1\22} : (!neura.data<i32, i1>) -> !neura.data<i32, i1>\0A      %13 = \22neura.data_mov\22(%5) : (!neura.data<index, i1>) -> !neura.data<index, i1>\0A      %14 = \22neura.data_mov\22(%6) : (!neura.data<index, i1>) -> !neura.data<index, i1>\0A      %15 = \22neura.load_indexed\22(%13, %14) <{operandSegmentSizes = array<i32: 0, 2>}> {lhs_value = \22%input2\22} : (!neura.data<index, i1>, !neura.data<index, i1>) -> !neura.data<i32, i1>\0A      %16 = \22neura.data_mov\22(%12) : (!neura.data<i32, i1>) -> !neura.data<i32, i1>\0A      %17 = \22neura.data_mov\22(%15) : (!neura.data<i32, i1>) -> !neura.data<i32, i1>\0A      %18 = \22neura.div\22(%16, %17) : (!neura.data<i32, i1>, !neura.data<i32, i1>) -> !neura.data<i32, i1>\0A      %19 = \22neura.data_mov\22(%18) : (!neura.data<i32, i1>) -> !neura.data<i32, i1>\0A      %20 = \22neura.data_mov\22(%5) : (!neura.data<index, i1>) -> !neura.data<index, i1>\0A      %21 = \22neura.data_mov\22(%6) : (!neura.data<index, i1>) -> !neura.data<index, i1>\0A      %22 = \22neura.data_mov\22(%7) : (!neura.data<index, i1>) -> !neura.data<index, i1>\0A      \22neura.store_indexed\22(%19, %20, %21, %22) <{operandSegmentSizes = array<i32: 1, 0, 3>}> {rhs_value = \22%input3\22} : (!neura.data<i32, i1>, !neura.data<index, i1>, !neura.data<index, i1>, !neura.data<index, i1>) -> ()\0A      \22neura.yield\22() <{operandSegmentSizes = array<i32: 0, 0>}> {yield_type = \22void\22} : () -> ()\0A    }) {dataflow_mode = \22predicate\22} : (memref<?x256xi32>, i32, memref<?x256xi32>, memref<?x256x256xi32>, index) -> ()\0A    \22taskflow.yield\22(%arg8) <{operandSegmentSizes = array<i32: 0, 1, 0>}> : (memref<?x256x256xi32>) -> ()\0A  }) {dlp_replicable = true, runtime_managable = true} : (memref<?x256xi32>, memref<?x256xi32>, memref<?x256x256xi32>, index, i32, memref<?x256xi32>, memref<?x256xi32>, memref<?x256x256xi32>) -> memref<?x256x256xi32>\0A  \22func.return\22() : () -> ()\0A}) : () -> ()", dlp_replicable = true, runtime_managable = true} : (memref<?x256xi32>, memref<?x256xi32>, memref<?x256x256xi32>, index, i32, memref<?x256xi32>, memref<?x256xi32>, memref<?x256x256xi32>) -> memref<?x256x256xi32>
    %10 = "taskflow.task"(%arg2, %8, %9, %4, %1, %arg2, %arg9, %arg10) <{operandSegmentSizes = array<i32: 2, 1, 2, 2, 1>, resultSegmentSizes = array<i32: 0, 1, 0>, task_name = "Task_5"}> ({
    ^bb0(%arg257: memref<?x256xi32>, %arg258: memref<?x256xi32>, %arg259: memref<?x256x256xi32>, %arg260: index, %arg261: i32):
      %1692 = "arith.constant"() <{value = 0 : index}> : () -> index
      %1693 = "arith.constant"() <{value = 1 : index}> : () -> index
      %1694 = "taskflow.counter"(%1692, %arg260, %1693) <{counter_dynamism = "symbol_bound", counter_hierarchy = "root", counter_id = 0 : i32}> : (index, index, index) -> index
      %1695 = "taskflow.counter"(%1694, %1692, %arg260, %1693) <{counter_dynamism = "symbol_bound", counter_hierarchy = "leaf", counter_id = 1 : i32}> : (index, index, index, index) -> index
      "neura.kernel"(%arg257, %arg261, %arg258, %arg259, %arg260) <{accelerator = "neura", operandSegmentSizes = array<i32: 5, 0>}> ({
      ^bb0(%arg262: !neura.data<memref<?x256xi32>, i1>, %arg263: !neura.data<i32, i1>, %arg264: !neura.data<memref<?x256xi32>, i1>, %arg265: !neura.data<memref<?x256x256xi32>, i1>, %arg266: !neura.data<index, i1>):
        %1696 = "neura.constant"() <{value = 1 : index}> : () -> !neura.data<index, i1>
        %1697 = "neura.counter"() <{counter_dynamism = "symbol_bound", counter_hierarchy = "root", counter_id = 0 : i32, operandSegmentSizes = array<i32: 0, 0, 0>}> {lower_bound_value = 0 : index, step_value = 1 : index, upper_bound_value = "%input4"} : () -> !neura.data<index, i1>
        %1698 = "neura.counter"() <{counter_dynamism = "symbol_bound", counter_hierarchy = "leaf", counter_id = 1 : i32, operandSegmentSizes = array<i32: 0, 0, 0>}> {lower_bound_value = 0 : index, step_value = 1 : index, upper_bound_value = "%input4"} : () -> !neura.data<index, i1>
        %1699 = "neura.data_mov"(%1697) : (!neura.data<index, i1>) -> !neura.data<index, i1>
        %1700 = "neura.data_mov"(%1698) : (!neura.data<index, i1>) -> !neura.data<index, i1>
        %1701 = "neura.load_indexed"(%1699, %1700) <{operandSegmentSizes = array<i32: 0, 2>}> {lhs_value = "%input0"} : (!neura.data<index, i1>, !neura.data<index, i1>) -> !neura.data<i32, i1>
        %1702 = "neura.data_mov"(%1701) : (!neura.data<i32, i1>) -> !neura.data<i32, i1>
        %1703 = "neura.mul"(%1702) {rhs_value = "%input1"} : (!neura.data<i32, i1>) -> !neura.data<i32, i1>
        %1704 = "neura.data_mov"(%1696) : (!neura.data<index, i1>) -> !neura.data<index, i1>
        %1705 = "neura.data_mov"(%1697) : (!neura.data<index, i1>) -> !neura.data<index, i1>
        %1706 = "neura.load_indexed"(%1704, %1705) <{operandSegmentSizes = array<i32: 0, 2>}> {lhs_value = "%input2"} : (!neura.data<index, i1>, !neura.data<index, i1>) -> !neura.data<i32, i1>
        %1707 = "neura.data_mov"(%1703) : (!neura.data<i32, i1>) -> !neura.data<i32, i1>
        %1708 = "neura.data_mov"(%1706) : (!neura.data<i32, i1>) -> !neura.data<i32, i1>
        %1709 = "neura.div"(%1707, %1708) : (!neura.data<i32, i1>, !neura.data<i32, i1>) -> !neura.data<i32, i1>
        %1710 = "neura.data_mov"(%1709) : (!neura.data<i32, i1>) -> !neura.data<i32, i1>
        %1711 = "neura.data_mov"(%1696) : (!neura.data<index, i1>) -> !neura.data<index, i1>
        %1712 = "neura.data_mov"(%1697) : (!neura.data<index, i1>) -> !neura.data<index, i1>
        %1713 = "neura.data_mov"(%1698) : (!neura.data<index, i1>) -> !neura.data<index, i1>
        "neura.store_indexed"(%1710, %1711, %1712, %1713) <{operandSegmentSizes = array<i32: 1, 0, 3>}> {rhs_value = "%input3"} : (!neura.data<i32, i1>, !neura.data<index, i1>, !neura.data<index, i1>, !neura.data<index, i1>) -> ()
        "neura.yield"() <{operandSegmentSizes = array<i32: 0, 0>}> {yield_type = "void"} : () -> ()
      }) {dataflow_mode = "predicate"} : (memref<?x256xi32>, i32, memref<?x256xi32>, memref<?x256x256xi32>, index) -> ()
      "taskflow.yield"(%arg259) <{operandSegmentSizes = array<i32: 0, 1, 0>}> : (memref<?x256x256xi32>) -> ()
    }) {amoeba.source_iteration_control_binding = "amoeba-source-iteration-domain-v1\0Adomain_witness_bytes=201:amoeba-source-iteration-domain-v1\0Acomplete=1\0Arepresented_multiplicity=25\0Ainternal_multiplicity=1\0Asource_multiplicity=25\0Aaxis_count=2\0Aaxis=T,0,0,5,1,5,0,-1,0,0\0Aaxis=T,1,0,5,1,5,0,-1,0,0\0Areason_bytes=0:\0A\0A\22func.func\22() <{function_type = (memref<?x256xi32>, memref<?x256xi32>, memref<?x256x256xi32>, index, i32, memref<?x256xi32>, memref<?x256x256xi32>) -> (), sym_name = \22__source_domain_binding__\22}> ({\0A^bb0(%arg0: memref<?x256xi32>, %arg1: memref<?x256xi32>, %arg2: memref<?x256x256xi32>, %arg3: index, %arg4: i32, %arg5: memref<?x256xi32>, %arg6: memref<?x256x256xi32>):\0A  %0 = \22taskflow.task\22(%arg0, %arg1, %arg2, %arg3, %arg4, %arg0, %arg5, %arg6) <{operandSegmentSizes = array<i32: 2, 1, 2, 2, 1>, resultSegmentSizes = array<i32: 0, 1, 0>, task_name = \22Task_5\22}> ({\0A  ^bb0(%arg7: memref<?x256xi32>, %arg8: memref<?x256xi32>, %arg9: memref<?x256x256xi32>, %arg10: index, %arg11: i32):\0A    %1 = \22arith.constant\22() <{value = 0 : index}> : () -> index\0A    %2 = \22arith.constant\22() <{value = 1 : index}> : () -> index\0A    %3 = \22taskflow.counter\22(%1, %arg10, %2) <{counter_dynamism = \22symbol_bound\22, counter_hierarchy = \22root\22, counter_id = 0 : i32}> : (index, index, index) -> index\0A    %4 = \22taskflow.counter\22(%3, %1, %arg10, %2) <{counter_dynamism = \22symbol_bound\22, counter_hierarchy = \22leaf\22, counter_id = 1 : i32}> : (index, index, index, index) -> index\0A    \22neura.kernel\22(%arg7, %arg11, %arg8, %arg9, %arg10) <{accelerator = \22neura\22, operandSegmentSizes = array<i32: 5, 0>}> ({\0A    ^bb0(%arg12: !neura.data<memref<?x256xi32>, i1>, %arg13: !neura.data<i32, i1>, %arg14: !neura.data<memref<?x256xi32>, i1>, %arg15: !neura.data<memref<?x256x256xi32>, i1>, %arg16: !neura.data<index, i1>):\0A      %5 = \22neura.constant\22() <{value = 1 : index}> : () -> !neura.data<index, i1>\0A      %6 = \22neura.counter\22() <{counter_dynamism = \22symbol_bound\22, counter_hierarchy = \22root\22, counter_id = 0 : i32, operandSegmentSizes = array<i32: 0, 0, 0>}> {lower_bound_value = 0 : index, step_value = 1 : index, upper_bound_value = \22%input4\22} : () -> !neura.data<index, i1>\0A      %7 = \22neura.counter\22() <{counter_dynamism = \22symbol_bound\22, counter_hierarchy = \22leaf\22, counter_id = 1 : i32, operandSegmentSizes = array<i32: 0, 0, 0>}> {lower_bound_value = 0 : index, step_value = 1 : index, upper_bound_value = \22%input4\22} : () -> !neura.data<index, i1>\0A      %8 = \22neura.data_mov\22(%6) : (!neura.data<index, i1>) -> !neura.data<index, i1>\0A      %9 = \22neura.data_mov\22(%7) : (!neura.data<index, i1>) -> !neura.data<index, i1>\0A      %10 = \22neura.load_indexed\22(%8, %9) <{operandSegmentSizes = array<i32: 0, 2>}> {lhs_value = \22%input0\22} : (!neura.data<index, i1>, !neura.data<index, i1>) -> !neura.data<i32, i1>\0A      %11 = \22neura.data_mov\22(%10) : (!neura.data<i32, i1>) -> !neura.data<i32, i1>\0A      %12 = \22neura.mul\22(%11) {rhs_value = \22%input1\22} : (!neura.data<i32, i1>) -> !neura.data<i32, i1>\0A      %13 = \22neura.data_mov\22(%5) : (!neura.data<index, i1>) -> !neura.data<index, i1>\0A      %14 = \22neura.data_mov\22(%6) : (!neura.data<index, i1>) -> !neura.data<index, i1>\0A      %15 = \22neura.load_indexed\22(%13, %14) <{operandSegmentSizes = array<i32: 0, 2>}> {lhs_value = \22%input2\22} : (!neura.data<index, i1>, !neura.data<index, i1>) -> !neura.data<i32, i1>\0A      %16 = \22neura.data_mov\22(%12) : (!neura.data<i32, i1>) -> !neura.data<i32, i1>\0A      %17 = \22neura.data_mov\22(%15) : (!neura.data<i32, i1>) -> !neura.data<i32, i1>\0A      %18 = \22neura.div\22(%16, %17) : (!neura.data<i32, i1>, !neura.data<i32, i1>) -> !neura.data<i32, i1>\0A      %19 = \22neura.data_mov\22(%18) : (!neura.data<i32, i1>) -> !neura.data<i32, i1>\0A      %20 = \22neura.data_mov\22(%5) : (!neura.data<index, i1>) -> !neura.data<index, i1>\0A      %21 = \22neura.data_mov\22(%6) : (!neura.data<index, i1>) -> !neura.data<index, i1>\0A      %22 = \22neura.data_mov\22(%7) : (!neura.data<index, i1>) -> !neura.data<index, i1>\0A      \22neura.store_indexed\22(%19, %20, %21, %22) <{operandSegmentSizes = array<i32: 1, 0, 3>}> {rhs_value = \22%input3\22} : (!neura.data<i32, i1>, !neura.data<index, i1>, !neura.data<index, i1>, !neura.data<index, i1>) -> ()\0A      \22neura.yield\22() <{operandSegmentSizes = array<i32: 0, 0>}> {yield_type = \22void\22} : () -> ()\0A    }) {dataflow_mode = \22predicate\22} : (memref<?x256xi32>, i32, memref<?x256xi32>, memref<?x256x256xi32>, index) -> ()\0A    \22taskflow.yield\22(%arg9) <{operandSegmentSizes = array<i32: 0, 1, 0>}> : (memref<?x256x256xi32>) -> ()\0A  }) {dlp_replicable = true, runtime_managable = true} : (memref<?x256xi32>, memref<?x256xi32>, memref<?x256x256xi32>, index, i32, memref<?x256xi32>, memref<?x256xi32>, memref<?x256x256xi32>) -> memref<?x256x256xi32>\0A  \22func.return\22() : () -> ()\0A}) : () -> ()", amoeba.source_iteration_domain = {axes = [{carried_values = 0 : i64, expanded_inside_mapper_firing = false, extent = 5 : i64, kind = "taskflow-counter", lower = 0 : i64, ordinal = 0 : i64, parent_counter_ordinal = -1 : i64, result_uses = 0 : i64, step = 1 : i64, upper = 5 : i64}, {carried_values = 0 : i64, expanded_inside_mapper_firing = false, extent = 5 : i64, kind = "taskflow-counter", lower = 0 : i64, ordinal = 1 : i64, parent_counter_ordinal = -1 : i64, result_uses = 0 : i64, step = 1 : i64, upper = 5 : i64}], canonical_witness = "amoeba-source-iteration-domain-v1\0Acomplete=1\0Arepresented_multiplicity=25\0Ainternal_multiplicity=1\0Asource_multiplicity=25\0Aaxis_count=2\0Aaxis=T,0,0,5,1,5,0,-1,0,0\0Aaxis=T,1,0,5,1,5,0,-1,0,0\0Areason_bytes=0:\0A", complete = true, internal_multiplicity = 1 : i64, represented_multiplicity = 25 : i64, schema = "amoeba-source-iteration-domain-v1", source_multiplicity = 25 : i64}, amoeba.source_iteration_source_control_binding = "amoeba-source-iteration-domain-v1\0Adomain_witness_bytes=201:amoeba-source-iteration-domain-v1\0Acomplete=1\0Arepresented_multiplicity=25\0Ainternal_multiplicity=1\0Asource_multiplicity=25\0Aaxis_count=2\0Aaxis=T,0,0,5,1,5,0,-1,0,0\0Aaxis=T,1,0,5,1,5,0,-1,0,0\0Areason_bytes=0:\0A\0A\22func.func\22() <{function_type = (memref<?x256xi32>, memref<?x256xi32>, memref<?x256x256xi32>, index, i32, memref<?x256xi32>, memref<?x256x256xi32>) -> (), sym_name = \22__source_domain_binding__\22}> ({\0A^bb0(%arg0: memref<?x256xi32>, %arg1: memref<?x256xi32>, %arg2: memref<?x256x256xi32>, %arg3: index, %arg4: i32, %arg5: memref<?x256xi32>, %arg6: memref<?x256x256xi32>):\0A  %0 = \22taskflow.task\22(%arg0, %arg1, %arg2, %arg3, %arg4, %arg0, %arg5, %arg6) <{operandSegmentSizes = array<i32: 2, 1, 2, 2, 1>, resultSegmentSizes = array<i32: 0, 1, 0>, task_name = \22Task_5\22}> ({\0A  ^bb0(%arg7: memref<?x256xi32>, %arg8: memref<?x256xi32>, %arg9: memref<?x256x256xi32>, %arg10: index, %arg11: i32):\0A    %1 = \22arith.constant\22() <{value = 0 : index}> : () -> index\0A    %2 = \22arith.constant\22() <{value = 1 : index}> : () -> index\0A    %3 = \22taskflow.counter\22(%1, %arg10, %2) <{counter_dynamism = \22symbol_bound\22, counter_hierarchy = \22root\22, counter_id = 0 : i32}> : (index, index, index) -> index\0A    %4 = \22taskflow.counter\22(%3, %1, %arg10, %2) <{counter_dynamism = \22symbol_bound\22, counter_hierarchy = \22leaf\22, counter_id = 1 : i32}> : (index, index, index, index) -> index\0A    \22neura.kernel\22(%arg7, %arg11, %arg8, %arg9, %arg10) <{accelerator = \22neura\22, operandSegmentSizes = array<i32: 5, 0>}> ({\0A    ^bb0(%arg12: !neura.data<memref<?x256xi32>, i1>, %arg13: !neura.data<i32, i1>, %arg14: !neura.data<memref<?x256xi32>, i1>, %arg15: !neura.data<memref<?x256x256xi32>, i1>, %arg16: !neura.data<index, i1>):\0A      %5 = \22neura.constant\22() <{value = 1 : index}> : () -> !neura.data<index, i1>\0A      %6 = \22neura.counter\22() <{counter_dynamism = \22symbol_bound\22, counter_hierarchy = \22root\22, counter_id = 0 : i32, operandSegmentSizes = array<i32: 0, 0, 0>}> {lower_bound_value = 0 : index, step_value = 1 : index, upper_bound_value = \22%input4\22} : () -> !neura.data<index, i1>\0A      %7 = \22neura.counter\22() <{counter_dynamism = \22symbol_bound\22, counter_hierarchy = \22leaf\22, counter_id = 1 : i32, operandSegmentSizes = array<i32: 0, 0, 0>}> {lower_bound_value = 0 : index, step_value = 1 : index, upper_bound_value = \22%input4\22} : () -> !neura.data<index, i1>\0A      %8 = \22neura.data_mov\22(%6) : (!neura.data<index, i1>) -> !neura.data<index, i1>\0A      %9 = \22neura.data_mov\22(%7) : (!neura.data<index, i1>) -> !neura.data<index, i1>\0A      %10 = \22neura.load_indexed\22(%8, %9) <{operandSegmentSizes = array<i32: 0, 2>}> {lhs_value = \22%input0\22} : (!neura.data<index, i1>, !neura.data<index, i1>) -> !neura.data<i32, i1>\0A      %11 = \22neura.data_mov\22(%10) : (!neura.data<i32, i1>) -> !neura.data<i32, i1>\0A      %12 = \22neura.mul\22(%11) {rhs_value = \22%input1\22} : (!neura.data<i32, i1>) -> !neura.data<i32, i1>\0A      %13 = \22neura.data_mov\22(%5) : (!neura.data<index, i1>) -> !neura.data<index, i1>\0A      %14 = \22neura.data_mov\22(%6) : (!neura.data<index, i1>) -> !neura.data<index, i1>\0A      %15 = \22neura.load_indexed\22(%13, %14) <{operandSegmentSizes = array<i32: 0, 2>}> {lhs_value = \22%input2\22} : (!neura.data<index, i1>, !neura.data<index, i1>) -> !neura.data<i32, i1>\0A      %16 = \22neura.data_mov\22(%12) : (!neura.data<i32, i1>) -> !neura.data<i32, i1>\0A      %17 = \22neura.data_mov\22(%15) : (!neura.data<i32, i1>) -> !neura.data<i32, i1>\0A      %18 = \22neura.div\22(%16, %17) : (!neura.data<i32, i1>, !neura.data<i32, i1>) -> !neura.data<i32, i1>\0A      %19 = \22neura.data_mov\22(%18) : (!neura.data<i32, i1>) -> !neura.data<i32, i1>\0A      %20 = \22neura.data_mov\22(%5) : (!neura.data<index, i1>) -> !neura.data<index, i1>\0A      %21 = \22neura.data_mov\22(%6) : (!neura.data<index, i1>) -> !neura.data<index, i1>\0A      %22 = \22neura.data_mov\22(%7) : (!neura.data<index, i1>) -> !neura.data<index, i1>\0A      \22neura.store_indexed\22(%19, %20, %21, %22) <{operandSegmentSizes = array<i32: 1, 0, 3>}> {rhs_value = \22%input3\22} : (!neura.data<i32, i1>, !neura.data<index, i1>, !neura.data<index, i1>, !neura.data<index, i1>) -> ()\0A      \22neura.yield\22() <{operandSegmentSizes = array<i32: 0, 0>}> {yield_type = \22void\22} : () -> ()\0A    }) {dataflow_mode = \22predicate\22} : (memref<?x256xi32>, i32, memref<?x256xi32>, memref<?x256x256xi32>, index) -> ()\0A    \22taskflow.yield\22(%arg9) <{operandSegmentSizes = array<i32: 0, 1, 0>}> : (memref<?x256x256xi32>) -> ()\0A  }) {dlp_replicable = true, runtime_managable = true} : (memref<?x256xi32>, memref<?x256xi32>, memref<?x256x256xi32>, index, i32, memref<?x256xi32>, memref<?x256xi32>, memref<?x256x256xi32>) -> memref<?x256x256xi32>\0A  \22func.return\22() : () -> ()\0A}) : () -> ()", dlp_replicable = true, runtime_managable = true} : (memref<?x256xi32>, memref<?x256xi32>, memref<?x256x256xi32>, index, i32, memref<?x256xi32>, memref<?x256xi32>, memref<?x256x256xi32>) -> memref<?x256x256xi32>
    %11 = "taskflow.task"(%arg3, %8, %10, %4, %1, %arg3, %arg9, %arg10) <{operandSegmentSizes = array<i32: 2, 1, 2, 2, 1>, resultSegmentSizes = array<i32: 0, 1, 0>, task_name = "Task_6"}> ({
    ^bb0(%arg247: memref<?x256xi32>, %arg248: memref<?x256xi32>, %arg249: memref<?x256x256xi32>, %arg250: index, %arg251: i32):
      %1670 = "arith.constant"() <{value = 0 : index}> : () -> index
      %1671 = "arith.constant"() <{value = 1 : index}> : () -> index
      %1672 = "taskflow.counter"(%1670, %arg250, %1671) <{counter_dynamism = "symbol_bound", counter_hierarchy = "root", counter_id = 0 : i32}> : (index, index, index) -> index
      %1673 = "taskflow.counter"(%1672, %1670, %arg250, %1671) <{counter_dynamism = "symbol_bound", counter_hierarchy = "leaf", counter_id = 1 : i32}> : (index, index, index, index) -> index
      "neura.kernel"(%arg247, %arg251, %arg248, %arg249, %arg250) <{accelerator = "neura", operandSegmentSizes = array<i32: 5, 0>}> ({
      ^bb0(%arg252: !neura.data<memref<?x256xi32>, i1>, %arg253: !neura.data<i32, i1>, %arg254: !neura.data<memref<?x256xi32>, i1>, %arg255: !neura.data<memref<?x256x256xi32>, i1>, %arg256: !neura.data<index, i1>):
        %1674 = "neura.constant"() <{value = 2 : index}> : () -> !neura.data<index, i1>
        %1675 = "neura.counter"() <{counter_dynamism = "symbol_bound", counter_hierarchy = "root", counter_id = 0 : i32, operandSegmentSizes = array<i32: 0, 0, 0>}> {lower_bound_value = 0 : index, step_value = 1 : index, upper_bound_value = "%input4"} : () -> !neura.data<index, i1>
        %1676 = "neura.counter"() <{counter_dynamism = "symbol_bound", counter_hierarchy = "leaf", counter_id = 1 : i32, operandSegmentSizes = array<i32: 0, 0, 0>}> {lower_bound_value = 0 : index, step_value = 1 : index, upper_bound_value = "%input4"} : () -> !neura.data<index, i1>
        %1677 = "neura.data_mov"(%1675) : (!neura.data<index, i1>) -> !neura.data<index, i1>
        %1678 = "neura.data_mov"(%1676) : (!neura.data<index, i1>) -> !neura.data<index, i1>
        %1679 = "neura.load_indexed"(%1677, %1678) <{operandSegmentSizes = array<i32: 0, 2>}> {lhs_value = "%input0"} : (!neura.data<index, i1>, !neura.data<index, i1>) -> !neura.data<i32, i1>
        %1680 = "neura.data_mov"(%1679) : (!neura.data<i32, i1>) -> !neura.data<i32, i1>
        %1681 = "neura.mul"(%1680) {rhs_value = "%input1"} : (!neura.data<i32, i1>) -> !neura.data<i32, i1>
        %1682 = "neura.data_mov"(%1674) : (!neura.data<index, i1>) -> !neura.data<index, i1>
        %1683 = "neura.data_mov"(%1675) : (!neura.data<index, i1>) -> !neura.data<index, i1>
        %1684 = "neura.load_indexed"(%1682, %1683) <{operandSegmentSizes = array<i32: 0, 2>}> {lhs_value = "%input2"} : (!neura.data<index, i1>, !neura.data<index, i1>) -> !neura.data<i32, i1>
        %1685 = "neura.data_mov"(%1681) : (!neura.data<i32, i1>) -> !neura.data<i32, i1>
        %1686 = "neura.data_mov"(%1684) : (!neura.data<i32, i1>) -> !neura.data<i32, i1>
        %1687 = "neura.div"(%1685, %1686) : (!neura.data<i32, i1>, !neura.data<i32, i1>) -> !neura.data<i32, i1>
        %1688 = "neura.data_mov"(%1687) : (!neura.data<i32, i1>) -> !neura.data<i32, i1>
        %1689 = "neura.data_mov"(%1674) : (!neura.data<index, i1>) -> !neura.data<index, i1>
        %1690 = "neura.data_mov"(%1675) : (!neura.data<index, i1>) -> !neura.data<index, i1>
        %1691 = "neura.data_mov"(%1676) : (!neura.data<index, i1>) -> !neura.data<index, i1>
        "neura.store_indexed"(%1688, %1689, %1690, %1691) <{operandSegmentSizes = array<i32: 1, 0, 3>}> {rhs_value = "%input3"} : (!neura.data<i32, i1>, !neura.data<index, i1>, !neura.data<index, i1>, !neura.data<index, i1>) -> ()
        "neura.yield"() <{operandSegmentSizes = array<i32: 0, 0>}> {yield_type = "void"} : () -> ()
      }) {dataflow_mode = "predicate"} : (memref<?x256xi32>, i32, memref<?x256xi32>, memref<?x256x256xi32>, index) -> ()
      "taskflow.yield"(%arg249) <{operandSegmentSizes = array<i32: 0, 1, 0>}> : (memref<?x256x256xi32>) -> ()
    }) {amoeba.source_iteration_control_binding = "amoeba-source-iteration-domain-v1\0Adomain_witness_bytes=201:amoeba-source-iteration-domain-v1\0Acomplete=1\0Arepresented_multiplicity=25\0Ainternal_multiplicity=1\0Asource_multiplicity=25\0Aaxis_count=2\0Aaxis=T,0,0,5,1,5,0,-1,0,0\0Aaxis=T,1,0,5,1,5,0,-1,0,0\0Areason_bytes=0:\0A\0A\22func.func\22() <{function_type = (memref<?x256xi32>, memref<?x256xi32>, memref<?x256x256xi32>, index, i32, memref<?x256xi32>, memref<?x256x256xi32>) -> (), sym_name = \22__source_domain_binding__\22}> ({\0A^bb0(%arg0: memref<?x256xi32>, %arg1: memref<?x256xi32>, %arg2: memref<?x256x256xi32>, %arg3: index, %arg4: i32, %arg5: memref<?x256xi32>, %arg6: memref<?x256x256xi32>):\0A  %0 = \22taskflow.task\22(%arg0, %arg1, %arg2, %arg3, %arg4, %arg0, %arg5, %arg6) <{operandSegmentSizes = array<i32: 2, 1, 2, 2, 1>, resultSegmentSizes = array<i32: 0, 1, 0>, task_name = \22Task_6\22}> ({\0A  ^bb0(%arg7: memref<?x256xi32>, %arg8: memref<?x256xi32>, %arg9: memref<?x256x256xi32>, %arg10: index, %arg11: i32):\0A    %1 = \22arith.constant\22() <{value = 0 : index}> : () -> index\0A    %2 = \22arith.constant\22() <{value = 1 : index}> : () -> index\0A    %3 = \22taskflow.counter\22(%1, %arg10, %2) <{counter_dynamism = \22symbol_bound\22, counter_hierarchy = \22root\22, counter_id = 0 : i32}> : (index, index, index) -> index\0A    %4 = \22taskflow.counter\22(%3, %1, %arg10, %2) <{counter_dynamism = \22symbol_bound\22, counter_hierarchy = \22leaf\22, counter_id = 1 : i32}> : (index, index, index, index) -> index\0A    \22neura.kernel\22(%arg7, %arg11, %arg8, %arg9, %arg10) <{accelerator = \22neura\22, operandSegmentSizes = array<i32: 5, 0>}> ({\0A    ^bb0(%arg12: !neura.data<memref<?x256xi32>, i1>, %arg13: !neura.data<i32, i1>, %arg14: !neura.data<memref<?x256xi32>, i1>, %arg15: !neura.data<memref<?x256x256xi32>, i1>, %arg16: !neura.data<index, i1>):\0A      %5 = \22neura.constant\22() <{value = 2 : index}> : () -> !neura.data<index, i1>\0A      %6 = \22neura.counter\22() <{counter_dynamism = \22symbol_bound\22, counter_hierarchy = \22root\22, counter_id = 0 : i32, operandSegmentSizes = array<i32: 0, 0, 0>}> {lower_bound_value = 0 : index, step_value = 1 : index, upper_bound_value = \22%input4\22} : () -> !neura.data<index, i1>\0A      %7 = \22neura.counter\22() <{counter_dynamism = \22symbol_bound\22, counter_hierarchy = \22leaf\22, counter_id = 1 : i32, operandSegmentSizes = array<i32: 0, 0, 0>}> {lower_bound_value = 0 : index, step_value = 1 : index, upper_bound_value = \22%input4\22} : () -> !neura.data<index, i1>\0A      %8 = \22neura.data_mov\22(%6) : (!neura.data<index, i1>) -> !neura.data<index, i1>\0A      %9 = \22neura.data_mov\22(%7) : (!neura.data<index, i1>) -> !neura.data<index, i1>\0A      %10 = \22neura.load_indexed\22(%8, %9) <{operandSegmentSizes = array<i32: 0, 2>}> {lhs_value = \22%input0\22} : (!neura.data<index, i1>, !neura.data<index, i1>) -> !neura.data<i32, i1>\0A      %11 = \22neura.data_mov\22(%10) : (!neura.data<i32, i1>) -> !neura.data<i32, i1>\0A      %12 = \22neura.mul\22(%11) {rhs_value = \22%input1\22} : (!neura.data<i32, i1>) -> !neura.data<i32, i1>\0A      %13 = \22neura.data_mov\22(%5) : (!neura.data<index, i1>) -> !neura.data<index, i1>\0A      %14 = \22neura.data_mov\22(%6) : (!neura.data<index, i1>) -> !neura.data<index, i1>\0A      %15 = \22neura.load_indexed\22(%13, %14) <{operandSegmentSizes = array<i32: 0, 2>}> {lhs_value = \22%input2\22} : (!neura.data<index, i1>, !neura.data<index, i1>) -> !neura.data<i32, i1>\0A      %16 = \22neura.data_mov\22(%12) : (!neura.data<i32, i1>) -> !neura.data<i32, i1>\0A      %17 = \22neura.data_mov\22(%15) : (!neura.data<i32, i1>) -> !neura.data<i32, i1>\0A      %18 = \22neura.div\22(%16, %17) : (!neura.data<i32, i1>, !neura.data<i32, i1>) -> !neura.data<i32, i1>\0A      %19 = \22neura.data_mov\22(%18) : (!neura.data<i32, i1>) -> !neura.data<i32, i1>\0A      %20 = \22neura.data_mov\22(%5) : (!neura.data<index, i1>) -> !neura.data<index, i1>\0A      %21 = \22neura.data_mov\22(%6) : (!neura.data<index, i1>) -> !neura.data<index, i1>\0A      %22 = \22neura.data_mov\22(%7) : (!neura.data<index, i1>) -> !neura.data<index, i1>\0A      \22neura.store_indexed\22(%19, %20, %21, %22) <{operandSegmentSizes = array<i32: 1, 0, 3>}> {rhs_value = \22%input3\22} : (!neura.data<i32, i1>, !neura.data<index, i1>, !neura.data<index, i1>, !neura.data<index, i1>) -> ()\0A      \22neura.yield\22() <{operandSegmentSizes = array<i32: 0, 0>}> {yield_type = \22void\22} : () -> ()\0A    }) {dataflow_mode = \22predicate\22} : (memref<?x256xi32>, i32, memref<?x256xi32>, memref<?x256x256xi32>, index) -> ()\0A    \22taskflow.yield\22(%arg9) <{operandSegmentSizes = array<i32: 0, 1, 0>}> : (memref<?x256x256xi32>) -> ()\0A  }) {dlp_replicable = true, runtime_managable = true} : (memref<?x256xi32>, memref<?x256xi32>, memref<?x256x256xi32>, index, i32, memref<?x256xi32>, memref<?x256xi32>, memref<?x256x256xi32>) -> memref<?x256x256xi32>\0A  \22func.return\22() : () -> ()\0A}) : () -> ()", amoeba.source_iteration_domain = {axes = [{carried_values = 0 : i64, expanded_inside_mapper_firing = false, extent = 5 : i64, kind = "taskflow-counter", lower = 0 : i64, ordinal = 0 : i64, parent_counter_ordinal = -1 : i64, result_uses = 0 : i64, step = 1 : i64, upper = 5 : i64}, {carried_values = 0 : i64, expanded_inside_mapper_firing = false, extent = 5 : i64, kind = "taskflow-counter", lower = 0 : i64, ordinal = 1 : i64, parent_counter_ordinal = -1 : i64, result_uses = 0 : i64, step = 1 : i64, upper = 5 : i64}], canonical_witness = "amoeba-source-iteration-domain-v1\0Acomplete=1\0Arepresented_multiplicity=25\0Ainternal_multiplicity=1\0Asource_multiplicity=25\0Aaxis_count=2\0Aaxis=T,0,0,5,1,5,0,-1,0,0\0Aaxis=T,1,0,5,1,5,0,-1,0,0\0Areason_bytes=0:\0A", complete = true, internal_multiplicity = 1 : i64, represented_multiplicity = 25 : i64, schema = "amoeba-source-iteration-domain-v1", source_multiplicity = 25 : i64}, amoeba.source_iteration_source_control_binding = "amoeba-source-iteration-domain-v1\0Adomain_witness_bytes=201:amoeba-source-iteration-domain-v1\0Acomplete=1\0Arepresented_multiplicity=25\0Ainternal_multiplicity=1\0Asource_multiplicity=25\0Aaxis_count=2\0Aaxis=T,0,0,5,1,5,0,-1,0,0\0Aaxis=T,1,0,5,1,5,0,-1,0,0\0Areason_bytes=0:\0A\0A\22func.func\22() <{function_type = (memref<?x256xi32>, memref<?x256xi32>, memref<?x256x256xi32>, index, i32, memref<?x256xi32>, memref<?x256x256xi32>) -> (), sym_name = \22__source_domain_binding__\22}> ({\0A^bb0(%arg0: memref<?x256xi32>, %arg1: memref<?x256xi32>, %arg2: memref<?x256x256xi32>, %arg3: index, %arg4: i32, %arg5: memref<?x256xi32>, %arg6: memref<?x256x256xi32>):\0A  %0 = \22taskflow.task\22(%arg0, %arg1, %arg2, %arg3, %arg4, %arg0, %arg5, %arg6) <{operandSegmentSizes = array<i32: 2, 1, 2, 2, 1>, resultSegmentSizes = array<i32: 0, 1, 0>, task_name = \22Task_6\22}> ({\0A  ^bb0(%arg7: memref<?x256xi32>, %arg8: memref<?x256xi32>, %arg9: memref<?x256x256xi32>, %arg10: index, %arg11: i32):\0A    %1 = \22arith.constant\22() <{value = 0 : index}> : () -> index\0A    %2 = \22arith.constant\22() <{value = 1 : index}> : () -> index\0A    %3 = \22taskflow.counter\22(%1, %arg10, %2) <{counter_dynamism = \22symbol_bound\22, counter_hierarchy = \22root\22, counter_id = 0 : i32}> : (index, index, index) -> index\0A    %4 = \22taskflow.counter\22(%3, %1, %arg10, %2) <{counter_dynamism = \22symbol_bound\22, counter_hierarchy = \22leaf\22, counter_id = 1 : i32}> : (index, index, index, index) -> index\0A    \22neura.kernel\22(%arg7, %arg11, %arg8, %arg9, %arg10) <{accelerator = \22neura\22, operandSegmentSizes = array<i32: 5, 0>}> ({\0A    ^bb0(%arg12: !neura.data<memref<?x256xi32>, i1>, %arg13: !neura.data<i32, i1>, %arg14: !neura.data<memref<?x256xi32>, i1>, %arg15: !neura.data<memref<?x256x256xi32>, i1>, %arg16: !neura.data<index, i1>):\0A      %5 = \22neura.constant\22() <{value = 2 : index}> : () -> !neura.data<index, i1>\0A      %6 = \22neura.counter\22() <{counter_dynamism = \22symbol_bound\22, counter_hierarchy = \22root\22, counter_id = 0 : i32, operandSegmentSizes = array<i32: 0, 0, 0>}> {lower_bound_value = 0 : index, step_value = 1 : index, upper_bound_value = \22%input4\22} : () -> !neura.data<index, i1>\0A      %7 = \22neura.counter\22() <{counter_dynamism = \22symbol_bound\22, counter_hierarchy = \22leaf\22, counter_id = 1 : i32, operandSegmentSizes = array<i32: 0, 0, 0>}> {lower_bound_value = 0 : index, step_value = 1 : index, upper_bound_value = \22%input4\22} : () -> !neura.data<index, i1>\0A      %8 = \22neura.data_mov\22(%6) : (!neura.data<index, i1>) -> !neura.data<index, i1>\0A      %9 = \22neura.data_mov\22(%7) : (!neura.data<index, i1>) -> !neura.data<index, i1>\0A      %10 = \22neura.load_indexed\22(%8, %9) <{operandSegmentSizes = array<i32: 0, 2>}> {lhs_value = \22%input0\22} : (!neura.data<index, i1>, !neura.data<index, i1>) -> !neura.data<i32, i1>\0A      %11 = \22neura.data_mov\22(%10) : (!neura.data<i32, i1>) -> !neura.data<i32, i1>\0A      %12 = \22neura.mul\22(%11) {rhs_value = \22%input1\22} : (!neura.data<i32, i1>) -> !neura.data<i32, i1>\0A      %13 = \22neura.data_mov\22(%5) : (!neura.data<index, i1>) -> !neura.data<index, i1>\0A      %14 = \22neura.data_mov\22(%6) : (!neura.data<index, i1>) -> !neura.data<index, i1>\0A      %15 = \22neura.load_indexed\22(%13, %14) <{operandSegmentSizes = array<i32: 0, 2>}> {lhs_value = \22%input2\22} : (!neura.data<index, i1>, !neura.data<index, i1>) -> !neura.data<i32, i1>\0A      %16 = \22neura.data_mov\22(%12) : (!neura.data<i32, i1>) -> !neura.data<i32, i1>\0A      %17 = \22neura.data_mov\22(%15) : (!neura.data<i32, i1>) -> !neura.data<i32, i1>\0A      %18 = \22neura.div\22(%16, %17) : (!neura.data<i32, i1>, !neura.data<i32, i1>) -> !neura.data<i32, i1>\0A      %19 = \22neura.data_mov\22(%18) : (!neura.data<i32, i1>) -> !neura.data<i32, i1>\0A      %20 = \22neura.data_mov\22(%5) : (!neura.data<index, i1>) -> !neura.data<index, i1>\0A      %21 = \22neura.data_mov\22(%6) : (!neura.data<index, i1>) -> !neura.data<index, i1>\0A      %22 = \22neura.data_mov\22(%7) : (!neura.data<index, i1>) -> !neura.data<index, i1>\0A      \22neura.store_indexed\22(%19, %20, %21, %22) <{operandSegmentSizes = array<i32: 1, 0, 3>}> {rhs_value = \22%input3\22} : (!neura.data<i32, i1>, !neura.data<index, i1>, !neura.data<index, i1>, !neura.data<index, i1>) -> ()\0A      \22neura.yield\22() <{operandSegmentSizes = array<i32: 0, 0>}> {yield_type = \22void\22} : () -> ()\0A    }) {dataflow_mode = \22predicate\22} : (memref<?x256xi32>, i32, memref<?x256xi32>, memref<?x256x256xi32>, index) -> ()\0A    \22taskflow.yield\22(%arg9) <{operandSegmentSizes = array<i32: 0, 1, 0>}> : (memref<?x256x256xi32>) -> ()\0A  }) {dlp_replicable = true, runtime_managable = true} : (memref<?x256xi32>, memref<?x256xi32>, memref<?x256x256xi32>, index, i32, memref<?x256xi32>, memref<?x256xi32>, memref<?x256x256xi32>) -> memref<?x256x256xi32>\0A  \22func.return\22() : () -> ()\0A}) : () -> ()", dlp_replicable = true, runtime_managable = true} : (memref<?x256xi32>, memref<?x256xi32>, memref<?x256x256xi32>, index, i32, memref<?x256xi32>, memref<?x256xi32>, memref<?x256x256xi32>) -> memref<?x256x256xi32>
    %12 = "taskflow.task"(%arg4, %8, %11, %4, %1, %arg4, %arg9, %arg10) <{operandSegmentSizes = array<i32: 2, 1, 2, 2, 1>, resultSegmentSizes = array<i32: 0, 1, 0>, task_name = "Task_7"}> ({
    ^bb0(%arg237: memref<?x256xi32>, %arg238: memref<?x256xi32>, %arg239: memref<?x256x256xi32>, %arg240: index, %arg241: i32):
      %1648 = "arith.constant"() <{value = 0 : index}> : () -> index
      %1649 = "arith.constant"() <{value = 1 : index}> : () -> index
      %1650 = "taskflow.counter"(%1648, %arg240, %1649) <{counter_dynamism = "symbol_bound", counter_hierarchy = "root", counter_id = 0 : i32}> : (index, index, index) -> index
      %1651 = "taskflow.counter"(%1650, %1648, %arg240, %1649) <{counter_dynamism = "symbol_bound", counter_hierarchy = "leaf", counter_id = 1 : i32}> : (index, index, index, index) -> index
      "neura.kernel"(%arg237, %arg241, %arg238, %arg239, %arg240) <{accelerator = "neura", operandSegmentSizes = array<i32: 5, 0>}> ({
      ^bb0(%arg242: !neura.data<memref<?x256xi32>, i1>, %arg243: !neura.data<i32, i1>, %arg244: !neura.data<memref<?x256xi32>, i1>, %arg245: !neura.data<memref<?x256x256xi32>, i1>, %arg246: !neura.data<index, i1>):
        %1652 = "neura.constant"() <{value = 3 : index}> : () -> !neura.data<index, i1>
        %1653 = "neura.counter"() <{counter_dynamism = "symbol_bound", counter_hierarchy = "root", counter_id = 0 : i32, operandSegmentSizes = array<i32: 0, 0, 0>}> {lower_bound_value = 0 : index, step_value = 1 : index, upper_bound_value = "%input4"} : () -> !neura.data<index, i1>
        %1654 = "neura.counter"() <{counter_dynamism = "symbol_bound", counter_hierarchy = "leaf", counter_id = 1 : i32, operandSegmentSizes = array<i32: 0, 0, 0>}> {lower_bound_value = 0 : index, step_value = 1 : index, upper_bound_value = "%input4"} : () -> !neura.data<index, i1>
        %1655 = "neura.data_mov"(%1653) : (!neura.data<index, i1>) -> !neura.data<index, i1>
        %1656 = "neura.data_mov"(%1654) : (!neura.data<index, i1>) -> !neura.data<index, i1>
        %1657 = "neura.load_indexed"(%1655, %1656) <{operandSegmentSizes = array<i32: 0, 2>}> {lhs_value = "%input0"} : (!neura.data<index, i1>, !neura.data<index, i1>) -> !neura.data<i32, i1>
        %1658 = "neura.data_mov"(%1657) : (!neura.data<i32, i1>) -> !neura.data<i32, i1>
        %1659 = "neura.mul"(%1658) {rhs_value = "%input1"} : (!neura.data<i32, i1>) -> !neura.data<i32, i1>
        %1660 = "neura.data_mov"(%1652) : (!neura.data<index, i1>) -> !neura.data<index, i1>
        %1661 = "neura.data_mov"(%1653) : (!neura.data<index, i1>) -> !neura.data<index, i1>
        %1662 = "neura.load_indexed"(%1660, %1661) <{operandSegmentSizes = array<i32: 0, 2>}> {lhs_value = "%input2"} : (!neura.data<index, i1>, !neura.data<index, i1>) -> !neura.data<i32, i1>
        %1663 = "neura.data_mov"(%1659) : (!neura.data<i32, i1>) -> !neura.data<i32, i1>
        %1664 = "neura.data_mov"(%1662) : (!neura.data<i32, i1>) -> !neura.data<i32, i1>
        %1665 = "neura.div"(%1663, %1664) : (!neura.data<i32, i1>, !neura.data<i32, i1>) -> !neura.data<i32, i1>
        %1666 = "neura.data_mov"(%1665) : (!neura.data<i32, i1>) -> !neura.data<i32, i1>
        %1667 = "neura.data_mov"(%1652) : (!neura.data<index, i1>) -> !neura.data<index, i1>
        %1668 = "neura.data_mov"(%1653) : (!neura.data<index, i1>) -> !neura.data<index, i1>
        %1669 = "neura.data_mov"(%1654) : (!neura.data<index, i1>) -> !neura.data<index, i1>
        "neura.store_indexed"(%1666, %1667, %1668, %1669) <{operandSegmentSizes = array<i32: 1, 0, 3>}> {rhs_value = "%input3"} : (!neura.data<i32, i1>, !neura.data<index, i1>, !neura.data<index, i1>, !neura.data<index, i1>) -> ()
        "neura.yield"() <{operandSegmentSizes = array<i32: 0, 0>}> {yield_type = "void"} : () -> ()
      }) {dataflow_mode = "predicate"} : (memref<?x256xi32>, i32, memref<?x256xi32>, memref<?x256x256xi32>, index) -> ()
      "taskflow.yield"(%arg239) <{operandSegmentSizes = array<i32: 0, 1, 0>}> : (memref<?x256x256xi32>) -> ()
    }) {amoeba.source_iteration_control_binding = "amoeba-source-iteration-domain-v1\0Adomain_witness_bytes=201:amoeba-source-iteration-domain-v1\0Acomplete=1\0Arepresented_multiplicity=25\0Ainternal_multiplicity=1\0Asource_multiplicity=25\0Aaxis_count=2\0Aaxis=T,0,0,5,1,5,0,-1,0,0\0Aaxis=T,1,0,5,1,5,0,-1,0,0\0Areason_bytes=0:\0A\0A\22func.func\22() <{function_type = (memref<?x256xi32>, memref<?x256xi32>, memref<?x256x256xi32>, index, i32, memref<?x256xi32>, memref<?x256x256xi32>) -> (), sym_name = \22__source_domain_binding__\22}> ({\0A^bb0(%arg0: memref<?x256xi32>, %arg1: memref<?x256xi32>, %arg2: memref<?x256x256xi32>, %arg3: index, %arg4: i32, %arg5: memref<?x256xi32>, %arg6: memref<?x256x256xi32>):\0A  %0 = \22taskflow.task\22(%arg0, %arg1, %arg2, %arg3, %arg4, %arg0, %arg5, %arg6) <{operandSegmentSizes = array<i32: 2, 1, 2, 2, 1>, resultSegmentSizes = array<i32: 0, 1, 0>, task_name = \22Task_7\22}> ({\0A  ^bb0(%arg7: memref<?x256xi32>, %arg8: memref<?x256xi32>, %arg9: memref<?x256x256xi32>, %arg10: index, %arg11: i32):\0A    %1 = \22arith.constant\22() <{value = 0 : index}> : () -> index\0A    %2 = \22arith.constant\22() <{value = 1 : index}> : () -> index\0A    %3 = \22taskflow.counter\22(%1, %arg10, %2) <{counter_dynamism = \22symbol_bound\22, counter_hierarchy = \22root\22, counter_id = 0 : i32}> : (index, index, index) -> index\0A    %4 = \22taskflow.counter\22(%3, %1, %arg10, %2) <{counter_dynamism = \22symbol_bound\22, counter_hierarchy = \22leaf\22, counter_id = 1 : i32}> : (index, index, index, index) -> index\0A    \22neura.kernel\22(%arg7, %arg11, %arg8, %arg9, %arg10) <{accelerator = \22neura\22, operandSegmentSizes = array<i32: 5, 0>}> ({\0A    ^bb0(%arg12: !neura.data<memref<?x256xi32>, i1>, %arg13: !neura.data<i32, i1>, %arg14: !neura.data<memref<?x256xi32>, i1>, %arg15: !neura.data<memref<?x256x256xi32>, i1>, %arg16: !neura.data<index, i1>):\0A      %5 = \22neura.constant\22() <{value = 3 : index}> : () -> !neura.data<index, i1>\0A      %6 = \22neura.counter\22() <{counter_dynamism = \22symbol_bound\22, counter_hierarchy = \22root\22, counter_id = 0 : i32, operandSegmentSizes = array<i32: 0, 0, 0>}> {lower_bound_value = 0 : index, step_value = 1 : index, upper_bound_value = \22%input4\22} : () -> !neura.data<index, i1>\0A      %7 = \22neura.counter\22() <{counter_dynamism = \22symbol_bound\22, counter_hierarchy = \22leaf\22, counter_id = 1 : i32, operandSegmentSizes = array<i32: 0, 0, 0>}> {lower_bound_value = 0 : index, step_value = 1 : index, upper_bound_value = \22%input4\22} : () -> !neura.data<index, i1>\0A      %8 = \22neura.data_mov\22(%6) : (!neura.data<index, i1>) -> !neura.data<index, i1>\0A      %9 = \22neura.data_mov\22(%7) : (!neura.data<index, i1>) -> !neura.data<index, i1>\0A      %10 = \22neura.load_indexed\22(%8, %9) <{operandSegmentSizes = array<i32: 0, 2>}> {lhs_value = \22%input0\22} : (!neura.data<index, i1>, !neura.data<index, i1>) -> !neura.data<i32, i1>\0A      %11 = \22neura.data_mov\22(%10) : (!neura.data<i32, i1>) -> !neura.data<i32, i1>\0A      %12 = \22neura.mul\22(%11) {rhs_value = \22%input1\22} : (!neura.data<i32, i1>) -> !neura.data<i32, i1>\0A      %13 = \22neura.data_mov\22(%5) : (!neura.data<index, i1>) -> !neura.data<index, i1>\0A      %14 = \22neura.data_mov\22(%6) : (!neura.data<index, i1>) -> !neura.data<index, i1>\0A      %15 = \22neura.load_indexed\22(%13, %14) <{operandSegmentSizes = array<i32: 0, 2>}> {lhs_value = \22%input2\22} : (!neura.data<index, i1>, !neura.data<index, i1>) -> !neura.data<i32, i1>\0A      %16 = \22neura.data_mov\22(%12) : (!neura.data<i32, i1>) -> !neura.data<i32, i1>\0A      %17 = \22neura.data_mov\22(%15) : (!neura.data<i32, i1>) -> !neura.data<i32, i1>\0A      %18 = \22neura.div\22(%16, %17) : (!neura.data<i32, i1>, !neura.data<i32, i1>) -> !neura.data<i32, i1>\0A      %19 = \22neura.data_mov\22(%18) : (!neura.data<i32, i1>) -> !neura.data<i32, i1>\0A      %20 = \22neura.data_mov\22(%5) : (!neura.data<index, i1>) -> !neura.data<index, i1>\0A      %21 = \22neura.data_mov\22(%6) : (!neura.data<index, i1>) -> !neura.data<index, i1>\0A      %22 = \22neura.data_mov\22(%7) : (!neura.data<index, i1>) -> !neura.data<index, i1>\0A      \22neura.store_indexed\22(%19, %20, %21, %22) <{operandSegmentSizes = array<i32: 1, 0, 3>}> {rhs_value = \22%input3\22} : (!neura.data<i32, i1>, !neura.data<index, i1>, !neura.data<index, i1>, !neura.data<index, i1>) -> ()\0A      \22neura.yield\22() <{operandSegmentSizes = array<i32: 0, 0>}> {yield_type = \22void\22} : () -> ()\0A    }) {dataflow_mode = \22predicate\22} : (memref<?x256xi32>, i32, memref<?x256xi32>, memref<?x256x256xi32>, index) -> ()\0A    \22taskflow.yield\22(%arg9) <{operandSegmentSizes = array<i32: 0, 1, 0>}> : (memref<?x256x256xi32>) -> ()\0A  }) {dlp_replicable = true, runtime_managable = true} : (memref<?x256xi32>, memref<?x256xi32>, memref<?x256x256xi32>, index, i32, memref<?x256xi32>, memref<?x256xi32>, memref<?x256x256xi32>) -> memref<?x256x256xi32>\0A  \22func.return\22() : () -> ()\0A}) : () -> ()", amoeba.source_iteration_domain = {axes = [{carried_values = 0 : i64, expanded_inside_mapper_firing = false, extent = 5 : i64, kind = "taskflow-counter", lower = 0 : i64, ordinal = 0 : i64, parent_counter_ordinal = -1 : i64, result_uses = 0 : i64, step = 1 : i64, upper = 5 : i64}, {carried_values = 0 : i64, expanded_inside_mapper_firing = false, extent = 5 : i64, kind = "taskflow-counter", lower = 0 : i64, ordinal = 1 : i64, parent_counter_ordinal = -1 : i64, result_uses = 0 : i64, step = 1 : i64, upper = 5 : i64}], canonical_witness = "amoeba-source-iteration-domain-v1\0Acomplete=1\0Arepresented_multiplicity=25\0Ainternal_multiplicity=1\0Asource_multiplicity=25\0Aaxis_count=2\0Aaxis=T,0,0,5,1,5,0,-1,0,0\0Aaxis=T,1,0,5,1,5,0,-1,0,0\0Areason_bytes=0:\0A", complete = true, internal_multiplicity = 1 : i64, represented_multiplicity = 25 : i64, schema = "amoeba-source-iteration-domain-v1", source_multiplicity = 25 : i64}, amoeba.source_iteration_source_control_binding = "amoeba-source-iteration-domain-v1\0Adomain_witness_bytes=201:amoeba-source-iteration-domain-v1\0Acomplete=1\0Arepresented_multiplicity=25\0Ainternal_multiplicity=1\0Asource_multiplicity=25\0Aaxis_count=2\0Aaxis=T,0,0,5,1,5,0,-1,0,0\0Aaxis=T,1,0,5,1,5,0,-1,0,0\0Areason_bytes=0:\0A\0A\22func.func\22() <{function_type = (memref<?x256xi32>, memref<?x256xi32>, memref<?x256x256xi32>, index, i32, memref<?x256xi32>, memref<?x256x256xi32>) -> (), sym_name = \22__source_domain_binding__\22}> ({\0A^bb0(%arg0: memref<?x256xi32>, %arg1: memref<?x256xi32>, %arg2: memref<?x256x256xi32>, %arg3: index, %arg4: i32, %arg5: memref<?x256xi32>, %arg6: memref<?x256x256xi32>):\0A  %0 = \22taskflow.task\22(%arg0, %arg1, %arg2, %arg3, %arg4, %arg0, %arg5, %arg6) <{operandSegmentSizes = array<i32: 2, 1, 2, 2, 1>, resultSegmentSizes = array<i32: 0, 1, 0>, task_name = \22Task_7\22}> ({\0A  ^bb0(%arg7: memref<?x256xi32>, %arg8: memref<?x256xi32>, %arg9: memref<?x256x256xi32>, %arg10: index, %arg11: i32):\0A    %1 = \22arith.constant\22() <{value = 0 : index}> : () -> index\0A    %2 = \22arith.constant\22() <{value = 1 : index}> : () -> index\0A    %3 = \22taskflow.counter\22(%1, %arg10, %2) <{counter_dynamism = \22symbol_bound\22, counter_hierarchy = \22root\22, counter_id = 0 : i32}> : (index, index, index) -> index\0A    %4 = \22taskflow.counter\22(%3, %1, %arg10, %2) <{counter_dynamism = \22symbol_bound\22, counter_hierarchy = \22leaf\22, counter_id = 1 : i32}> : (index, index, index, index) -> index\0A    \22neura.kernel\22(%arg7, %arg11, %arg8, %arg9, %arg10) <{accelerator = \22neura\22, operandSegmentSizes = array<i32: 5, 0>}> ({\0A    ^bb0(%arg12: !neura.data<memref<?x256xi32>, i1>, %arg13: !neura.data<i32, i1>, %arg14: !neura.data<memref<?x256xi32>, i1>, %arg15: !neura.data<memref<?x256x256xi32>, i1>, %arg16: !neura.data<index, i1>):\0A      %5 = \22neura.constant\22() <{value = 3 : index}> : () -> !neura.data<index, i1>\0A      %6 = \22neura.counter\22() <{counter_dynamism = \22symbol_bound\22, counter_hierarchy = \22root\22, counter_id = 0 : i32, operandSegmentSizes = array<i32: 0, 0, 0>}> {lower_bound_value = 0 : index, step_value = 1 : index, upper_bound_value = \22%input4\22} : () -> !neura.data<index, i1>\0A      %7 = \22neura.counter\22() <{counter_dynamism = \22symbol_bound\22, counter_hierarchy = \22leaf\22, counter_id = 1 : i32, operandSegmentSizes = array<i32: 0, 0, 0>}> {lower_bound_value = 0 : index, step_value = 1 : index, upper_bound_value = \22%input4\22} : () -> !neura.data<index, i1>\0A      %8 = \22neura.data_mov\22(%6) : (!neura.data<index, i1>) -> !neura.data<index, i1>\0A      %9 = \22neura.data_mov\22(%7) : (!neura.data<index, i1>) -> !neura.data<index, i1>\0A      %10 = \22neura.load_indexed\22(%8, %9) <{operandSegmentSizes = array<i32: 0, 2>}> {lhs_value = \22%input0\22} : (!neura.data<index, i1>, !neura.data<index, i1>) -> !neura.data<i32, i1>\0A      %11 = \22neura.data_mov\22(%10) : (!neura.data<i32, i1>) -> !neura.data<i32, i1>\0A      %12 = \22neura.mul\22(%11) {rhs_value = \22%input1\22} : (!neura.data<i32, i1>) -> !neura.data<i32, i1>\0A      %13 = \22neura.data_mov\22(%5) : (!neura.data<index, i1>) -> !neura.data<index, i1>\0A      %14 = \22neura.data_mov\22(%6) : (!neura.data<index, i1>) -> !neura.data<index, i1>\0A      %15 = \22neura.load_indexed\22(%13, %14) <{operandSegmentSizes = array<i32: 0, 2>}> {lhs_value = \22%input2\22} : (!neura.data<index, i1>, !neura.data<index, i1>) -> !neura.data<i32, i1>\0A      %16 = \22neura.data_mov\22(%12) : (!neura.data<i32, i1>) -> !neura.data<i32, i1>\0A      %17 = \22neura.data_mov\22(%15) : (!neura.data<i32, i1>) -> !neura.data<i32, i1>\0A      %18 = \22neura.div\22(%16, %17) : (!neura.data<i32, i1>, !neura.data<i32, i1>) -> !neura.data<i32, i1>\0A      %19 = \22neura.data_mov\22(%18) : (!neura.data<i32, i1>) -> !neura.data<i32, i1>\0A      %20 = \22neura.data_mov\22(%5) : (!neura.data<index, i1>) -> !neura.data<index, i1>\0A      %21 = \22neura.data_mov\22(%6) : (!neura.data<index, i1>) -> !neura.data<index, i1>\0A      %22 = \22neura.data_mov\22(%7) : (!neura.data<index, i1>) -> !neura.data<index, i1>\0A      \22neura.store_indexed\22(%19, %20, %21, %22) <{operandSegmentSizes = array<i32: 1, 0, 3>}> {rhs_value = \22%input3\22} : (!neura.data<i32, i1>, !neura.data<index, i1>, !neura.data<index, i1>, !neura.data<index, i1>) -> ()\0A      \22neura.yield\22() <{operandSegmentSizes = array<i32: 0, 0>}> {yield_type = \22void\22} : () -> ()\0A    }) {dataflow_mode = \22predicate\22} : (memref<?x256xi32>, i32, memref<?x256xi32>, memref<?x256x256xi32>, index) -> ()\0A    \22taskflow.yield\22(%arg9) <{operandSegmentSizes = array<i32: 0, 1, 0>}> : (memref<?x256x256xi32>) -> ()\0A  }) {dlp_replicable = true, runtime_managable = true} : (memref<?x256xi32>, memref<?x256xi32>, memref<?x256x256xi32>, index, i32, memref<?x256xi32>, memref<?x256xi32>, memref<?x256x256xi32>) -> memref<?x256x256xi32>\0A  \22func.return\22() : () -> ()\0A}) : () -> ()", dlp_replicable = true, runtime_managable = true} : (memref<?x256xi32>, memref<?x256xi32>, memref<?x256x256xi32>, index, i32, memref<?x256xi32>, memref<?x256xi32>, memref<?x256x256xi32>) -> memref<?x256x256xi32>
    %13 = "taskflow.task"(%arg5, %arg6, %arg11, %arg11, %4, %3, %arg5, %arg6, %arg11, %arg11) <{operandSegmentSizes = array<i32: 3, 1, 2, 3, 1>, resultSegmentSizes = array<i32: 0, 1, 0>, task_name = "Task_8"}> ({
    ^bb0(%arg226: memref<?x16xi32>, %arg227: memref<?x16xi32>, %arg228: memref<?x256x16xi32>, %arg229: memref<?x256x16xi32>, %arg230: index, %arg231: i32):
      %1570 = "arith.constant"() <{value = 16 : index}> : () -> index
      %1571 = "arith.constant"() <{value = 0 : index}> : () -> index
      %1572 = "arith.constant"() <{value = 1 : index}> : () -> index
      %1573 = "taskflow.counter"(%1571, %arg230, %1572) <{counter_dynamism = "symbol_bound", counter_hierarchy = "root", counter_id = 0 : i32}> : (index, index, index) -> index
      %1574 = "taskflow.counter"(%1573, %1571, %1570, %1572) <{counter_dynamism = "constant_bound", counter_hierarchy = "relay", counter_id = 1 : i32}> : (index, index, index, index) -> index
      %1575 = "taskflow.counter"(%1574, %1571, %1570, %1572) <{counter_dynamism = "constant_bound", counter_hierarchy = "leaf", counter_id = 2 : i32}> : (index, index, index, index) -> index
      "neura.kernel"(%arg231, %arg229, %arg226, %arg227, %arg230) <{accelerator = "neura", operandSegmentSizes = array<i32: 5, 0>}> ({
      ^bb0(%arg232: !neura.data<i32, i1>, %arg233: !neura.data<memref<?x256x16xi32>, i1>, %arg234: !neura.data<memref<?x16xi32>, i1>, %arg235: !neura.data<memref<?x16xi32>, i1>, %arg236: !neura.data<index, i1>):
        %1576 = "neura.constant"() <{value = "%input1"}> : () -> !neura.data<memref<?x256x16xi32>, i1>
        %1577 = "neura.constant"() <{value = 0 : index}> : () -> !neura.data<index, i1>
        %1578 = "neura.counter"() <{counter_dynamism = "symbol_bound", counter_hierarchy = "root", counter_id = 0 : i32, operandSegmentSizes = array<i32: 0, 0, 0>}> {lower_bound_value = 0 : index, step_value = 1 : index, upper_bound_value = "%input4"} : () -> !neura.data<index, i1>
        %1579 = "neura.counter"() <{counter_dynamism = "constant_bound", counter_hierarchy = "relay", counter_id = 1 : i32, operandSegmentSizes = array<i32: 0, 0, 0>}> {lower_bound_value = 0 : index, step_value = 1 : index, upper_bound_value = 16 : index} : () -> !neura.data<index, i1>
        %1580 = "neura.counter"() <{counter_dynamism = "constant_bound", counter_hierarchy = "leaf", counter_id = 2 : i32, operandSegmentSizes = array<i32: 0, 0, 0>}> {lower_bound_value = 0 : index, step_value = 1 : index, upper_bound_value = 16 : index} : () -> !neura.data<index, i1>
        %1581 = "neura.data_mov"(%1580) : (!neura.data<index, i1>) -> !neura.data<index, i1>
        %1582 = "neura.icmp"(%1581) <{cmpType = "eq"}> {rhs_value = 0 : index} : (!neura.data<index, i1>) -> !neura.data<i1, i1>
        %1583 = "neura.data_mov"(%1576) : (!neura.data<memref<?x256x16xi32>, i1>) -> !neura.data<memref<?x256x16xi32>, i1>
        %1584 = "neura.data_mov"(%1582) : (!neura.data<i1, i1>) -> !neura.data<i1, i1>
        %1585 = "neura.grant_predicate"(%1583, %1584) : (!neura.data<memref<?x256x16xi32>, i1>, !neura.data<i1, i1>) -> !neura.data<memref<?x256x16xi32>, i1>
        %1586 = "neura.data_mov"(%1577) : (!neura.data<index, i1>) -> !neura.data<index, i1>
        %1587 = "neura.data_mov"(%1582) : (!neura.data<i1, i1>) -> !neura.data<i1, i1>
        %1588 = "neura.grant_predicate"(%1586, %1587) : (!neura.data<index, i1>, !neura.data<i1, i1>) -> !neura.data<index, i1>
        %1589 = "neura.data_mov"(%1578) : (!neura.data<index, i1>) -> !neura.data<index, i1>
        %1590 = "neura.data_mov"(%1582) : (!neura.data<i1, i1>) -> !neura.data<i1, i1>
        %1591 = "neura.grant_predicate"(%1589, %1590) : (!neura.data<index, i1>, !neura.data<i1, i1>) -> !neura.data<index, i1>
        %1592 = "neura.data_mov"(%1579) : (!neura.data<index, i1>) -> !neura.data<index, i1>
        %1593 = "neura.data_mov"(%1582) : (!neura.data<i1, i1>) -> !neura.data<i1, i1>
        %1594 = "neura.grant_predicate"(%1592, %1593) : (!neura.data<index, i1>, !neura.data<i1, i1>) -> !neura.data<index, i1>
        %1595 = "neura.data_mov"(%1580) : (!neura.data<index, i1>) -> !neura.data<index, i1>
        %1596 = "neura.data_mov"(%1582) : (!neura.data<i1, i1>) -> !neura.data<i1, i1>
        %1597 = "neura.grant_predicate"(%1595, %1596) : (!neura.data<index, i1>, !neura.data<i1, i1>) -> !neura.data<index, i1>
        %1598 = "neura.data_mov"(%1582) : (!neura.data<i1, i1>) -> !neura.data<i1, i1>
        %1599 = "neura.not"(%1598) : (!neura.data<i1, i1>) -> !neura.data<i1, i1>
        %1600 = "neura.data_mov"(%1578) : (!neura.data<index, i1>) -> !neura.data<index, i1>
        %1601 = "neura.data_mov"(%1599) : (!neura.data<i1, i1>) -> !neura.data<i1, i1>
        %1602 = "neura.grant_predicate"(%1600, %1601) : (!neura.data<index, i1>, !neura.data<i1, i1>) -> !neura.data<index, i1>
        %1603 = "neura.data_mov"(%1580) : (!neura.data<index, i1>) -> !neura.data<index, i1>
        %1604 = "neura.data_mov"(%1599) : (!neura.data<i1, i1>) -> !neura.data<i1, i1>
        %1605 = "neura.grant_predicate"(%1603, %1604) : (!neura.data<index, i1>, !neura.data<i1, i1>) -> !neura.data<index, i1>
        %1606 = "neura.data_mov"(%1579) : (!neura.data<index, i1>) -> !neura.data<index, i1>
        %1607 = "neura.data_mov"(%1599) : (!neura.data<i1, i1>) -> !neura.data<i1, i1>
        %1608 = "neura.grant_predicate"(%1606, %1607) : (!neura.data<index, i1>, !neura.data<i1, i1>) -> !neura.data<index, i1>
        %1609 = "neura.data_mov"(%1577) : (!neura.data<index, i1>) -> !neura.data<index, i1>
        %1610 = "neura.data_mov"(%1599) : (!neura.data<i1, i1>) -> !neura.data<i1, i1>
        %1611 = "neura.grant_predicate"(%1609, %1610) : (!neura.data<index, i1>, !neura.data<i1, i1>) -> !neura.data<index, i1>
        %1612 = "neura.data_mov"(%1585) : (!neura.data<memref<?x256x16xi32>, i1>) -> !neura.data<memref<?x256x16xi32>, i1>
        %1613 = "neura.data_mov"(%1588) : (!neura.data<index, i1>) -> !neura.data<index, i1>
        %1614 = "neura.data_mov"(%1591) : (!neura.data<index, i1>) -> !neura.data<index, i1>
        %1615 = "neura.data_mov"(%1594) : (!neura.data<index, i1>) -> !neura.data<index, i1>
        "neura.store_indexed"(%1612, %1613, %1614, %1615) <{operandSegmentSizes = array<i32: 0, 1, 3>}> {lhs_value = "%input0"} : (!neura.data<memref<?x256x16xi32>, i1>, !neura.data<index, i1>, !neura.data<index, i1>, !neura.data<index, i1>) -> ()
        %1616 = "neura.data_mov"(%1611) : (!neura.data<index, i1>) -> !neura.data<index, i1>
        %1617 = "neura.data_mov"(%1588) : (!neura.data<index, i1>) -> !neura.data<index, i1>
        %1618 = "neura.phi"(%1616, %1617) : (!neura.data<index, i1>, !neura.data<index, i1>) -> !neura.data<index, i1>
        %1619 = "neura.data_mov"(%1608) : (!neura.data<index, i1>) -> !neura.data<index, i1>
        %1620 = "neura.data_mov"(%1594) : (!neura.data<index, i1>) -> !neura.data<index, i1>
        %1621 = "neura.phi"(%1619, %1620) : (!neura.data<index, i1>, !neura.data<index, i1>) -> !neura.data<index, i1>
        %1622 = "neura.data_mov"(%1605) : (!neura.data<index, i1>) -> !neura.data<index, i1>
        %1623 = "neura.data_mov"(%1597) : (!neura.data<index, i1>) -> !neura.data<index, i1>
        %1624 = "neura.phi"(%1622, %1623) : (!neura.data<index, i1>, !neura.data<index, i1>) -> !neura.data<index, i1>
        %1625 = "neura.data_mov"(%1602) : (!neura.data<index, i1>) -> !neura.data<index, i1>
        %1626 = "neura.data_mov"(%1591) : (!neura.data<index, i1>) -> !neura.data<index, i1>
        %1627 = "neura.phi"(%1625, %1626) : (!neura.data<index, i1>, !neura.data<index, i1>) -> !neura.data<index, i1>
        %1628 = "neura.data_mov"(%1627) : (!neura.data<index, i1>) -> !neura.data<index, i1>
        %1629 = "neura.data_mov"(%1624) : (!neura.data<index, i1>) -> !neura.data<index, i1>
        %1630 = "neura.load_indexed"(%1628, %1629) <{operandSegmentSizes = array<i32: 0, 2>}> {lhs_value = "%input2"} : (!neura.data<index, i1>, !neura.data<index, i1>) -> !neura.data<i32, i1>
        %1631 = "neura.data_mov"(%1624) : (!neura.data<index, i1>) -> !neura.data<index, i1>
        %1632 = "neura.data_mov"(%1621) : (!neura.data<index, i1>) -> !neura.data<index, i1>
        %1633 = "neura.load_indexed"(%1631, %1632) <{operandSegmentSizes = array<i32: 0, 2>}> {lhs_value = "%input3"} : (!neura.data<index, i1>, !neura.data<index, i1>) -> !neura.data<i32, i1>
        %1634 = "neura.data_mov"(%1630) : (!neura.data<i32, i1>) -> !neura.data<i32, i1>
        %1635 = "neura.data_mov"(%1633) : (!neura.data<i32, i1>) -> !neura.data<i32, i1>
        %1636 = "neura.mul"(%1634, %1635) : (!neura.data<i32, i1>, !neura.data<i32, i1>) -> !neura.data<i32, i1>
        %1637 = "neura.data_mov"(%1618) : (!neura.data<index, i1>) -> !neura.data<index, i1>
        %1638 = "neura.data_mov"(%1627) : (!neura.data<index, i1>) -> !neura.data<index, i1>
        %1639 = "neura.data_mov"(%1621) : (!neura.data<index, i1>) -> !neura.data<index, i1>
        %1640 = "neura.load_indexed"(%1637, %1638, %1639) <{operandSegmentSizes = array<i32: 0, 3>}> {lhs_value = "%input1"} : (!neura.data<index, i1>, !neura.data<index, i1>, !neura.data<index, i1>) -> !neura.data<i32, i1>
        %1641 = "neura.data_mov"(%1640) : (!neura.data<i32, i1>) -> !neura.data<i32, i1>
        %1642 = "neura.data_mov"(%1636) : (!neura.data<i32, i1>) -> !neura.data<i32, i1>
        %1643 = "neura.add"(%1641, %1642) : (!neura.data<i32, i1>, !neura.data<i32, i1>) -> !neura.data<i32, i1>
        %1644 = "neura.data_mov"(%1643) : (!neura.data<i32, i1>) -> !neura.data<i32, i1>
        %1645 = "neura.data_mov"(%1618) : (!neura.data<index, i1>) -> !neura.data<index, i1>
        %1646 = "neura.data_mov"(%1627) : (!neura.data<index, i1>) -> !neura.data<index, i1>
        %1647 = "neura.data_mov"(%1621) : (!neura.data<index, i1>) -> !neura.data<index, i1>
        "neura.store_indexed"(%1644, %1645, %1646, %1647) <{operandSegmentSizes = array<i32: 1, 0, 3>}> {rhs_value = "%input1"} : (!neura.data<i32, i1>, !neura.data<index, i1>, !neura.data<index, i1>, !neura.data<index, i1>) -> ()
        "neura.yield"() <{operandSegmentSizes = array<i32: 0, 0>}> {yield_type = "void"} : () -> ()
      }) {dataflow_mode = "predicate"} : (i32, memref<?x256x16xi32>, memref<?x16xi32>, memref<?x16xi32>, index) -> ()
      "taskflow.yield"(%arg229) <{operandSegmentSizes = array<i32: 0, 1, 0>}> : (memref<?x256x16xi32>) -> ()
    }) {amoeba.source_iteration_control_binding = "amoeba-source-iteration-domain-v1\0Adomain_witness_bytes=235:amoeba-source-iteration-domain-v1\0Acomplete=1\0Arepresented_multiplicity=1280\0Ainternal_multiplicity=1\0Asource_multiplicity=1280\0Aaxis_count=3\0Aaxis=T,0,0,5,1,5,0,-1,0,0\0Aaxis=T,1,0,16,1,16,0,-1,0,0\0Aaxis=T,2,0,16,1,16,0,-1,0,0\0Areason_bytes=0:\0A\0A\22func.func\22() <{function_type = (memref<?x16xi32>, memref<?x16xi32>, memref<?x256x16xi32>, index, i32) -> (), sym_name = \22__source_domain_binding__\22}> ({\0A^bb0(%arg0: memref<?x16xi32>, %arg1: memref<?x16xi32>, %arg2: memref<?x256x16xi32>, %arg3: index, %arg4: i32):\0A  %0 = \22taskflow.task\22(%arg0, %arg1, %arg2, %arg2, %arg3, %arg4, %arg0, %arg1, %arg2, %arg2) <{operandSegmentSizes = array<i32: 3, 1, 2, 3, 1>, resultSegmentSizes = array<i32: 0, 1, 0>, task_name = \22Task_8\22}> ({\0A  ^bb0(%arg5: memref<?x16xi32>, %arg6: memref<?x16xi32>, %arg7: memref<?x256x16xi32>, %arg8: memref<?x256x16xi32>, %arg9: index, %arg10: i32):\0A    %1 = \22arith.constant\22() <{value = 16 : index}> : () -> index\0A    %2 = \22arith.constant\22() <{value = 0 : index}> : () -> index\0A    %3 = \22arith.constant\22() <{value = 1 : index}> : () -> index\0A    %4 = \22taskflow.counter\22(%2, %arg9, %3) <{counter_dynamism = \22symbol_bound\22, counter_hierarchy = \22root\22, counter_id = 0 : i32}> : (index, index, index) -> index\0A    %5 = \22taskflow.counter\22(%4, %2, %1, %3) <{counter_dynamism = \22constant_bound\22, counter_hierarchy = \22relay\22, counter_id = 1 : i32}> : (index, index, index, index) -> index\0A    %6 = \22taskflow.counter\22(%5, %2, %1, %3) <{counter_dynamism = \22constant_bound\22, counter_hierarchy = \22leaf\22, counter_id = 2 : i32}> : (index, index, index, index) -> index\0A    \22neura.kernel\22(%arg10, %arg8, %arg5, %arg6, %arg9) <{accelerator = \22neura\22, operandSegmentSizes = array<i32: 5, 0>}> ({\0A    ^bb0(%arg11: !neura.data<i32, i1>, %arg12: !neura.data<memref<?x256x16xi32>, i1>, %arg13: !neura.data<memref<?x16xi32>, i1>, %arg14: !neura.data<memref<?x16xi32>, i1>, %arg15: !neura.data<index, i1>):\0A      %7 = \22neura.constant\22() <{value = \22%input1\22}> : () -> !neura.data<memref<?x256x16xi32>, i1>\0A      %8 = \22neura.constant\22() <{value = 0 : index}> : () -> !neura.data<index, i1>\0A      %9 = \22neura.counter\22() <{counter_dynamism = \22symbol_bound\22, counter_hierarchy = \22root\22, counter_id = 0 : i32, operandSegmentSizes = array<i32: 0, 0, 0>}> {lower_bound_value = 0 : index, step_value = 1 : index, upper_bound_value = \22%input4\22} : () -> !neura.data<index, i1>\0A      %10 = \22neura.counter\22() <{counter_dynamism = \22constant_bound\22, counter_hierarchy = \22relay\22, counter_id = 1 : i32, operandSegmentSizes = array<i32: 0, 0, 0>}> {lower_bound_value = 0 : index, step_value = 1 : index, upper_bound_value = 16 : index} : () -> !neura.data<index, i1>\0A      %11 = \22neura.counter\22() <{counter_dynamism = \22constant_bound\22, counter_hierarchy = \22leaf\22, counter_id = 2 : i32, operandSegmentSizes = array<i32: 0, 0, 0>}> {lower_bound_value = 0 : index, step_value = 1 : index, upper_bound_value = 16 : index} : () -> !neura.data<index, i1>\0A      %12 = \22neura.data_mov\22(%11) : (!neura.data<index, i1>) -> !neura.data<index, i1>\0A      %13 = \22neura.icmp\22(%12) <{cmpType = \22eq\22}> {rhs_value = 0 : index} : (!neura.data<index, i1>) -> !neura.data<i1, i1>\0A      %14 = \22neura.data_mov\22(%7) : (!neura.data<memref<?x256x16xi32>, i1>) -> !neura.data<memref<?x256x16xi32>, i1>\0A      %15 = \22neura.data_mov\22(%13) : (!neura.data<i1, i1>) -> !neura.data<i1, i1>\0A      %16 = \22neura.grant_predicate\22(%14, %15) : (!neura.data<memref<?x256x16xi32>, i1>, !neura.data<i1, i1>) -> !neura.data<memref<?x256x16xi32>, i1>\0A      %17 = \22neura.data_mov\22(%8) : (!neura.data<index, i1>) -> !neura.data<index, i1>\0A      %18 = \22neura.data_mov\22(%13) : (!neura.data<i1, i1>) -> !neura.data<i1, i1>\0A      %19 = \22neura.grant_predicate\22(%17, %18) : (!neura.data<index, i1>, !neura.data<i1, i1>) -> !neura.data<index, i1>\0A      %20 = \22neura.data_mov\22(%9) : (!neura.data<index, i1>) -> !neura.data<index, i1>\0A      %21 = \22neura.data_mov\22(%13) : (!neura.data<i1, i1>) -> !neura.data<i1, i1>\0A      %22 = \22neura.grant_predicate\22(%20, %21) : (!neura.data<index, i1>, !neura.data<i1, i1>) -> !neura.data<index, i1>\0A      %23 = \22neura.data_mov\22(%10) : (!neura.data<index, i1>) -> !neura.data<index, i1>\0A      %24 = \22neura.data_mov\22(%13) : (!neura.data<i1, i1>) -> !neura.data<i1, i1>\0A      %25 = \22neura.grant_predicate\22(%23, %24) : (!neura.data<index, i1>, !neura.data<i1, i1>) -> !neura.data<index, i1>\0A      %26 = \22neura.data_mov\22(%11) : (!neura.data<index, i1>) -> !neura.data<index, i1>\0A      %27 = \22neura.data_mov\22(%13) : (!neura.data<i1, i1>) -> !neura.data<i1, i1>\0A      %28 = \22neura.grant_predicate\22(%26, %27) : (!neura.data<index, i1>, !neura.data<i1, i1>) -> !neura.data<index, i1>\0A      %29 = \22neura.data_mov\22(%13) : (!neura.data<i1, i1>) -> !neura.data<i1, i1>\0A      %30 = \22neura.not\22(%29) : (!neura.data<i1, i1>) -> !neura.data<i1, i1>\0A      %31 = \22neura.data_mov\22(%9) : (!neura.data<index, i1>) -> !neura.data<index, i1>\0A      %32 = \22neura.data_mov\22(%30) : (!neura.data<i1, i1>) -> !neura.data<i1, i1>\0A      %33 = \22neura.grant_predicate\22(%31, %32) : (!neura.data<index, i1>, !neura.data<i1, i1>) -> !neura.data<index, i1>\0A      %34 = \22neura.data_mov\22(%11) : (!neura.data<index, i1>) -> !neura.data<index, i1>\0A      %35 = \22neura.data_mov\22(%30) : (!neura.data<i1, i1>) -> !neura.data<i1, i1>\0A      %36 = \22neura.grant_predicate\22(%34, %35) : (!neura.data<index, i1>, !neura.data<i1, i1>) -> !neura.data<index, i1>\0A      %37 = \22neura.data_mov\22(%10) : (!neura.data<index, i1>) -> !neura.data<index, i1>\0A      %38 = \22neura.data_mov\22(%30) : (!neura.data<i1, i1>) -> !neura.data<i1, i1>\0A      %39 = \22neura.grant_predicate\22(%37, %38) : (!neura.data<index, i1>, !neura.data<i1, i1>) -> !neura.data<index, i1>\0A      %40 = \22neura.data_mov\22(%8) : (!neura.data<index, i1>) -> !neura.data<index, i1>\0A      %41 = \22neura.data_mov\22(%30) : (!neura.data<i1, i1>) -> !neura.data<i1, i1>\0A      %42 = \22neura.grant_predicate\22(%40, %41) : (!neura.data<index, i1>, !neura.data<i1, i1>) -> !neura.data<index, i1>\0A      %43 = \22neura.data_mov\22(%16) : (!neura.data<memref<?x256x16xi32>, i1>) -> !neura.data<memref<?x256x16xi32>, i1>\0A      %44 = \22neura.data_mov\22(%19) : (!neura.data<index, i1>) -> !neura.data<index, i1>\0A      %45 = \22neura.data_mov\22(%22) : (!neura.data<index, i1>) -> !neura.data<index, i1>\0A      %46 = \22neura.data_mov\22(%25) : (!neura.data<index, i1>) -> !neura.data<index, i1>\0A      \22neura.store_indexed\22(%43, %44, %45, %46) <{operandSegmentSizes = array<i32: 0, 1, 3>}> {lhs_value = \22%input0\22} : (!neura.data<memref<?x256x16xi32>, i1>, !neura.data<index, i1>, !neura.data<index, i1>, !neura.data<index, i1>) -> ()\0A      %47 = \22neura.data_mov\22(%42) : (!neura.data<index, i1>) -> !neura.data<index, i1>\0A      %48 = \22neura.data_mov\22(%19) : (!neura.data<index, i1>) -> !neura.data<index, i1>\0A      %49 = \22neura.phi\22(%47, %48) : (!neura.data<index, i1>, !neura.data<index, i1>) -> !neura.data<index, i1>\0A      %50 = \22neura.data_mov\22(%39) : (!neura.data<index, i1>) -> !neura.data<index, i1>\0A      %51 = \22neura.data_mov\22(%25) : (!neura.data<index, i1>) -> !neura.data<index, i1>\0A      %52 = \22neura.phi\22(%50, %51) : (!neura.data<index, i1>, !neura.data<index, i1>) -> !neura.data<index, i1>\0A      %53 = \22neura.data_mov\22(%36) : (!neura.data<index, i1>) -> !neura.data<index, i1>\0A      %54 = \22neura.data_mov\22(%28) : (!neura.data<index, i1>) -> !neura.data<index, i1>\0A      %55 = \22neura.phi\22(%53, %54) : (!neura.data<index, i1>, !neura.data<index, i1>) -> !neura.data<index, i1>\0A      %56 = \22neura.data_mov\22(%33) : (!neura.data<index, i1>) -> !neura.data<index, i1>\0A      %57 = \22neura.data_mov\22(%22) : (!neura.data<index, i1>) -> !neura.data<index, i1>\0A      %58 = \22neura.phi\22(%56, %57) : (!neura.data<index, i1>, !neura.data<index, i1>) -> !neura.data<index, i1>\0A      %59 = \22neura.data_mov\22(%58) : (!neura.data<index, i1>) -> !neura.data<index, i1>\0A      %60 = \22neura.data_mov\22(%55) : (!neura.data<index, i1>) -> !neura.data<index, i1>\0A      %61 = \22neura.load_indexed\22(%59, %60) <{operandSegmentSizes = array<i32: 0, 2>}> {lhs_value = \22%input2\22} : (!neura.data<index, i1>, !neura.data<index, i1>) -> !neura.data<i32, i1>\0A      %62 = \22neura.data_mov\22(%55) : (!neura.data<index, i1>) -> !neura.data<index, i1>\0A      %63 = \22neura.data_mov\22(%52) : (!neura.data<index, i1>) -> !neura.data<index, i1>\0A      %64 = \22neura.load_indexed\22(%62, %63) <{operandSegmentSizes = array<i32: 0, 2>}> {lhs_value = \22%input3\22} : (!neura.data<index, i1>, !neura.data<index, i1>) -> !neura.data<i32, i1>\0A      %65 = \22neura.data_mov\22(%61) : (!neura.data<i32, i1>) -> !neura.data<i32, i1>\0A      %66 = \22neura.data_mov\22(%64) : (!neura.data<i32, i1>) -> !neura.data<i32, i1>\0A      %67 = \22neura.mul\22(%65, %66) : (!neura.data<i32, i1>, !neura.data<i32, i1>) -> !neura.data<i32, i1>\0A      %68 = \22neura.data_mov\22(%49) : (!neura.data<index, i1>) -> !neura.data<index, i1>\0A      %69 = \22neura.data_mov\22(%58) : (!neura.data<index, i1>) -> !neura.data<index, i1>\0A      %70 = \22neura.data_mov\22(%52) : (!neura.data<index, i1>) -> !neura.data<index, i1>\0A      %71 = \22neura.load_indexed\22(%68, %69, %70) <{operandSegmentSizes = array<i32: 0, 3>}> {lhs_value = \22%input1\22} : (!neura.data<index, i1>, !neura.data<index, i1>, !neura.data<index, i1>) -> !neura.data<i32, i1>\0A      %72 = \22neura.data_mov\22(%71) : (!neura.data<i32, i1>) -> !neura.data<i32, i1>\0A      %73 = \22neura.data_mov\22(%67) : (!neura.data<i32, i1>) -> !neura.data<i32, i1>\0A      %74 = \22neura.add\22(%72, %73) : (!neura.data<i32, i1>, !neura.data<i32, i1>) -> !neura.data<i32, i1>\0A      %75 = \22neura.data_mov\22(%74) : (!neura.data<i32, i1>) -> !neura.data<i32, i1>\0A      %76 = \22neura.data_mov\22(%49) : (!neura.data<index, i1>) -> !neura.data<index, i1>\0A      %77 = \22neura.data_mov\22(%58) : (!neura.data<index, i1>) -> !neura.data<index, i1>\0A      %78 = \22neura.data_mov\22(%52) : (!neura.data<index, i1>) -> !neura.data<index, i1>\0A      \22neura.store_indexed\22(%75, %76, %77, %78) <{operandSegmentSizes = array<i32: 1, 0, 3>}> {rhs_value = \22%input1\22} : (!neura.data<i32, i1>, !neura.data<index, i1>, !neura.data<index, i1>, !neura.data<index, i1>) -> ()\0A      \22neura.yield\22() <{operandSegmentSizes = array<i32: 0, 0>}> {yield_type = \22void\22} : () -> ()\0A    }) {dataflow_mode = \22predicate\22} : (i32, memref<?x256x16xi32>, memref<?x16xi32>, memref<?x16xi32>, index) -> ()\0A    \22taskflow.yield\22(%arg8) <{operandSegmentSizes = array<i32: 0, 1, 0>}> : (memref<?x256x16xi32>) -> ()\0A  }) {dlp_replicable = true, runtime_managable = true} : (memref<?x16xi32>, memref<?x16xi32>, memref<?x256x16xi32>, memref<?x256x16xi32>, index, i32, memref<?x16xi32>, memref<?x16xi32>, memref<?x256x16xi32>, memref<?x256x16xi32>) -> memref<?x256x16xi32>\0A  \22func.return\22() : () -> ()\0A}) : () -> ()", amoeba.source_iteration_domain = {axes = [{carried_values = 0 : i64, expanded_inside_mapper_firing = false, extent = 5 : i64, kind = "taskflow-counter", lower = 0 : i64, ordinal = 0 : i64, parent_counter_ordinal = -1 : i64, result_uses = 0 : i64, step = 1 : i64, upper = 5 : i64}, {carried_values = 0 : i64, expanded_inside_mapper_firing = false, extent = 16 : i64, kind = "taskflow-counter", lower = 0 : i64, ordinal = 1 : i64, parent_counter_ordinal = -1 : i64, result_uses = 0 : i64, step = 1 : i64, upper = 16 : i64}, {carried_values = 0 : i64, expanded_inside_mapper_firing = false, extent = 16 : i64, kind = "taskflow-counter", lower = 0 : i64, ordinal = 2 : i64, parent_counter_ordinal = -1 : i64, result_uses = 0 : i64, step = 1 : i64, upper = 16 : i64}], canonical_witness = "amoeba-source-iteration-domain-v1\0Acomplete=1\0Arepresented_multiplicity=1280\0Ainternal_multiplicity=1\0Asource_multiplicity=1280\0Aaxis_count=3\0Aaxis=T,0,0,5,1,5,0,-1,0,0\0Aaxis=T,1,0,16,1,16,0,-1,0,0\0Aaxis=T,2,0,16,1,16,0,-1,0,0\0Areason_bytes=0:\0A", complete = true, internal_multiplicity = 1 : i64, represented_multiplicity = 1280 : i64, schema = "amoeba-source-iteration-domain-v1", source_multiplicity = 1280 : i64}, amoeba.source_iteration_source_control_binding = "amoeba-source-iteration-domain-v1\0Adomain_witness_bytes=235:amoeba-source-iteration-domain-v1\0Acomplete=1\0Arepresented_multiplicity=1280\0Ainternal_multiplicity=1\0Asource_multiplicity=1280\0Aaxis_count=3\0Aaxis=T,0,0,5,1,5,0,-1,0,0\0Aaxis=T,1,0,16,1,16,0,-1,0,0\0Aaxis=T,2,0,16,1,16,0,-1,0,0\0Areason_bytes=0:\0A\0A\22func.func\22() <{function_type = (memref<?x16xi32>, memref<?x16xi32>, memref<?x256x16xi32>, index, i32) -> (), sym_name = \22__source_domain_binding__\22}> ({\0A^bb0(%arg0: memref<?x16xi32>, %arg1: memref<?x16xi32>, %arg2: memref<?x256x16xi32>, %arg3: index, %arg4: i32):\0A  %0 = \22taskflow.task\22(%arg0, %arg1, %arg2, %arg2, %arg3, %arg4, %arg0, %arg1, %arg2, %arg2) <{operandSegmentSizes = array<i32: 3, 1, 2, 3, 1>, resultSegmentSizes = array<i32: 0, 1, 0>, task_name = \22Task_8\22}> ({\0A  ^bb0(%arg5: memref<?x16xi32>, %arg6: memref<?x16xi32>, %arg7: memref<?x256x16xi32>, %arg8: memref<?x256x16xi32>, %arg9: index, %arg10: i32):\0A    %1 = \22arith.constant\22() <{value = 16 : index}> : () -> index\0A    %2 = \22arith.constant\22() <{value = 0 : index}> : () -> index\0A    %3 = \22arith.constant\22() <{value = 1 : index}> : () -> index\0A    %4 = \22taskflow.counter\22(%2, %arg9, %3) <{counter_dynamism = \22symbol_bound\22, counter_hierarchy = \22root\22, counter_id = 0 : i32}> : (index, index, index) -> index\0A    %5 = \22taskflow.counter\22(%4, %2, %1, %3) <{counter_dynamism = \22constant_bound\22, counter_hierarchy = \22relay\22, counter_id = 1 : i32}> : (index, index, index, index) -> index\0A    %6 = \22taskflow.counter\22(%5, %2, %1, %3) <{counter_dynamism = \22constant_bound\22, counter_hierarchy = \22leaf\22, counter_id = 2 : i32}> : (index, index, index, index) -> index\0A    \22neura.kernel\22(%arg10, %arg8, %arg5, %arg6, %arg9) <{accelerator = \22neura\22, operandSegmentSizes = array<i32: 5, 0>}> ({\0A    ^bb0(%arg11: !neura.data<i32, i1>, %arg12: !neura.data<memref<?x256x16xi32>, i1>, %arg13: !neura.data<memref<?x16xi32>, i1>, %arg14: !neura.data<memref<?x16xi32>, i1>, %arg15: !neura.data<index, i1>):\0A      %7 = \22neura.constant\22() <{value = \22%input1\22}> : () -> !neura.data<memref<?x256x16xi32>, i1>\0A      %8 = \22neura.constant\22() <{value = 0 : index}> : () -> !neura.data<index, i1>\0A      %9 = \22neura.counter\22() <{counter_dynamism = \22symbol_bound\22, counter_hierarchy = \22root\22, counter_id = 0 : i32, operandSegmentSizes = array<i32: 0, 0, 0>}> {lower_bound_value = 0 : index, step_value = 1 : index, upper_bound_value = \22%input4\22} : () -> !neura.data<index, i1>\0A      %10 = \22neura.counter\22() <{counter_dynamism = \22constant_bound\22, counter_hierarchy = \22relay\22, counter_id = 1 : i32, operandSegmentSizes = array<i32: 0, 0, 0>}> {lower_bound_value = 0 : index, step_value = 1 : index, upper_bound_value = 16 : index} : () -> !neura.data<index, i1>\0A      %11 = \22neura.counter\22() <{counter_dynamism = \22constant_bound\22, counter_hierarchy = \22leaf\22, counter_id = 2 : i32, operandSegmentSizes = array<i32: 0, 0, 0>}> {lower_bound_value = 0 : index, step_value = 1 : index, upper_bound_value = 16 : index} : () -> !neura.data<index, i1>\0A      %12 = \22neura.data_mov\22(%11) : (!neura.data<index, i1>) -> !neura.data<index, i1>\0A      %13 = \22neura.icmp\22(%12) <{cmpType = \22eq\22}> {rhs_value = 0 : index} : (!neura.data<index, i1>) -> !neura.data<i1, i1>\0A      %14 = \22neura.data_mov\22(%7) : (!neura.data<memref<?x256x16xi32>, i1>) -> !neura.data<memref<?x256x16xi32>, i1>\0A      %15 = \22neura.data_mov\22(%13) : (!neura.data<i1, i1>) -> !neura.data<i1, i1>\0A      %16 = \22neura.grant_predicate\22(%14, %15) : (!neura.data<memref<?x256x16xi32>, i1>, !neura.data<i1, i1>) -> !neura.data<memref<?x256x16xi32>, i1>\0A      %17 = \22neura.data_mov\22(%8) : (!neura.data<index, i1>) -> !neura.data<index, i1>\0A      %18 = \22neura.data_mov\22(%13) : (!neura.data<i1, i1>) -> !neura.data<i1, i1>\0A      %19 = \22neura.grant_predicate\22(%17, %18) : (!neura.data<index, i1>, !neura.data<i1, i1>) -> !neura.data<index, i1>\0A      %20 = \22neura.data_mov\22(%9) : (!neura.data<index, i1>) -> !neura.data<index, i1>\0A      %21 = \22neura.data_mov\22(%13) : (!neura.data<i1, i1>) -> !neura.data<i1, i1>\0A      %22 = \22neura.grant_predicate\22(%20, %21) : (!neura.data<index, i1>, !neura.data<i1, i1>) -> !neura.data<index, i1>\0A      %23 = \22neura.data_mov\22(%10) : (!neura.data<index, i1>) -> !neura.data<index, i1>\0A      %24 = \22neura.data_mov\22(%13) : (!neura.data<i1, i1>) -> !neura.data<i1, i1>\0A      %25 = \22neura.grant_predicate\22(%23, %24) : (!neura.data<index, i1>, !neura.data<i1, i1>) -> !neura.data<index, i1>\0A      %26 = \22neura.data_mov\22(%11) : (!neura.data<index, i1>) -> !neura.data<index, i1>\0A      %27 = \22neura.data_mov\22(%13) : (!neura.data<i1, i1>) -> !neura.data<i1, i1>\0A      %28 = \22neura.grant_predicate\22(%26, %27) : (!neura.data<index, i1>, !neura.data<i1, i1>) -> !neura.data<index, i1>\0A      %29 = \22neura.data_mov\22(%13) : (!neura.data<i1, i1>) -> !neura.data<i1, i1>\0A      %30 = \22neura.not\22(%29) : (!neura.data<i1, i1>) -> !neura.data<i1, i1>\0A      %31 = \22neura.data_mov\22(%9) : (!neura.data<index, i1>) -> !neura.data<index, i1>\0A      %32 = \22neura.data_mov\22(%30) : (!neura.data<i1, i1>) -> !neura.data<i1, i1>\0A      %33 = \22neura.grant_predicate\22(%31, %32) : (!neura.data<index, i1>, !neura.data<i1, i1>) -> !neura.data<index, i1>\0A      %34 = \22neura.data_mov\22(%11) : (!neura.data<index, i1>) -> !neura.data<index, i1>\0A      %35 = \22neura.data_mov\22(%30) : (!neura.data<i1, i1>) -> !neura.data<i1, i1>\0A      %36 = \22neura.grant_predicate\22(%34, %35) : (!neura.data<index, i1>, !neura.data<i1, i1>) -> !neura.data<index, i1>\0A      %37 = \22neura.data_mov\22(%10) : (!neura.data<index, i1>) -> !neura.data<index, i1>\0A      %38 = \22neura.data_mov\22(%30) : (!neura.data<i1, i1>) -> !neura.data<i1, i1>\0A      %39 = \22neura.grant_predicate\22(%37, %38) : (!neura.data<index, i1>, !neura.data<i1, i1>) -> !neura.data<index, i1>\0A      %40 = \22neura.data_mov\22(%8) : (!neura.data<index, i1>) -> !neura.data<index, i1>\0A      %41 = \22neura.data_mov\22(%30) : (!neura.data<i1, i1>) -> !neura.data<i1, i1>\0A      %42 = \22neura.grant_predicate\22(%40, %41) : (!neura.data<index, i1>, !neura.data<i1, i1>) -> !neura.data<index, i1>\0A      %43 = \22neura.data_mov\22(%16) : (!neura.data<memref<?x256x16xi32>, i1>) -> !neura.data<memref<?x256x16xi32>, i1>\0A      %44 = \22neura.data_mov\22(%19) : (!neura.data<index, i1>) -> !neura.data<index, i1>\0A      %45 = \22neura.data_mov\22(%22) : (!neura.data<index, i1>) -> !neura.data<index, i1>\0A      %46 = \22neura.data_mov\22(%25) : (!neura.data<index, i1>) -> !neura.data<index, i1>\0A      \22neura.store_indexed\22(%43, %44, %45, %46) <{operandSegmentSizes = array<i32: 0, 1, 3>}> {lhs_value = \22%input0\22} : (!neura.data<memref<?x256x16xi32>, i1>, !neura.data<index, i1>, !neura.data<index, i1>, !neura.data<index, i1>) -> ()\0A      %47 = \22neura.data_mov\22(%42) : (!neura.data<index, i1>) -> !neura.data<index, i1>\0A      %48 = \22neura.data_mov\22(%19) : (!neura.data<index, i1>) -> !neura.data<index, i1>\0A      %49 = \22neura.phi\22(%47, %48) : (!neura.data<index, i1>, !neura.data<index, i1>) -> !neura.data<index, i1>\0A      %50 = \22neura.data_mov\22(%39) : (!neura.data<index, i1>) -> !neura.data<index, i1>\0A      %51 = \22neura.data_mov\22(%25) : (!neura.data<index, i1>) -> !neura.data<index, i1>\0A      %52 = \22neura.phi\22(%50, %51) : (!neura.data<index, i1>, !neura.data<index, i1>) -> !neura.data<index, i1>\0A      %53 = \22neura.data_mov\22(%36) : (!neura.data<index, i1>) -> !neura.data<index, i1>\0A      %54 = \22neura.data_mov\22(%28) : (!neura.data<index, i1>) -> !neura.data<index, i1>\0A      %55 = \22neura.phi\22(%53, %54) : (!neura.data<index, i1>, !neura.data<index, i1>) -> !neura.data<index, i1>\0A      %56 = \22neura.data_mov\22(%33) : (!neura.data<index, i1>) -> !neura.data<index, i1>\0A      %57 = \22neura.data_mov\22(%22) : (!neura.data<index, i1>) -> !neura.data<index, i1>\0A      %58 = \22neura.phi\22(%56, %57) : (!neura.data<index, i1>, !neura.data<index, i1>) -> !neura.data<index, i1>\0A      %59 = \22neura.data_mov\22(%58) : (!neura.data<index, i1>) -> !neura.data<index, i1>\0A      %60 = \22neura.data_mov\22(%55) : (!neura.data<index, i1>) -> !neura.data<index, i1>\0A      %61 = \22neura.load_indexed\22(%59, %60) <{operandSegmentSizes = array<i32: 0, 2>}> {lhs_value = \22%input2\22} : (!neura.data<index, i1>, !neura.data<index, i1>) -> !neura.data<i32, i1>\0A      %62 = \22neura.data_mov\22(%55) : (!neura.data<index, i1>) -> !neura.data<index, i1>\0A      %63 = \22neura.data_mov\22(%52) : (!neura.data<index, i1>) -> !neura.data<index, i1>\0A      %64 = \22neura.load_indexed\22(%62, %63) <{operandSegmentSizes = array<i32: 0, 2>}> {lhs_value = \22%input3\22} : (!neura.data<index, i1>, !neura.data<index, i1>) -> !neura.data<i32, i1>\0A      %65 = \22neura.data_mov\22(%61) : (!neura.data<i32, i1>) -> !neura.data<i32, i1>\0A      %66 = \22neura.data_mov\22(%64) : (!neura.data<i32, i1>) -> !neura.data<i32, i1>\0A      %67 = \22neura.mul\22(%65, %66) : (!neura.data<i32, i1>, !neura.data<i32, i1>) -> !neura.data<i32, i1>\0A      %68 = \22neura.data_mov\22(%49) : (!neura.data<index, i1>) -> !neura.data<index, i1>\0A      %69 = \22neura.data_mov\22(%58) : (!neura.data<index, i1>) -> !neura.data<index, i1>\0A      %70 = \22neura.data_mov\22(%52) : (!neura.data<index, i1>) -> !neura.data<index, i1>\0A      %71 = \22neura.load_indexed\22(%68, %69, %70) <{operandSegmentSizes = array<i32: 0, 3>}> {lhs_value = \22%input1\22} : (!neura.data<index, i1>, !neura.data<index, i1>, !neura.data<index, i1>) -> !neura.data<i32, i1>\0A      %72 = \22neura.data_mov\22(%71) : (!neura.data<i32, i1>) -> !neura.data<i32, i1>\0A      %73 = \22neura.data_mov\22(%67) : (!neura.data<i32, i1>) -> !neura.data<i32, i1>\0A      %74 = \22neura.add\22(%72, %73) : (!neura.data<i32, i1>, !neura.data<i32, i1>) -> !neura.data<i32, i1>\0A      %75 = \22neura.data_mov\22(%74) : (!neura.data<i32, i1>) -> !neura.data<i32, i1>\0A      %76 = \22neura.data_mov\22(%49) : (!neura.data<index, i1>) -> !neura.data<index, i1>\0A      %77 = \22neura.data_mov\22(%58) : (!neura.data<index, i1>) -> !neura.data<index, i1>\0A      %78 = \22neura.data_mov\22(%52) : (!neura.data<index, i1>) -> !neura.data<index, i1>\0A      \22neura.store_indexed\22(%75, %76, %77, %78) <{operandSegmentSizes = array<i32: 1, 0, 3>}> {rhs_value = \22%input1\22} : (!neura.data<i32, i1>, !neura.data<index, i1>, !neura.data<index, i1>, !neura.data<index, i1>) -> ()\0A      \22neura.yield\22() <{operandSegmentSizes = array<i32: 0, 0>}> {yield_type = \22void\22} : () -> ()\0A    }) {dataflow_mode = \22predicate\22} : (i32, memref<?x256x16xi32>, memref<?x16xi32>, memref<?x16xi32>, index) -> ()\0A    \22taskflow.yield\22(%arg8) <{operandSegmentSizes = array<i32: 0, 1, 0>}> : (memref<?x256x16xi32>) -> ()\0A  }) {dlp_replicable = true, runtime_managable = true} : (memref<?x16xi32>, memref<?x16xi32>, memref<?x256x16xi32>, memref<?x256x16xi32>, index, i32, memref<?x16xi32>, memref<?x16xi32>, memref<?x256x16xi32>, memref<?x256x16xi32>) -> memref<?x256x16xi32>\0A  \22func.return\22() : () -> ()\0A}) : () -> ()", dlp_replicable = true, runtime_managable = true} : (memref<?x16xi32>, memref<?x16xi32>, memref<?x256x16xi32>, memref<?x256x16xi32>, index, i32, memref<?x16xi32>, memref<?x16xi32>, memref<?x256x16xi32>, memref<?x256x16xi32>) -> memref<?x256x16xi32>
    %14 = "taskflow.task"(%12, %arg5, %arg12, %arg12, %4, %3, %arg10, %arg5, %arg12, %arg12) <{operandSegmentSizes = array<i32: 3, 1, 2, 3, 1>, resultSegmentSizes = array<i32: 0, 1, 0>, task_name = "Task_9"}> ({
    ^bb0(%arg215: memref<?x256x256xi32>, %arg216: memref<?x16xi32>, %arg217: memref<?x256x16xi32>, %arg218: memref<?x256x16xi32>, %arg219: index, %arg220: i32):
      %1491 = "arith.constant"() <{value = 16 : index}> : () -> index
      %1492 = "arith.constant"() <{value = 0 : index}> : () -> index
      %1493 = "arith.constant"() <{value = 1 : index}> : () -> index
      %1494 = "taskflow.counter"(%1492, %arg219, %1493) <{counter_dynamism = "symbol_bound", counter_hierarchy = "root", counter_id = 0 : i32}> : (index, index, index) -> index
      %1495 = "taskflow.counter"(%1494, %1492, %1491, %1493) <{counter_dynamism = "constant_bound", counter_hierarchy = "relay", counter_id = 1 : i32}> : (index, index, index, index) -> index
      %1496 = "taskflow.counter"(%1495, %1492, %arg219, %1493) <{counter_dynamism = "symbol_bound", counter_hierarchy = "leaf", counter_id = 2 : i32}> : (index, index, index, index) -> index
      "neura.kernel"(%arg220, %arg218, %arg215, %arg216, %arg219) <{accelerator = "neura", operandSegmentSizes = array<i32: 5, 0>}> ({
      ^bb0(%arg221: !neura.data<i32, i1>, %arg222: !neura.data<memref<?x256x16xi32>, i1>, %arg223: !neura.data<memref<?x256x256xi32>, i1>, %arg224: !neura.data<memref<?x16xi32>, i1>, %arg225: !neura.data<index, i1>):
        %1497 = "neura.constant"() <{value = "%input1"}> : () -> !neura.data<memref<?x256x16xi32>, i1>
        %1498 = "neura.constant"() <{value = 0 : index}> : () -> !neura.data<index, i1>
        %1499 = "neura.counter"() <{counter_dynamism = "symbol_bound", counter_hierarchy = "root", counter_id = 0 : i32, operandSegmentSizes = array<i32: 0, 0, 0>}> {lower_bound_value = 0 : index, step_value = 1 : index, upper_bound_value = "%input4"} : () -> !neura.data<index, i1>
        %1500 = "neura.counter"() <{counter_dynamism = "constant_bound", counter_hierarchy = "relay", counter_id = 1 : i32, operandSegmentSizes = array<i32: 0, 0, 0>}> {lower_bound_value = 0 : index, step_value = 1 : index, upper_bound_value = 16 : index} : () -> !neura.data<index, i1>
        %1501 = "neura.counter"() <{counter_dynamism = "symbol_bound", counter_hierarchy = "leaf", counter_id = 2 : i32, operandSegmentSizes = array<i32: 0, 0, 0>}> {lower_bound_value = 0 : index, step_value = 1 : index, upper_bound_value = "%input4"} : () -> !neura.data<index, i1>
        %1502 = "neura.data_mov"(%1501) : (!neura.data<index, i1>) -> !neura.data<index, i1>
        %1503 = "neura.icmp"(%1502) <{cmpType = "eq"}> {rhs_value = 0 : index} : (!neura.data<index, i1>) -> !neura.data<i1, i1>
        %1504 = "neura.data_mov"(%1497) : (!neura.data<memref<?x256x16xi32>, i1>) -> !neura.data<memref<?x256x16xi32>, i1>
        %1505 = "neura.data_mov"(%1503) : (!neura.data<i1, i1>) -> !neura.data<i1, i1>
        %1506 = "neura.grant_predicate"(%1504, %1505) : (!neura.data<memref<?x256x16xi32>, i1>, !neura.data<i1, i1>) -> !neura.data<memref<?x256x16xi32>, i1>
        %1507 = "neura.data_mov"(%1498) : (!neura.data<index, i1>) -> !neura.data<index, i1>
        %1508 = "neura.data_mov"(%1503) : (!neura.data<i1, i1>) -> !neura.data<i1, i1>
        %1509 = "neura.grant_predicate"(%1507, %1508) : (!neura.data<index, i1>, !neura.data<i1, i1>) -> !neura.data<index, i1>
        %1510 = "neura.data_mov"(%1499) : (!neura.data<index, i1>) -> !neura.data<index, i1>
        %1511 = "neura.data_mov"(%1503) : (!neura.data<i1, i1>) -> !neura.data<i1, i1>
        %1512 = "neura.grant_predicate"(%1510, %1511) : (!neura.data<index, i1>, !neura.data<i1, i1>) -> !neura.data<index, i1>
        %1513 = "neura.data_mov"(%1500) : (!neura.data<index, i1>) -> !neura.data<index, i1>
        %1514 = "neura.data_mov"(%1503) : (!neura.data<i1, i1>) -> !neura.data<i1, i1>
        %1515 = "neura.grant_predicate"(%1513, %1514) : (!neura.data<index, i1>, !neura.data<i1, i1>) -> !neura.data<index, i1>
        %1516 = "neura.data_mov"(%1501) : (!neura.data<index, i1>) -> !neura.data<index, i1>
        %1517 = "neura.data_mov"(%1503) : (!neura.data<i1, i1>) -> !neura.data<i1, i1>
        %1518 = "neura.grant_predicate"(%1516, %1517) : (!neura.data<index, i1>, !neura.data<i1, i1>) -> !neura.data<index, i1>
        %1519 = "neura.data_mov"(%1503) : (!neura.data<i1, i1>) -> !neura.data<i1, i1>
        %1520 = "neura.not"(%1519) : (!neura.data<i1, i1>) -> !neura.data<i1, i1>
        %1521 = "neura.data_mov"(%1498) : (!neura.data<index, i1>) -> !neura.data<index, i1>
        %1522 = "neura.data_mov"(%1520) : (!neura.data<i1, i1>) -> !neura.data<i1, i1>
        %1523 = "neura.grant_predicate"(%1521, %1522) : (!neura.data<index, i1>, !neura.data<i1, i1>) -> !neura.data<index, i1>
        %1524 = "neura.data_mov"(%1499) : (!neura.data<index, i1>) -> !neura.data<index, i1>
        %1525 = "neura.data_mov"(%1520) : (!neura.data<i1, i1>) -> !neura.data<i1, i1>
        %1526 = "neura.grant_predicate"(%1524, %1525) : (!neura.data<index, i1>, !neura.data<i1, i1>) -> !neura.data<index, i1>
        %1527 = "neura.data_mov"(%1501) : (!neura.data<index, i1>) -> !neura.data<index, i1>
        %1528 = "neura.data_mov"(%1520) : (!neura.data<i1, i1>) -> !neura.data<i1, i1>
        %1529 = "neura.grant_predicate"(%1527, %1528) : (!neura.data<index, i1>, !neura.data<i1, i1>) -> !neura.data<index, i1>
        %1530 = "neura.data_mov"(%1500) : (!neura.data<index, i1>) -> !neura.data<index, i1>
        %1531 = "neura.data_mov"(%1520) : (!neura.data<i1, i1>) -> !neura.data<i1, i1>
        %1532 = "neura.grant_predicate"(%1530, %1531) : (!neura.data<index, i1>, !neura.data<i1, i1>) -> !neura.data<index, i1>
        %1533 = "neura.data_mov"(%1506) : (!neura.data<memref<?x256x16xi32>, i1>) -> !neura.data<memref<?x256x16xi32>, i1>
        %1534 = "neura.data_mov"(%1509) : (!neura.data<index, i1>) -> !neura.data<index, i1>
        %1535 = "neura.data_mov"(%1512) : (!neura.data<index, i1>) -> !neura.data<index, i1>
        %1536 = "neura.data_mov"(%1515) : (!neura.data<index, i1>) -> !neura.data<index, i1>
        "neura.store_indexed"(%1533, %1534, %1535, %1536) <{operandSegmentSizes = array<i32: 0, 1, 3>}> {lhs_value = "%input0"} : (!neura.data<memref<?x256x16xi32>, i1>, !neura.data<index, i1>, !neura.data<index, i1>, !neura.data<index, i1>) -> ()
        %1537 = "neura.data_mov"(%1532) : (!neura.data<index, i1>) -> !neura.data<index, i1>
        %1538 = "neura.data_mov"(%1515) : (!neura.data<index, i1>) -> !neura.data<index, i1>
        %1539 = "neura.phi"(%1537, %1538) : (!neura.data<index, i1>, !neura.data<index, i1>) -> !neura.data<index, i1>
        %1540 = "neura.data_mov"(%1529) : (!neura.data<index, i1>) -> !neura.data<index, i1>
        %1541 = "neura.data_mov"(%1518) : (!neura.data<index, i1>) -> !neura.data<index, i1>
        %1542 = "neura.phi"(%1540, %1541) : (!neura.data<index, i1>, !neura.data<index, i1>) -> !neura.data<index, i1>
        %1543 = "neura.data_mov"(%1526) : (!neura.data<index, i1>) -> !neura.data<index, i1>
        %1544 = "neura.data_mov"(%1512) : (!neura.data<index, i1>) -> !neura.data<index, i1>
        %1545 = "neura.phi"(%1543, %1544) : (!neura.data<index, i1>, !neura.data<index, i1>) -> !neura.data<index, i1>
        %1546 = "neura.data_mov"(%1523) : (!neura.data<index, i1>) -> !neura.data<index, i1>
        %1547 = "neura.data_mov"(%1509) : (!neura.data<index, i1>) -> !neura.data<index, i1>
        %1548 = "neura.phi"(%1546, %1547) : (!neura.data<index, i1>, !neura.data<index, i1>) -> !neura.data<index, i1>
        %1549 = "neura.data_mov"(%1548) : (!neura.data<index, i1>) -> !neura.data<index, i1>
        %1550 = "neura.data_mov"(%1545) : (!neura.data<index, i1>) -> !neura.data<index, i1>
        %1551 = "neura.data_mov"(%1542) : (!neura.data<index, i1>) -> !neura.data<index, i1>
        %1552 = "neura.load_indexed"(%1549, %1550, %1551) <{operandSegmentSizes = array<i32: 0, 3>}> {lhs_value = "%input2"} : (!neura.data<index, i1>, !neura.data<index, i1>, !neura.data<index, i1>) -> !neura.data<i32, i1>
        %1553 = "neura.data_mov"(%1542) : (!neura.data<index, i1>) -> !neura.data<index, i1>
        %1554 = "neura.data_mov"(%1539) : (!neura.data<index, i1>) -> !neura.data<index, i1>
        %1555 = "neura.load_indexed"(%1553, %1554) <{operandSegmentSizes = array<i32: 0, 2>}> {lhs_value = "%input3"} : (!neura.data<index, i1>, !neura.data<index, i1>) -> !neura.data<i32, i1>
        %1556 = "neura.data_mov"(%1552) : (!neura.data<i32, i1>) -> !neura.data<i32, i1>
        %1557 = "neura.data_mov"(%1555) : (!neura.data<i32, i1>) -> !neura.data<i32, i1>
        %1558 = "neura.mul"(%1556, %1557) : (!neura.data<i32, i1>, !neura.data<i32, i1>) -> !neura.data<i32, i1>
        %1559 = "neura.data_mov"(%1548) : (!neura.data<index, i1>) -> !neura.data<index, i1>
        %1560 = "neura.data_mov"(%1545) : (!neura.data<index, i1>) -> !neura.data<index, i1>
        %1561 = "neura.data_mov"(%1539) : (!neura.data<index, i1>) -> !neura.data<index, i1>
        %1562 = "neura.load_indexed"(%1559, %1560, %1561) <{operandSegmentSizes = array<i32: 0, 3>}> {lhs_value = "%input1"} : (!neura.data<index, i1>, !neura.data<index, i1>, !neura.data<index, i1>) -> !neura.data<i32, i1>
        %1563 = "neura.data_mov"(%1562) : (!neura.data<i32, i1>) -> !neura.data<i32, i1>
        %1564 = "neura.data_mov"(%1558) : (!neura.data<i32, i1>) -> !neura.data<i32, i1>
        %1565 = "neura.add"(%1563, %1564) : (!neura.data<i32, i1>, !neura.data<i32, i1>) -> !neura.data<i32, i1>
        %1566 = "neura.data_mov"(%1565) : (!neura.data<i32, i1>) -> !neura.data<i32, i1>
        %1567 = "neura.data_mov"(%1548) : (!neura.data<index, i1>) -> !neura.data<index, i1>
        %1568 = "neura.data_mov"(%1545) : (!neura.data<index, i1>) -> !neura.data<index, i1>
        %1569 = "neura.data_mov"(%1539) : (!neura.data<index, i1>) -> !neura.data<index, i1>
        "neura.store_indexed"(%1566, %1567, %1568, %1569) <{operandSegmentSizes = array<i32: 1, 0, 3>}> {rhs_value = "%input1"} : (!neura.data<i32, i1>, !neura.data<index, i1>, !neura.data<index, i1>, !neura.data<index, i1>) -> ()
        "neura.yield"() <{operandSegmentSizes = array<i32: 0, 0>}> {yield_type = "void"} : () -> ()
      }) {dataflow_mode = "predicate"} : (i32, memref<?x256x16xi32>, memref<?x256x256xi32>, memref<?x16xi32>, index) -> ()
      "taskflow.yield"(%arg218) <{operandSegmentSizes = array<i32: 0, 1, 0>}> : (memref<?x256x16xi32>) -> ()
    }) {amoeba.source_iteration_control_binding = "amoeba-source-iteration-domain-v1\0Adomain_witness_bytes=231:amoeba-source-iteration-domain-v1\0Acomplete=1\0Arepresented_multiplicity=400\0Ainternal_multiplicity=1\0Asource_multiplicity=400\0Aaxis_count=3\0Aaxis=T,0,0,5,1,5,0,-1,0,0\0Aaxis=T,1,0,16,1,16,0,-1,0,0\0Aaxis=T,2,0,5,1,5,0,-1,0,0\0Areason_bytes=0:\0A\0A\22func.func\22() <{function_type = (memref<?x256x256xi32>, memref<?x16xi32>, memref<?x256x16xi32>, index, i32, memref<?x256x256xi32>) -> (), sym_name = \22__source_domain_binding__\22}> ({\0A^bb0(%arg0: memref<?x256x256xi32>, %arg1: memref<?x16xi32>, %arg2: memref<?x256x16xi32>, %arg3: index, %arg4: i32, %arg5: memref<?x256x256xi32>):\0A  %0 = \22taskflow.task\22(%arg0, %arg1, %arg2, %arg2, %arg3, %arg4, %arg5, %arg1, %arg2, %arg2) <{operandSegmentSizes = array<i32: 3, 1, 2, 3, 1>, resultSegmentSizes = array<i32: 0, 1, 0>, task_name = \22Task_9\22}> ({\0A  ^bb0(%arg6: memref<?x256x256xi32>, %arg7: memref<?x16xi32>, %arg8: memref<?x256x16xi32>, %arg9: memref<?x256x16xi32>, %arg10: index, %arg11: i32):\0A    %1 = \22arith.constant\22() <{value = 16 : index}> : () -> index\0A    %2 = \22arith.constant\22() <{value = 0 : index}> : () -> index\0A    %3 = \22arith.constant\22() <{value = 1 : index}> : () -> index\0A    %4 = \22taskflow.counter\22(%2, %arg10, %3) <{counter_dynamism = \22symbol_bound\22, counter_hierarchy = \22root\22, counter_id = 0 : i32}> : (index, index, index) -> index\0A    %5 = \22taskflow.counter\22(%4, %2, %1, %3) <{counter_dynamism = \22constant_bound\22, counter_hierarchy = \22relay\22, counter_id = 1 : i32}> : (index, index, index, index) -> index\0A    %6 = \22taskflow.counter\22(%5, %2, %arg10, %3) <{counter_dynamism = \22symbol_bound\22, counter_hierarchy = \22leaf\22, counter_id = 2 : i32}> : (index, index, index, index) -> index\0A    \22neura.kernel\22(%arg11, %arg9, %arg6, %arg7, %arg10) <{accelerator = \22neura\22, operandSegmentSizes = array<i32: 5, 0>}> ({\0A    ^bb0(%arg12: !neura.data<i32, i1>, %arg13: !neura.data<memref<?x256x16xi32>, i1>, %arg14: !neura.data<memref<?x256x256xi32>, i1>, %arg15: !neura.data<memref<?x16xi32>, i1>, %arg16: !neura.data<index, i1>):\0A      %7 = \22neura.constant\22() <{value = \22%input1\22}> : () -> !neura.data<memref<?x256x16xi32>, i1>\0A      %8 = \22neura.constant\22() <{value = 0 : index}> : () -> !neura.data<index, i1>\0A      %9 = \22neura.counter\22() <{counter_dynamism = \22symbol_bound\22, counter_hierarchy = \22root\22, counter_id = 0 : i32, operandSegmentSizes = array<i32: 0, 0, 0>}> {lower_bound_value = 0 : index, step_value = 1 : index, upper_bound_value = \22%input4\22} : () -> !neura.data<index, i1>\0A      %10 = \22neura.counter\22() <{counter_dynamism = \22constant_bound\22, counter_hierarchy = \22relay\22, counter_id = 1 : i32, operandSegmentSizes = array<i32: 0, 0, 0>}> {lower_bound_value = 0 : index, step_value = 1 : index, upper_bound_value = 16 : index} : () -> !neura.data<index, i1>\0A      %11 = \22neura.counter\22() <{counter_dynamism = \22symbol_bound\22, counter_hierarchy = \22leaf\22, counter_id = 2 : i32, operandSegmentSizes = array<i32: 0, 0, 0>}> {lower_bound_value = 0 : index, step_value = 1 : index, upper_bound_value = \22%input4\22} : () -> !neura.data<index, i1>\0A      %12 = \22neura.data_mov\22(%11) : (!neura.data<index, i1>) -> !neura.data<index, i1>\0A      %13 = \22neura.icmp\22(%12) <{cmpType = \22eq\22}> {rhs_value = 0 : index} : (!neura.data<index, i1>) -> !neura.data<i1, i1>\0A      %14 = \22neura.data_mov\22(%7) : (!neura.data<memref<?x256x16xi32>, i1>) -> !neura.data<memref<?x256x16xi32>, i1>\0A      %15 = \22neura.data_mov\22(%13) : (!neura.data<i1, i1>) -> !neura.data<i1, i1>\0A      %16 = \22neura.grant_predicate\22(%14, %15) : (!neura.data<memref<?x256x16xi32>, i1>, !neura.data<i1, i1>) -> !neura.data<memref<?x256x16xi32>, i1>\0A      %17 = \22neura.data_mov\22(%8) : (!neura.data<index, i1>) -> !neura.data<index, i1>\0A      %18 = \22neura.data_mov\22(%13) : (!neura.data<i1, i1>) -> !neura.data<i1, i1>\0A      %19 = \22neura.grant_predicate\22(%17, %18) : (!neura.data<index, i1>, !neura.data<i1, i1>) -> !neura.data<index, i1>\0A      %20 = \22neura.data_mov\22(%9) : (!neura.data<index, i1>) -> !neura.data<index, i1>\0A      %21 = \22neura.data_mov\22(%13) : (!neura.data<i1, i1>) -> !neura.data<i1, i1>\0A      %22 = \22neura.grant_predicate\22(%20, %21) : (!neura.data<index, i1>, !neura.data<i1, i1>) -> !neura.data<index, i1>\0A      %23 = \22neura.data_mov\22(%10) : (!neura.data<index, i1>) -> !neura.data<index, i1>\0A      %24 = \22neura.data_mov\22(%13) : (!neura.data<i1, i1>) -> !neura.data<i1, i1>\0A      %25 = \22neura.grant_predicate\22(%23, %24) : (!neura.data<index, i1>, !neura.data<i1, i1>) -> !neura.data<index, i1>\0A      %26 = \22neura.data_mov\22(%11) : (!neura.data<index, i1>) -> !neura.data<index, i1>\0A      %27 = \22neura.data_mov\22(%13) : (!neura.data<i1, i1>) -> !neura.data<i1, i1>\0A      %28 = \22neura.grant_predicate\22(%26, %27) : (!neura.data<index, i1>, !neura.data<i1, i1>) -> !neura.data<index, i1>\0A      %29 = \22neura.data_mov\22(%13) : (!neura.data<i1, i1>) -> !neura.data<i1, i1>\0A      %30 = \22neura.not\22(%29) : (!neura.data<i1, i1>) -> !neura.data<i1, i1>\0A      %31 = \22neura.data_mov\22(%8) : (!neura.data<index, i1>) -> !neura.data<index, i1>\0A      %32 = \22neura.data_mov\22(%30) : (!neura.data<i1, i1>) -> !neura.data<i1, i1>\0A      %33 = \22neura.grant_predicate\22(%31, %32) : (!neura.data<index, i1>, !neura.data<i1, i1>) -> !neura.data<index, i1>\0A      %34 = \22neura.data_mov\22(%9) : (!neura.data<index, i1>) -> !neura.data<index, i1>\0A      %35 = \22neura.data_mov\22(%30) : (!neura.data<i1, i1>) -> !neura.data<i1, i1>\0A      %36 = \22neura.grant_predicate\22(%34, %35) : (!neura.data<index, i1>, !neura.data<i1, i1>) -> !neura.data<index, i1>\0A      %37 = \22neura.data_mov\22(%11) : (!neura.data<index, i1>) -> !neura.data<index, i1>\0A      %38 = \22neura.data_mov\22(%30) : (!neura.data<i1, i1>) -> !neura.data<i1, i1>\0A      %39 = \22neura.grant_predicate\22(%37, %38) : (!neura.data<index, i1>, !neura.data<i1, i1>) -> !neura.data<index, i1>\0A      %40 = \22neura.data_mov\22(%10) : (!neura.data<index, i1>) -> !neura.data<index, i1>\0A      %41 = \22neura.data_mov\22(%30) : (!neura.data<i1, i1>) -> !neura.data<i1, i1>\0A      %42 = \22neura.grant_predicate\22(%40, %41) : (!neura.data<index, i1>, !neura.data<i1, i1>) -> !neura.data<index, i1>\0A      %43 = \22neura.data_mov\22(%16) : (!neura.data<memref<?x256x16xi32>, i1>) -> !neura.data<memref<?x256x16xi32>, i1>\0A      %44 = \22neura.data_mov\22(%19) : (!neura.data<index, i1>) -> !neura.data<index, i1>\0A      %45 = \22neura.data_mov\22(%22) : (!neura.data<index, i1>) -> !neura.data<index, i1>\0A      %46 = \22neura.data_mov\22(%25) : (!neura.data<index, i1>) -> !neura.data<index, i1>\0A      \22neura.store_indexed\22(%43, %44, %45, %46) <{operandSegmentSizes = array<i32: 0, 1, 3>}> {lhs_value = \22%input0\22} : (!neura.data<memref<?x256x16xi32>, i1>, !neura.data<index, i1>, !neura.data<index, i1>, !neura.data<index, i1>) -> ()\0A      %47 = \22neura.data_mov\22(%42) : (!neura.data<index, i1>) -> !neura.data<index, i1>\0A      %48 = \22neura.data_mov\22(%25) : (!neura.data<index, i1>) -> !neura.data<index, i1>\0A      %49 = \22neura.phi\22(%47, %48) : (!neura.data<index, i1>, !neura.data<index, i1>) -> !neura.data<index, i1>\0A      %50 = \22neura.data_mov\22(%39) : (!neura.data<index, i1>) -> !neura.data<index, i1>\0A      %51 = \22neura.data_mov\22(%28) : (!neura.data<index, i1>) -> !neura.data<index, i1>\0A      %52 = \22neura.phi\22(%50, %51) : (!neura.data<index, i1>, !neura.data<index, i1>) -> !neura.data<index, i1>\0A      %53 = \22neura.data_mov\22(%36) : (!neura.data<index, i1>) -> !neura.data<index, i1>\0A      %54 = \22neura.data_mov\22(%22) : (!neura.data<index, i1>) -> !neura.data<index, i1>\0A      %55 = \22neura.phi\22(%53, %54) : (!neura.data<index, i1>, !neura.data<index, i1>) -> !neura.data<index, i1>\0A      %56 = \22neura.data_mov\22(%33) : (!neura.data<index, i1>) -> !neura.data<index, i1>\0A      %57 = \22neura.data_mov\22(%19) : (!neura.data<index, i1>) -> !neura.data<index, i1>\0A      %58 = \22neura.phi\22(%56, %57) : (!neura.data<index, i1>, !neura.data<index, i1>) -> !neura.data<index, i1>\0A      %59 = \22neura.data_mov\22(%58) : (!neura.data<index, i1>) -> !neura.data<index, i1>\0A      %60 = \22neura.data_mov\22(%55) : (!neura.data<index, i1>) -> !neura.data<index, i1>\0A      %61 = \22neura.data_mov\22(%52) : (!neura.data<index, i1>) -> !neura.data<index, i1>\0A      %62 = \22neura.load_indexed\22(%59, %60, %61) <{operandSegmentSizes = array<i32: 0, 3>}> {lhs_value = \22%input2\22} : (!neura.data<index, i1>, !neura.data<index, i1>, !neura.data<index, i1>) -> !neura.data<i32, i1>\0A      %63 = \22neura.data_mov\22(%52) : (!neura.data<index, i1>) -> !neura.data<index, i1>\0A      %64 = \22neura.data_mov\22(%49) : (!neura.data<index, i1>) -> !neura.data<index, i1>\0A      %65 = \22neura.load_indexed\22(%63, %64) <{operandSegmentSizes = array<i32: 0, 2>}> {lhs_value = \22%input3\22} : (!neura.data<index, i1>, !neura.data<index, i1>) -> !neura.data<i32, i1>\0A      %66 = \22neura.data_mov\22(%62) : (!neura.data<i32, i1>) -> !neura.data<i32, i1>\0A      %67 = \22neura.data_mov\22(%65) : (!neura.data<i32, i1>) -> !neura.data<i32, i1>\0A      %68 = \22neura.mul\22(%66, %67) : (!neura.data<i32, i1>, !neura.data<i32, i1>) -> !neura.data<i32, i1>\0A      %69 = \22neura.data_mov\22(%58) : (!neura.data<index, i1>) -> !neura.data<index, i1>\0A      %70 = \22neura.data_mov\22(%55) : (!neura.data<index, i1>) -> !neura.data<index, i1>\0A      %71 = \22neura.data_mov\22(%49) : (!neura.data<index, i1>) -> !neura.data<index, i1>\0A      %72 = \22neura.load_indexed\22(%69, %70, %71) <{operandSegmentSizes = array<i32: 0, 3>}> {lhs_value = \22%input1\22} : (!neura.data<index, i1>, !neura.data<index, i1>, !neura.data<index, i1>) -> !neura.data<i32, i1>\0A      %73 = \22neura.data_mov\22(%72) : (!neura.data<i32, i1>) -> !neura.data<i32, i1>\0A      %74 = \22neura.data_mov\22(%68) : (!neura.data<i32, i1>) -> !neura.data<i32, i1>\0A      %75 = \22neura.add\22(%73, %74) : (!neura.data<i32, i1>, !neura.data<i32, i1>) -> !neura.data<i32, i1>\0A      %76 = \22neura.data_mov\22(%75) : (!neura.data<i32, i1>) -> !neura.data<i32, i1>\0A      %77 = \22neura.data_mov\22(%58) : (!neura.data<index, i1>) -> !neura.data<index, i1>\0A      %78 = \22neura.data_mov\22(%55) : (!neura.data<index, i1>) -> !neura.data<index, i1>\0A      %79 = \22neura.data_mov\22(%49) : (!neura.data<index, i1>) -> !neura.data<index, i1>\0A      \22neura.store_indexed\22(%76, %77, %78, %79) <{operandSegmentSizes = array<i32: 1, 0, 3>}> {rhs_value = \22%input1\22} : (!neura.data<i32, i1>, !neura.data<index, i1>, !neura.data<index, i1>, !neura.data<index, i1>) -> ()\0A      \22neura.yield\22() <{operandSegmentSizes = array<i32: 0, 0>}> {yield_type = \22void\22} : () -> ()\0A    }) {dataflow_mode = \22predicate\22} : (i32, memref<?x256x16xi32>, memref<?x256x256xi32>, memref<?x16xi32>, index) -> ()\0A    \22taskflow.yield\22(%arg9) <{operandSegmentSizes = array<i32: 0, 1, 0>}> : (memref<?x256x16xi32>) -> ()\0A  }) {dlp_replicable = true, runtime_managable = true} : (memref<?x256x256xi32>, memref<?x16xi32>, memref<?x256x16xi32>, memref<?x256x16xi32>, index, i32, memref<?x256x256xi32>, memref<?x16xi32>, memref<?x256x16xi32>, memref<?x256x16xi32>) -> memref<?x256x16xi32>\0A  \22func.return\22() : () -> ()\0A}) : () -> ()", amoeba.source_iteration_domain = {axes = [{carried_values = 0 : i64, expanded_inside_mapper_firing = false, extent = 5 : i64, kind = "taskflow-counter", lower = 0 : i64, ordinal = 0 : i64, parent_counter_ordinal = -1 : i64, result_uses = 0 : i64, step = 1 : i64, upper = 5 : i64}, {carried_values = 0 : i64, expanded_inside_mapper_firing = false, extent = 16 : i64, kind = "taskflow-counter", lower = 0 : i64, ordinal = 1 : i64, parent_counter_ordinal = -1 : i64, result_uses = 0 : i64, step = 1 : i64, upper = 16 : i64}, {carried_values = 0 : i64, expanded_inside_mapper_firing = false, extent = 5 : i64, kind = "taskflow-counter", lower = 0 : i64, ordinal = 2 : i64, parent_counter_ordinal = -1 : i64, result_uses = 0 : i64, step = 1 : i64, upper = 5 : i64}], canonical_witness = "amoeba-source-iteration-domain-v1\0Acomplete=1\0Arepresented_multiplicity=400\0Ainternal_multiplicity=1\0Asource_multiplicity=400\0Aaxis_count=3\0Aaxis=T,0,0,5,1,5,0,-1,0,0\0Aaxis=T,1,0,16,1,16,0,-1,0,0\0Aaxis=T,2,0,5,1,5,0,-1,0,0\0Areason_bytes=0:\0A", complete = true, internal_multiplicity = 1 : i64, represented_multiplicity = 400 : i64, schema = "amoeba-source-iteration-domain-v1", source_multiplicity = 400 : i64}, amoeba.source_iteration_source_control_binding = "amoeba-source-iteration-domain-v1\0Adomain_witness_bytes=231:amoeba-source-iteration-domain-v1\0Acomplete=1\0Arepresented_multiplicity=400\0Ainternal_multiplicity=1\0Asource_multiplicity=400\0Aaxis_count=3\0Aaxis=T,0,0,5,1,5,0,-1,0,0\0Aaxis=T,1,0,16,1,16,0,-1,0,0\0Aaxis=T,2,0,5,1,5,0,-1,0,0\0Areason_bytes=0:\0A\0A\22func.func\22() <{function_type = (memref<?x256x256xi32>, memref<?x16xi32>, memref<?x256x16xi32>, index, i32, memref<?x256x256xi32>) -> (), sym_name = \22__source_domain_binding__\22}> ({\0A^bb0(%arg0: memref<?x256x256xi32>, %arg1: memref<?x16xi32>, %arg2: memref<?x256x16xi32>, %arg3: index, %arg4: i32, %arg5: memref<?x256x256xi32>):\0A  %0 = \22taskflow.task\22(%arg0, %arg1, %arg2, %arg2, %arg3, %arg4, %arg5, %arg1, %arg2, %arg2) <{operandSegmentSizes = array<i32: 3, 1, 2, 3, 1>, resultSegmentSizes = array<i32: 0, 1, 0>, task_name = \22Task_9\22}> ({\0A  ^bb0(%arg6: memref<?x256x256xi32>, %arg7: memref<?x16xi32>, %arg8: memref<?x256x16xi32>, %arg9: memref<?x256x16xi32>, %arg10: index, %arg11: i32):\0A    %1 = \22arith.constant\22() <{value = 16 : index}> : () -> index\0A    %2 = \22arith.constant\22() <{value = 0 : index}> : () -> index\0A    %3 = \22arith.constant\22() <{value = 1 : index}> : () -> index\0A    %4 = \22taskflow.counter\22(%2, %arg10, %3) <{counter_dynamism = \22symbol_bound\22, counter_hierarchy = \22root\22, counter_id = 0 : i32}> : (index, index, index) -> index\0A    %5 = \22taskflow.counter\22(%4, %2, %1, %3) <{counter_dynamism = \22constant_bound\22, counter_hierarchy = \22relay\22, counter_id = 1 : i32}> : (index, index, index, index) -> index\0A    %6 = \22taskflow.counter\22(%5, %2, %arg10, %3) <{counter_dynamism = \22symbol_bound\22, counter_hierarchy = \22leaf\22, counter_id = 2 : i32}> : (index, index, index, index) -> index\0A    \22neura.kernel\22(%arg11, %arg9, %arg6, %arg7, %arg10) <{accelerator = \22neura\22, operandSegmentSizes = array<i32: 5, 0>}> ({\0A    ^bb0(%arg12: !neura.data<i32, i1>, %arg13: !neura.data<memref<?x256x16xi32>, i1>, %arg14: !neura.data<memref<?x256x256xi32>, i1>, %arg15: !neura.data<memref<?x16xi32>, i1>, %arg16: !neura.data<index, i1>):\0A      %7 = \22neura.constant\22() <{value = \22%input1\22}> : () -> !neura.data<memref<?x256x16xi32>, i1>\0A      %8 = \22neura.constant\22() <{value = 0 : index}> : () -> !neura.data<index, i1>\0A      %9 = \22neura.counter\22() <{counter_dynamism = \22symbol_bound\22, counter_hierarchy = \22root\22, counter_id = 0 : i32, operandSegmentSizes = array<i32: 0, 0, 0>}> {lower_bound_value = 0 : index, step_value = 1 : index, upper_bound_value = \22%input4\22} : () -> !neura.data<index, i1>\0A      %10 = \22neura.counter\22() <{counter_dynamism = \22constant_bound\22, counter_hierarchy = \22relay\22, counter_id = 1 : i32, operandSegmentSizes = array<i32: 0, 0, 0>}> {lower_bound_value = 0 : index, step_value = 1 : index, upper_bound_value = 16 : index} : () -> !neura.data<index, i1>\0A      %11 = \22neura.counter\22() <{counter_dynamism = \22symbol_bound\22, counter_hierarchy = \22leaf\22, counter_id = 2 : i32, operandSegmentSizes = array<i32: 0, 0, 0>}> {lower_bound_value = 0 : index, step_value = 1 : index, upper_bound_value = \22%input4\22} : () -> !neura.data<index, i1>\0A      %12 = \22neura.data_mov\22(%11) : (!neura.data<index, i1>) -> !neura.data<index, i1>\0A      %13 = \22neura.icmp\22(%12) <{cmpType = \22eq\22}> {rhs_value = 0 : index} : (!neura.data<index, i1>) -> !neura.data<i1, i1>\0A      %14 = \22neura.data_mov\22(%7) : (!neura.data<memref<?x256x16xi32>, i1>) -> !neura.data<memref<?x256x16xi32>, i1>\0A      %15 = \22neura.data_mov\22(%13) : (!neura.data<i1, i1>) -> !neura.data<i1, i1>\0A      %16 = \22neura.grant_predicate\22(%14, %15) : (!neura.data<memref<?x256x16xi32>, i1>, !neura.data<i1, i1>) -> !neura.data<memref<?x256x16xi32>, i1>\0A      %17 = \22neura.data_mov\22(%8) : (!neura.data<index, i1>) -> !neura.data<index, i1>\0A      %18 = \22neura.data_mov\22(%13) : (!neura.data<i1, i1>) -> !neura.data<i1, i1>\0A      %19 = \22neura.grant_predicate\22(%17, %18) : (!neura.data<index, i1>, !neura.data<i1, i1>) -> !neura.data<index, i1>\0A      %20 = \22neura.data_mov\22(%9) : (!neura.data<index, i1>) -> !neura.data<index, i1>\0A      %21 = \22neura.data_mov\22(%13) : (!neura.data<i1, i1>) -> !neura.data<i1, i1>\0A      %22 = \22neura.grant_predicate\22(%20, %21) : (!neura.data<index, i1>, !neura.data<i1, i1>) -> !neura.data<index, i1>\0A      %23 = \22neura.data_mov\22(%10) : (!neura.data<index, i1>) -> !neura.data<index, i1>\0A      %24 = \22neura.data_mov\22(%13) : (!neura.data<i1, i1>) -> !neura.data<i1, i1>\0A      %25 = \22neura.grant_predicate\22(%23, %24) : (!neura.data<index, i1>, !neura.data<i1, i1>) -> !neura.data<index, i1>\0A      %26 = \22neura.data_mov\22(%11) : (!neura.data<index, i1>) -> !neura.data<index, i1>\0A      %27 = \22neura.data_mov\22(%13) : (!neura.data<i1, i1>) -> !neura.data<i1, i1>\0A      %28 = \22neura.grant_predicate\22(%26, %27) : (!neura.data<index, i1>, !neura.data<i1, i1>) -> !neura.data<index, i1>\0A      %29 = \22neura.data_mov\22(%13) : (!neura.data<i1, i1>) -> !neura.data<i1, i1>\0A      %30 = \22neura.not\22(%29) : (!neura.data<i1, i1>) -> !neura.data<i1, i1>\0A      %31 = \22neura.data_mov\22(%8) : (!neura.data<index, i1>) -> !neura.data<index, i1>\0A      %32 = \22neura.data_mov\22(%30) : (!neura.data<i1, i1>) -> !neura.data<i1, i1>\0A      %33 = \22neura.grant_predicate\22(%31, %32) : (!neura.data<index, i1>, !neura.data<i1, i1>) -> !neura.data<index, i1>\0A      %34 = \22neura.data_mov\22(%9) : (!neura.data<index, i1>) -> !neura.data<index, i1>\0A      %35 = \22neura.data_mov\22(%30) : (!neura.data<i1, i1>) -> !neura.data<i1, i1>\0A      %36 = \22neura.grant_predicate\22(%34, %35) : (!neura.data<index, i1>, !neura.data<i1, i1>) -> !neura.data<index, i1>\0A      %37 = \22neura.data_mov\22(%11) : (!neura.data<index, i1>) -> !neura.data<index, i1>\0A      %38 = \22neura.data_mov\22(%30) : (!neura.data<i1, i1>) -> !neura.data<i1, i1>\0A      %39 = \22neura.grant_predicate\22(%37, %38) : (!neura.data<index, i1>, !neura.data<i1, i1>) -> !neura.data<index, i1>\0A      %40 = \22neura.data_mov\22(%10) : (!neura.data<index, i1>) -> !neura.data<index, i1>\0A      %41 = \22neura.data_mov\22(%30) : (!neura.data<i1, i1>) -> !neura.data<i1, i1>\0A      %42 = \22neura.grant_predicate\22(%40, %41) : (!neura.data<index, i1>, !neura.data<i1, i1>) -> !neura.data<index, i1>\0A      %43 = \22neura.data_mov\22(%16) : (!neura.data<memref<?x256x16xi32>, i1>) -> !neura.data<memref<?x256x16xi32>, i1>\0A      %44 = \22neura.data_mov\22(%19) : (!neura.data<index, i1>) -> !neura.data<index, i1>\0A      %45 = \22neura.data_mov\22(%22) : (!neura.data<index, i1>) -> !neura.data<index, i1>\0A      %46 = \22neura.data_mov\22(%25) : (!neura.data<index, i1>) -> !neura.data<index, i1>\0A      \22neura.store_indexed\22(%43, %44, %45, %46) <{operandSegmentSizes = array<i32: 0, 1, 3>}> {lhs_value = \22%input0\22} : (!neura.data<memref<?x256x16xi32>, i1>, !neura.data<index, i1>, !neura.data<index, i1>, !neura.data<index, i1>) -> ()\0A      %47 = \22neura.data_mov\22(%42) : (!neura.data<index, i1>) -> !neura.data<index, i1>\0A      %48 = \22neura.data_mov\22(%25) : (!neura.data<index, i1>) -> !neura.data<index, i1>\0A      %49 = \22neura.phi\22(%47, %48) : (!neura.data<index, i1>, !neura.data<index, i1>) -> !neura.data<index, i1>\0A      %50 = \22neura.data_mov\22(%39) : (!neura.data<index, i1>) -> !neura.data<index, i1>\0A      %51 = \22neura.data_mov\22(%28) : (!neura.data<index, i1>) -> !neura.data<index, i1>\0A      %52 = \22neura.phi\22(%50, %51) : (!neura.data<index, i1>, !neura.data<index, i1>) -> !neura.data<index, i1>\0A      %53 = \22neura.data_mov\22(%36) : (!neura.data<index, i1>) -> !neura.data<index, i1>\0A      %54 = \22neura.data_mov\22(%22) : (!neura.data<index, i1>) -> !neura.data<index, i1>\0A      %55 = \22neura.phi\22(%53, %54) : (!neura.data<index, i1>, !neura.data<index, i1>) -> !neura.data<index, i1>\0A      %56 = \22neura.data_mov\22(%33) : (!neura.data<index, i1>) -> !neura.data<index, i1>\0A      %57 = \22neura.data_mov\22(%19) : (!neura.data<index, i1>) -> !neura.data<index, i1>\0A      %58 = \22neura.phi\22(%56, %57) : (!neura.data<index, i1>, !neura.data<index, i1>) -> !neura.data<index, i1>\0A      %59 = \22neura.data_mov\22(%58) : (!neura.data<index, i1>) -> !neura.data<index, i1>\0A      %60 = \22neura.data_mov\22(%55) : (!neura.data<index, i1>) -> !neura.data<index, i1>\0A      %61 = \22neura.data_mov\22(%52) : (!neura.data<index, i1>) -> !neura.data<index, i1>\0A      %62 = \22neura.load_indexed\22(%59, %60, %61) <{operandSegmentSizes = array<i32: 0, 3>}> {lhs_value = \22%input2\22} : (!neura.data<index, i1>, !neura.data<index, i1>, !neura.data<index, i1>) -> !neura.data<i32, i1>\0A      %63 = \22neura.data_mov\22(%52) : (!neura.data<index, i1>) -> !neura.data<index, i1>\0A      %64 = \22neura.data_mov\22(%49) : (!neura.data<index, i1>) -> !neura.data<index, i1>\0A      %65 = \22neura.load_indexed\22(%63, %64) <{operandSegmentSizes = array<i32: 0, 2>}> {lhs_value = \22%input3\22} : (!neura.data<index, i1>, !neura.data<index, i1>) -> !neura.data<i32, i1>\0A      %66 = \22neura.data_mov\22(%62) : (!neura.data<i32, i1>) -> !neura.data<i32, i1>\0A      %67 = \22neura.data_mov\22(%65) : (!neura.data<i32, i1>) -> !neura.data<i32, i1>\0A      %68 = \22neura.mul\22(%66, %67) : (!neura.data<i32, i1>, !neura.data<i32, i1>) -> !neura.data<i32, i1>\0A      %69 = \22neura.data_mov\22(%58) : (!neura.data<index, i1>) -> !neura.data<index, i1>\0A      %70 = \22neura.data_mov\22(%55) : (!neura.data<index, i1>) -> !neura.data<index, i1>\0A      %71 = \22neura.data_mov\22(%49) : (!neura.data<index, i1>) -> !neura.data<index, i1>\0A      %72 = \22neura.load_indexed\22(%69, %70, %71) <{operandSegmentSizes = array<i32: 0, 3>}> {lhs_value = \22%input1\22} : (!neura.data<index, i1>, !neura.data<index, i1>, !neura.data<index, i1>) -> !neura.data<i32, i1>\0A      %73 = \22neura.data_mov\22(%72) : (!neura.data<i32, i1>) -> !neura.data<i32, i1>\0A      %74 = \22neura.data_mov\22(%68) : (!neura.data<i32, i1>) -> !neura.data<i32, i1>\0A      %75 = \22neura.add\22(%73, %74) : (!neura.data<i32, i1>, !neura.data<i32, i1>) -> !neura.data<i32, i1>\0A      %76 = \22neura.data_mov\22(%75) : (!neura.data<i32, i1>) -> !neura.data<i32, i1>\0A      %77 = \22neura.data_mov\22(%58) : (!neura.data<index, i1>) -> !neura.data<index, i1>\0A      %78 = \22neura.data_mov\22(%55) : (!neura.data<index, i1>) -> !neura.data<index, i1>\0A      %79 = \22neura.data_mov\22(%49) : (!neura.data<index, i1>) -> !neura.data<index, i1>\0A      \22neura.store_indexed\22(%76, %77, %78, %79) <{operandSegmentSizes = array<i32: 1, 0, 3>}> {rhs_value = \22%input1\22} : (!neura.data<i32, i1>, !neura.data<index, i1>, !neura.data<index, i1>, !neura.data<index, i1>) -> ()\0A      \22neura.yield\22() <{operandSegmentSizes = array<i32: 0, 0>}> {yield_type = \22void\22} : () -> ()\0A    }) {dataflow_mode = \22predicate\22} : (i32, memref<?x256x16xi32>, memref<?x256x256xi32>, memref<?x16xi32>, index) -> ()\0A    \22taskflow.yield\22(%arg9) <{operandSegmentSizes = array<i32: 0, 1, 0>}> : (memref<?x256x16xi32>) -> ()\0A  }) {dlp_replicable = true, runtime_managable = true} : (memref<?x256x256xi32>, memref<?x16xi32>, memref<?x256x16xi32>, memref<?x256x16xi32>, index, i32, memref<?x256x256xi32>, memref<?x16xi32>, memref<?x256x16xi32>, memref<?x256x16xi32>) -> memref<?x256x16xi32>\0A  \22func.return\22() : () -> ()\0A}) : () -> ()", dlp_replicable = true, runtime_managable = true} : (memref<?x256x256xi32>, memref<?x16xi32>, memref<?x256x16xi32>, memref<?x256x16xi32>, index, i32, memref<?x256x256xi32>, memref<?x16xi32>, memref<?x256x16xi32>, memref<?x256x16xi32>) -> memref<?x256x16xi32>
    %15 = "taskflow.task"(%12, %arg5, %14, %14, %4, %3, %arg10, %arg5, %arg12, %arg12) <{operandSegmentSizes = array<i32: 3, 1, 2, 3, 1>, resultSegmentSizes = array<i32: 0, 1, 0>, task_name = "Task_10"}> ({
    ^bb0(%arg204: memref<?x256x256xi32>, %arg205: memref<?x16xi32>, %arg206: memref<?x256x16xi32>, %arg207: memref<?x256x16xi32>, %arg208: index, %arg209: i32):
      %1412 = "arith.constant"() <{value = 16 : index}> : () -> index
      %1413 = "arith.constant"() <{value = 0 : index}> : () -> index
      %1414 = "arith.constant"() <{value = 1 : index}> : () -> index
      %1415 = "taskflow.counter"(%1413, %arg208, %1414) <{counter_dynamism = "symbol_bound", counter_hierarchy = "root", counter_id = 0 : i32}> : (index, index, index) -> index
      %1416 = "taskflow.counter"(%1415, %1413, %1412, %1414) <{counter_dynamism = "constant_bound", counter_hierarchy = "relay", counter_id = 1 : i32}> : (index, index, index, index) -> index
      %1417 = "taskflow.counter"(%1416, %1413, %arg208, %1414) <{counter_dynamism = "symbol_bound", counter_hierarchy = "leaf", counter_id = 2 : i32}> : (index, index, index, index) -> index
      "neura.kernel"(%arg209, %arg207, %arg204, %arg205, %arg208) <{accelerator = "neura", operandSegmentSizes = array<i32: 5, 0>}> ({
      ^bb0(%arg210: !neura.data<i32, i1>, %arg211: !neura.data<memref<?x256x16xi32>, i1>, %arg212: !neura.data<memref<?x256x256xi32>, i1>, %arg213: !neura.data<memref<?x16xi32>, i1>, %arg214: !neura.data<index, i1>):
        %1418 = "neura.constant"() <{value = "%input1"}> : () -> !neura.data<memref<?x256x16xi32>, i1>
        %1419 = "neura.constant"() <{value = 1 : index}> : () -> !neura.data<index, i1>
        %1420 = "neura.counter"() <{counter_dynamism = "symbol_bound", counter_hierarchy = "root", counter_id = 0 : i32, operandSegmentSizes = array<i32: 0, 0, 0>}> {lower_bound_value = 0 : index, step_value = 1 : index, upper_bound_value = "%input4"} : () -> !neura.data<index, i1>
        %1421 = "neura.counter"() <{counter_dynamism = "constant_bound", counter_hierarchy = "relay", counter_id = 1 : i32, operandSegmentSizes = array<i32: 0, 0, 0>}> {lower_bound_value = 0 : index, step_value = 1 : index, upper_bound_value = 16 : index} : () -> !neura.data<index, i1>
        %1422 = "neura.counter"() <{counter_dynamism = "symbol_bound", counter_hierarchy = "leaf", counter_id = 2 : i32, operandSegmentSizes = array<i32: 0, 0, 0>}> {lower_bound_value = 0 : index, step_value = 1 : index, upper_bound_value = "%input4"} : () -> !neura.data<index, i1>
        %1423 = "neura.data_mov"(%1422) : (!neura.data<index, i1>) -> !neura.data<index, i1>
        %1424 = "neura.icmp"(%1423) <{cmpType = "eq"}> {rhs_value = 0 : index} : (!neura.data<index, i1>) -> !neura.data<i1, i1>
        %1425 = "neura.data_mov"(%1418) : (!neura.data<memref<?x256x16xi32>, i1>) -> !neura.data<memref<?x256x16xi32>, i1>
        %1426 = "neura.data_mov"(%1424) : (!neura.data<i1, i1>) -> !neura.data<i1, i1>
        %1427 = "neura.grant_predicate"(%1425, %1426) : (!neura.data<memref<?x256x16xi32>, i1>, !neura.data<i1, i1>) -> !neura.data<memref<?x256x16xi32>, i1>
        %1428 = "neura.data_mov"(%1419) : (!neura.data<index, i1>) -> !neura.data<index, i1>
        %1429 = "neura.data_mov"(%1424) : (!neura.data<i1, i1>) -> !neura.data<i1, i1>
        %1430 = "neura.grant_predicate"(%1428, %1429) : (!neura.data<index, i1>, !neura.data<i1, i1>) -> !neura.data<index, i1>
        %1431 = "neura.data_mov"(%1420) : (!neura.data<index, i1>) -> !neura.data<index, i1>
        %1432 = "neura.data_mov"(%1424) : (!neura.data<i1, i1>) -> !neura.data<i1, i1>
        %1433 = "neura.grant_predicate"(%1431, %1432) : (!neura.data<index, i1>, !neura.data<i1, i1>) -> !neura.data<index, i1>
        %1434 = "neura.data_mov"(%1421) : (!neura.data<index, i1>) -> !neura.data<index, i1>
        %1435 = "neura.data_mov"(%1424) : (!neura.data<i1, i1>) -> !neura.data<i1, i1>
        %1436 = "neura.grant_predicate"(%1434, %1435) : (!neura.data<index, i1>, !neura.data<i1, i1>) -> !neura.data<index, i1>
        %1437 = "neura.data_mov"(%1422) : (!neura.data<index, i1>) -> !neura.data<index, i1>
        %1438 = "neura.data_mov"(%1424) : (!neura.data<i1, i1>) -> !neura.data<i1, i1>
        %1439 = "neura.grant_predicate"(%1437, %1438) : (!neura.data<index, i1>, !neura.data<i1, i1>) -> !neura.data<index, i1>
        %1440 = "neura.data_mov"(%1424) : (!neura.data<i1, i1>) -> !neura.data<i1, i1>
        %1441 = "neura.not"(%1440) : (!neura.data<i1, i1>) -> !neura.data<i1, i1>
        %1442 = "neura.data_mov"(%1419) : (!neura.data<index, i1>) -> !neura.data<index, i1>
        %1443 = "neura.data_mov"(%1441) : (!neura.data<i1, i1>) -> !neura.data<i1, i1>
        %1444 = "neura.grant_predicate"(%1442, %1443) : (!neura.data<index, i1>, !neura.data<i1, i1>) -> !neura.data<index, i1>
        %1445 = "neura.data_mov"(%1420) : (!neura.data<index, i1>) -> !neura.data<index, i1>
        %1446 = "neura.data_mov"(%1441) : (!neura.data<i1, i1>) -> !neura.data<i1, i1>
        %1447 = "neura.grant_predicate"(%1445, %1446) : (!neura.data<index, i1>, !neura.data<i1, i1>) -> !neura.data<index, i1>
        %1448 = "neura.data_mov"(%1422) : (!neura.data<index, i1>) -> !neura.data<index, i1>
        %1449 = "neura.data_mov"(%1441) : (!neura.data<i1, i1>) -> !neura.data<i1, i1>
        %1450 = "neura.grant_predicate"(%1448, %1449) : (!neura.data<index, i1>, !neura.data<i1, i1>) -> !neura.data<index, i1>
        %1451 = "neura.data_mov"(%1421) : (!neura.data<index, i1>) -> !neura.data<index, i1>
        %1452 = "neura.data_mov"(%1441) : (!neura.data<i1, i1>) -> !neura.data<i1, i1>
        %1453 = "neura.grant_predicate"(%1451, %1452) : (!neura.data<index, i1>, !neura.data<i1, i1>) -> !neura.data<index, i1>
        %1454 = "neura.data_mov"(%1427) : (!neura.data<memref<?x256x16xi32>, i1>) -> !neura.data<memref<?x256x16xi32>, i1>
        %1455 = "neura.data_mov"(%1430) : (!neura.data<index, i1>) -> !neura.data<index, i1>
        %1456 = "neura.data_mov"(%1433) : (!neura.data<index, i1>) -> !neura.data<index, i1>
        %1457 = "neura.data_mov"(%1436) : (!neura.data<index, i1>) -> !neura.data<index, i1>
        "neura.store_indexed"(%1454, %1455, %1456, %1457) <{operandSegmentSizes = array<i32: 0, 1, 3>}> {lhs_value = "%input0"} : (!neura.data<memref<?x256x16xi32>, i1>, !neura.data<index, i1>, !neura.data<index, i1>, !neura.data<index, i1>) -> ()
        %1458 = "neura.data_mov"(%1453) : (!neura.data<index, i1>) -> !neura.data<index, i1>
        %1459 = "neura.data_mov"(%1436) : (!neura.data<index, i1>) -> !neura.data<index, i1>
        %1460 = "neura.phi"(%1458, %1459) : (!neura.data<index, i1>, !neura.data<index, i1>) -> !neura.data<index, i1>
        %1461 = "neura.data_mov"(%1450) : (!neura.data<index, i1>) -> !neura.data<index, i1>
        %1462 = "neura.data_mov"(%1439) : (!neura.data<index, i1>) -> !neura.data<index, i1>
        %1463 = "neura.phi"(%1461, %1462) : (!neura.data<index, i1>, !neura.data<index, i1>) -> !neura.data<index, i1>
        %1464 = "neura.data_mov"(%1447) : (!neura.data<index, i1>) -> !neura.data<index, i1>
        %1465 = "neura.data_mov"(%1433) : (!neura.data<index, i1>) -> !neura.data<index, i1>
        %1466 = "neura.phi"(%1464, %1465) : (!neura.data<index, i1>, !neura.data<index, i1>) -> !neura.data<index, i1>
        %1467 = "neura.data_mov"(%1444) : (!neura.data<index, i1>) -> !neura.data<index, i1>
        %1468 = "neura.data_mov"(%1430) : (!neura.data<index, i1>) -> !neura.data<index, i1>
        %1469 = "neura.phi"(%1467, %1468) : (!neura.data<index, i1>, !neura.data<index, i1>) -> !neura.data<index, i1>
        %1470 = "neura.data_mov"(%1469) : (!neura.data<index, i1>) -> !neura.data<index, i1>
        %1471 = "neura.data_mov"(%1466) : (!neura.data<index, i1>) -> !neura.data<index, i1>
        %1472 = "neura.data_mov"(%1463) : (!neura.data<index, i1>) -> !neura.data<index, i1>
        %1473 = "neura.load_indexed"(%1470, %1471, %1472) <{operandSegmentSizes = array<i32: 0, 3>}> {lhs_value = "%input2"} : (!neura.data<index, i1>, !neura.data<index, i1>, !neura.data<index, i1>) -> !neura.data<i32, i1>
        %1474 = "neura.data_mov"(%1463) : (!neura.data<index, i1>) -> !neura.data<index, i1>
        %1475 = "neura.data_mov"(%1460) : (!neura.data<index, i1>) -> !neura.data<index, i1>
        %1476 = "neura.load_indexed"(%1474, %1475) <{operandSegmentSizes = array<i32: 0, 2>}> {lhs_value = "%input3"} : (!neura.data<index, i1>, !neura.data<index, i1>) -> !neura.data<i32, i1>
        %1477 = "neura.data_mov"(%1473) : (!neura.data<i32, i1>) -> !neura.data<i32, i1>
        %1478 = "neura.data_mov"(%1476) : (!neura.data<i32, i1>) -> !neura.data<i32, i1>
        %1479 = "neura.mul"(%1477, %1478) : (!neura.data<i32, i1>, !neura.data<i32, i1>) -> !neura.data<i32, i1>
        %1480 = "neura.data_mov"(%1469) : (!neura.data<index, i1>) -> !neura.data<index, i1>
        %1481 = "neura.data_mov"(%1466) : (!neura.data<index, i1>) -> !neura.data<index, i1>
        %1482 = "neura.data_mov"(%1460) : (!neura.data<index, i1>) -> !neura.data<index, i1>
        %1483 = "neura.load_indexed"(%1480, %1481, %1482) <{operandSegmentSizes = array<i32: 0, 3>}> {lhs_value = "%input1"} : (!neura.data<index, i1>, !neura.data<index, i1>, !neura.data<index, i1>) -> !neura.data<i32, i1>
        %1484 = "neura.data_mov"(%1483) : (!neura.data<i32, i1>) -> !neura.data<i32, i1>
        %1485 = "neura.data_mov"(%1479) : (!neura.data<i32, i1>) -> !neura.data<i32, i1>
        %1486 = "neura.add"(%1484, %1485) : (!neura.data<i32, i1>, !neura.data<i32, i1>) -> !neura.data<i32, i1>
        %1487 = "neura.data_mov"(%1486) : (!neura.data<i32, i1>) -> !neura.data<i32, i1>
        %1488 = "neura.data_mov"(%1469) : (!neura.data<index, i1>) -> !neura.data<index, i1>
        %1489 = "neura.data_mov"(%1466) : (!neura.data<index, i1>) -> !neura.data<index, i1>
        %1490 = "neura.data_mov"(%1460) : (!neura.data<index, i1>) -> !neura.data<index, i1>
        "neura.store_indexed"(%1487, %1488, %1489, %1490) <{operandSegmentSizes = array<i32: 1, 0, 3>}> {rhs_value = "%input1"} : (!neura.data<i32, i1>, !neura.data<index, i1>, !neura.data<index, i1>, !neura.data<index, i1>) -> ()
        "neura.yield"() <{operandSegmentSizes = array<i32: 0, 0>}> {yield_type = "void"} : () -> ()
      }) {dataflow_mode = "predicate"} : (i32, memref<?x256x16xi32>, memref<?x256x256xi32>, memref<?x16xi32>, index) -> ()
      "taskflow.yield"(%arg207) <{operandSegmentSizes = array<i32: 0, 1, 0>}> : (memref<?x256x16xi32>) -> ()
    }) {amoeba.source_iteration_control_binding = "amoeba-source-iteration-domain-v1\0Adomain_witness_bytes=231:amoeba-source-iteration-domain-v1\0Acomplete=1\0Arepresented_multiplicity=400\0Ainternal_multiplicity=1\0Asource_multiplicity=400\0Aaxis_count=3\0Aaxis=T,0,0,5,1,5,0,-1,0,0\0Aaxis=T,1,0,16,1,16,0,-1,0,0\0Aaxis=T,2,0,5,1,5,0,-1,0,0\0Areason_bytes=0:\0A\0A\22func.func\22() <{function_type = (memref<?x256x256xi32>, memref<?x16xi32>, memref<?x256x16xi32>, index, i32, memref<?x256x256xi32>, memref<?x256x16xi32>) -> (), sym_name = \22__source_domain_binding__\22}> ({\0A^bb0(%arg0: memref<?x256x256xi32>, %arg1: memref<?x16xi32>, %arg2: memref<?x256x16xi32>, %arg3: index, %arg4: i32, %arg5: memref<?x256x256xi32>, %arg6: memref<?x256x16xi32>):\0A  %0 = \22taskflow.task\22(%arg0, %arg1, %arg2, %arg2, %arg3, %arg4, %arg5, %arg1, %arg6, %arg6) <{operandSegmentSizes = array<i32: 3, 1, 2, 3, 1>, resultSegmentSizes = array<i32: 0, 1, 0>, task_name = \22Task_10\22}> ({\0A  ^bb0(%arg7: memref<?x256x256xi32>, %arg8: memref<?x16xi32>, %arg9: memref<?x256x16xi32>, %arg10: memref<?x256x16xi32>, %arg11: index, %arg12: i32):\0A    %1 = \22arith.constant\22() <{value = 16 : index}> : () -> index\0A    %2 = \22arith.constant\22() <{value = 0 : index}> : () -> index\0A    %3 = \22arith.constant\22() <{value = 1 : index}> : () -> index\0A    %4 = \22taskflow.counter\22(%2, %arg11, %3) <{counter_dynamism = \22symbol_bound\22, counter_hierarchy = \22root\22, counter_id = 0 : i32}> : (index, index, index) -> index\0A    %5 = \22taskflow.counter\22(%4, %2, %1, %3) <{counter_dynamism = \22constant_bound\22, counter_hierarchy = \22relay\22, counter_id = 1 : i32}> : (index, index, index, index) -> index\0A    %6 = \22taskflow.counter\22(%5, %2, %arg11, %3) <{counter_dynamism = \22symbol_bound\22, counter_hierarchy = \22leaf\22, counter_id = 2 : i32}> : (index, index, index, index) -> index\0A    \22neura.kernel\22(%arg12, %arg10, %arg7, %arg8, %arg11) <{accelerator = \22neura\22, operandSegmentSizes = array<i32: 5, 0>}> ({\0A    ^bb0(%arg13: !neura.data<i32, i1>, %arg14: !neura.data<memref<?x256x16xi32>, i1>, %arg15: !neura.data<memref<?x256x256xi32>, i1>, %arg16: !neura.data<memref<?x16xi32>, i1>, %arg17: !neura.data<index, i1>):\0A      %7 = \22neura.constant\22() <{value = \22%input1\22}> : () -> !neura.data<memref<?x256x16xi32>, i1>\0A      %8 = \22neura.constant\22() <{value = 1 : index}> : () -> !neura.data<index, i1>\0A      %9 = \22neura.counter\22() <{counter_dynamism = \22symbol_bound\22, counter_hierarchy = \22root\22, counter_id = 0 : i32, operandSegmentSizes = array<i32: 0, 0, 0>}> {lower_bound_value = 0 : index, step_value = 1 : index, upper_bound_value = \22%input4\22} : () -> !neura.data<index, i1>\0A      %10 = \22neura.counter\22() <{counter_dynamism = \22constant_bound\22, counter_hierarchy = \22relay\22, counter_id = 1 : i32, operandSegmentSizes = array<i32: 0, 0, 0>}> {lower_bound_value = 0 : index, step_value = 1 : index, upper_bound_value = 16 : index} : () -> !neura.data<index, i1>\0A      %11 = \22neura.counter\22() <{counter_dynamism = \22symbol_bound\22, counter_hierarchy = \22leaf\22, counter_id = 2 : i32, operandSegmentSizes = array<i32: 0, 0, 0>}> {lower_bound_value = 0 : index, step_value = 1 : index, upper_bound_value = \22%input4\22} : () -> !neura.data<index, i1>\0A      %12 = \22neura.data_mov\22(%11) : (!neura.data<index, i1>) -> !neura.data<index, i1>\0A      %13 = \22neura.icmp\22(%12) <{cmpType = \22eq\22}> {rhs_value = 0 : index} : (!neura.data<index, i1>) -> !neura.data<i1, i1>\0A      %14 = \22neura.data_mov\22(%7) : (!neura.data<memref<?x256x16xi32>, i1>) -> !neura.data<memref<?x256x16xi32>, i1>\0A      %15 = \22neura.data_mov\22(%13) : (!neura.data<i1, i1>) -> !neura.data<i1, i1>\0A      %16 = \22neura.grant_predicate\22(%14, %15) : (!neura.data<memref<?x256x16xi32>, i1>, !neura.data<i1, i1>) -> !neura.data<memref<?x256x16xi32>, i1>\0A      %17 = \22neura.data_mov\22(%8) : (!neura.data<index, i1>) -> !neura.data<index, i1>\0A      %18 = \22neura.data_mov\22(%13) : (!neura.data<i1, i1>) -> !neura.data<i1, i1>\0A      %19 = \22neura.grant_predicate\22(%17, %18) : (!neura.data<index, i1>, !neura.data<i1, i1>) -> !neura.data<index, i1>\0A      %20 = \22neura.data_mov\22(%9) : (!neura.data<index, i1>) -> !neura.data<index, i1>\0A      %21 = \22neura.data_mov\22(%13) : (!neura.data<i1, i1>) -> !neura.data<i1, i1>\0A      %22 = \22neura.grant_predicate\22(%20, %21) : (!neura.data<index, i1>, !neura.data<i1, i1>) -> !neura.data<index, i1>\0A      %23 = \22neura.data_mov\22(%10) : (!neura.data<index, i1>) -> !neura.data<index, i1>\0A      %24 = \22neura.data_mov\22(%13) : (!neura.data<i1, i1>) -> !neura.data<i1, i1>\0A      %25 = \22neura.grant_predicate\22(%23, %24) : (!neura.data<index, i1>, !neura.data<i1, i1>) -> !neura.data<index, i1>\0A      %26 = \22neura.data_mov\22(%11) : (!neura.data<index, i1>) -> !neura.data<index, i1>\0A      %27 = \22neura.data_mov\22(%13) : (!neura.data<i1, i1>) -> !neura.data<i1, i1>\0A      %28 = \22neura.grant_predicate\22(%26, %27) : (!neura.data<index, i1>, !neura.data<i1, i1>) -> !neura.data<index, i1>\0A      %29 = \22neura.data_mov\22(%13) : (!neura.data<i1, i1>) -> !neura.data<i1, i1>\0A      %30 = \22neura.not\22(%29) : (!neura.data<i1, i1>) -> !neura.data<i1, i1>\0A      %31 = \22neura.data_mov\22(%8) : (!neura.data<index, i1>) -> !neura.data<index, i1>\0A      %32 = \22neura.data_mov\22(%30) : (!neura.data<i1, i1>) -> !neura.data<i1, i1>\0A      %33 = \22neura.grant_predicate\22(%31, %32) : (!neura.data<index, i1>, !neura.data<i1, i1>) -> !neura.data<index, i1>\0A      %34 = \22neura.data_mov\22(%9) : (!neura.data<index, i1>) -> !neura.data<index, i1>\0A      %35 = \22neura.data_mov\22(%30) : (!neura.data<i1, i1>) -> !neura.data<i1, i1>\0A      %36 = \22neura.grant_predicate\22(%34, %35) : (!neura.data<index, i1>, !neura.data<i1, i1>) -> !neura.data<index, i1>\0A      %37 = \22neura.data_mov\22(%11) : (!neura.data<index, i1>) -> !neura.data<index, i1>\0A      %38 = \22neura.data_mov\22(%30) : (!neura.data<i1, i1>) -> !neura.data<i1, i1>\0A      %39 = \22neura.grant_predicate\22(%37, %38) : (!neura.data<index, i1>, !neura.data<i1, i1>) -> !neura.data<index, i1>\0A      %40 = \22neura.data_mov\22(%10) : (!neura.data<index, i1>) -> !neura.data<index, i1>\0A      %41 = \22neura.data_mov\22(%30) : (!neura.data<i1, i1>) -> !neura.data<i1, i1>\0A      %42 = \22neura.grant_predicate\22(%40, %41) : (!neura.data<index, i1>, !neura.data<i1, i1>) -> !neura.data<index, i1>\0A      %43 = \22neura.data_mov\22(%16) : (!neura.data<memref<?x256x16xi32>, i1>) -> !neura.data<memref<?x256x16xi32>, i1>\0A      %44 = \22neura.data_mov\22(%19) : (!neura.data<index, i1>) -> !neura.data<index, i1>\0A      %45 = \22neura.data_mov\22(%22) : (!neura.data<index, i1>) -> !neura.data<index, i1>\0A      %46 = \22neura.data_mov\22(%25) : (!neura.data<index, i1>) -> !neura.data<index, i1>\0A      \22neura.store_indexed\22(%43, %44, %45, %46) <{operandSegmentSizes = array<i32: 0, 1, 3>}> {lhs_value = \22%input0\22} : (!neura.data<memref<?x256x16xi32>, i1>, !neura.data<index, i1>, !neura.data<index, i1>, !neura.data<index, i1>) -> ()\0A      %47 = \22neura.data_mov\22(%42) : (!neura.data<index, i1>) -> !neura.data<index, i1>\0A      %48 = \22neura.data_mov\22(%25) : (!neura.data<index, i1>) -> !neura.data<index, i1>\0A      %49 = \22neura.phi\22(%47, %48) : (!neura.data<index, i1>, !neura.data<index, i1>) -> !neura.data<index, i1>\0A      %50 = \22neura.data_mov\22(%39) : (!neura.data<index, i1>) -> !neura.data<index, i1>\0A      %51 = \22neura.data_mov\22(%28) : (!neura.data<index, i1>) -> !neura.data<index, i1>\0A      %52 = \22neura.phi\22(%50, %51) : (!neura.data<index, i1>, !neura.data<index, i1>) -> !neura.data<index, i1>\0A      %53 = \22neura.data_mov\22(%36) : (!neura.data<index, i1>) -> !neura.data<index, i1>\0A      %54 = \22neura.data_mov\22(%22) : (!neura.data<index, i1>) -> !neura.data<index, i1>\0A      %55 = \22neura.phi\22(%53, %54) : (!neura.data<index, i1>, !neura.data<index, i1>) -> !neura.data<index, i1>\0A      %56 = \22neura.data_mov\22(%33) : (!neura.data<index, i1>) -> !neura.data<index, i1>\0A      %57 = \22neura.data_mov\22(%19) : (!neura.data<index, i1>) -> !neura.data<index, i1>\0A      %58 = \22neura.phi\22(%56, %57) : (!neura.data<index, i1>, !neura.data<index, i1>) -> !neura.data<index, i1>\0A      %59 = \22neura.data_mov\22(%58) : (!neura.data<index, i1>) -> !neura.data<index, i1>\0A      %60 = \22neura.data_mov\22(%55) : (!neura.data<index, i1>) -> !neura.data<index, i1>\0A      %61 = \22neura.data_mov\22(%52) : (!neura.data<index, i1>) -> !neura.data<index, i1>\0A      %62 = \22neura.load_indexed\22(%59, %60, %61) <{operandSegmentSizes = array<i32: 0, 3>}> {lhs_value = \22%input2\22} : (!neura.data<index, i1>, !neura.data<index, i1>, !neura.data<index, i1>) -> !neura.data<i32, i1>\0A      %63 = \22neura.data_mov\22(%52) : (!neura.data<index, i1>) -> !neura.data<index, i1>\0A      %64 = \22neura.data_mov\22(%49) : (!neura.data<index, i1>) -> !neura.data<index, i1>\0A      %65 = \22neura.load_indexed\22(%63, %64) <{operandSegmentSizes = array<i32: 0, 2>}> {lhs_value = \22%input3\22} : (!neura.data<index, i1>, !neura.data<index, i1>) -> !neura.data<i32, i1>\0A      %66 = \22neura.data_mov\22(%62) : (!neura.data<i32, i1>) -> !neura.data<i32, i1>\0A      %67 = \22neura.data_mov\22(%65) : (!neura.data<i32, i1>) -> !neura.data<i32, i1>\0A      %68 = \22neura.mul\22(%66, %67) : (!neura.data<i32, i1>, !neura.data<i32, i1>) -> !neura.data<i32, i1>\0A      %69 = \22neura.data_mov\22(%58) : (!neura.data<index, i1>) -> !neura.data<index, i1>\0A      %70 = \22neura.data_mov\22(%55) : (!neura.data<index, i1>) -> !neura.data<index, i1>\0A      %71 = \22neura.data_mov\22(%49) : (!neura.data<index, i1>) -> !neura.data<index, i1>\0A      %72 = \22neura.load_indexed\22(%69, %70, %71) <{operandSegmentSizes = array<i32: 0, 3>}> {lhs_value = \22%input1\22} : (!neura.data<index, i1>, !neura.data<index, i1>, !neura.data<index, i1>) -> !neura.data<i32, i1>\0A      %73 = \22neura.data_mov\22(%72) : (!neura.data<i32, i1>) -> !neura.data<i32, i1>\0A      %74 = \22neura.data_mov\22(%68) : (!neura.data<i32, i1>) -> !neura.data<i32, i1>\0A      %75 = \22neura.add\22(%73, %74) : (!neura.data<i32, i1>, !neura.data<i32, i1>) -> !neura.data<i32, i1>\0A      %76 = \22neura.data_mov\22(%75) : (!neura.data<i32, i1>) -> !neura.data<i32, i1>\0A      %77 = \22neura.data_mov\22(%58) : (!neura.data<index, i1>) -> !neura.data<index, i1>\0A      %78 = \22neura.data_mov\22(%55) : (!neura.data<index, i1>) -> !neura.data<index, i1>\0A      %79 = \22neura.data_mov\22(%49) : (!neura.data<index, i1>) -> !neura.data<index, i1>\0A      \22neura.store_indexed\22(%76, %77, %78, %79) <{operandSegmentSizes = array<i32: 1, 0, 3>}> {rhs_value = \22%input1\22} : (!neura.data<i32, i1>, !neura.data<index, i1>, !neura.data<index, i1>, !neura.data<index, i1>) -> ()\0A      \22neura.yield\22() <{operandSegmentSizes = array<i32: 0, 0>}> {yield_type = \22void\22} : () -> ()\0A    }) {dataflow_mode = \22predicate\22} : (i32, memref<?x256x16xi32>, memref<?x256x256xi32>, memref<?x16xi32>, index) -> ()\0A    \22taskflow.yield\22(%arg10) <{operandSegmentSizes = array<i32: 0, 1, 0>}> : (memref<?x256x16xi32>) -> ()\0A  }) {dlp_replicable = true, runtime_managable = true} : (memref<?x256x256xi32>, memref<?x16xi32>, memref<?x256x16xi32>, memref<?x256x16xi32>, index, i32, memref<?x256x256xi32>, memref<?x16xi32>, memref<?x256x16xi32>, memref<?x256x16xi32>) -> memref<?x256x16xi32>\0A  \22func.return\22() : () -> ()\0A}) : () -> ()", amoeba.source_iteration_domain = {axes = [{carried_values = 0 : i64, expanded_inside_mapper_firing = false, extent = 5 : i64, kind = "taskflow-counter", lower = 0 : i64, ordinal = 0 : i64, parent_counter_ordinal = -1 : i64, result_uses = 0 : i64, step = 1 : i64, upper = 5 : i64}, {carried_values = 0 : i64, expanded_inside_mapper_firing = false, extent = 16 : i64, kind = "taskflow-counter", lower = 0 : i64, ordinal = 1 : i64, parent_counter_ordinal = -1 : i64, result_uses = 0 : i64, step = 1 : i64, upper = 16 : i64}, {carried_values = 0 : i64, expanded_inside_mapper_firing = false, extent = 5 : i64, kind = "taskflow-counter", lower = 0 : i64, ordinal = 2 : i64, parent_counter_ordinal = -1 : i64, result_uses = 0 : i64, step = 1 : i64, upper = 5 : i64}], canonical_witness = "amoeba-source-iteration-domain-v1\0Acomplete=1\0Arepresented_multiplicity=400\0Ainternal_multiplicity=1\0Asource_multiplicity=400\0Aaxis_count=3\0Aaxis=T,0,0,5,1,5,0,-1,0,0\0Aaxis=T,1,0,16,1,16,0,-1,0,0\0Aaxis=T,2,0,5,1,5,0,-1,0,0\0Areason_bytes=0:\0A", complete = true, internal_multiplicity = 1 : i64, represented_multiplicity = 400 : i64, schema = "amoeba-source-iteration-domain-v1", source_multiplicity = 400 : i64}, amoeba.source_iteration_source_control_binding = "amoeba-source-iteration-domain-v1\0Adomain_witness_bytes=231:amoeba-source-iteration-domain-v1\0Acomplete=1\0Arepresented_multiplicity=400\0Ainternal_multiplicity=1\0Asource_multiplicity=400\0Aaxis_count=3\0Aaxis=T,0,0,5,1,5,0,-1,0,0\0Aaxis=T,1,0,16,1,16,0,-1,0,0\0Aaxis=T,2,0,5,1,5,0,-1,0,0\0Areason_bytes=0:\0A\0A\22func.func\22() <{function_type = (memref<?x256x256xi32>, memref<?x16xi32>, memref<?x256x16xi32>, index, i32, memref<?x256x256xi32>, memref<?x256x16xi32>) -> (), sym_name = \22__source_domain_binding__\22}> ({\0A^bb0(%arg0: memref<?x256x256xi32>, %arg1: memref<?x16xi32>, %arg2: memref<?x256x16xi32>, %arg3: index, %arg4: i32, %arg5: memref<?x256x256xi32>, %arg6: memref<?x256x16xi32>):\0A  %0 = \22taskflow.task\22(%arg0, %arg1, %arg2, %arg2, %arg3, %arg4, %arg5, %arg1, %arg6, %arg6) <{operandSegmentSizes = array<i32: 3, 1, 2, 3, 1>, resultSegmentSizes = array<i32: 0, 1, 0>, task_name = \22Task_10\22}> ({\0A  ^bb0(%arg7: memref<?x256x256xi32>, %arg8: memref<?x16xi32>, %arg9: memref<?x256x16xi32>, %arg10: memref<?x256x16xi32>, %arg11: index, %arg12: i32):\0A    %1 = \22arith.constant\22() <{value = 16 : index}> : () -> index\0A    %2 = \22arith.constant\22() <{value = 0 : index}> : () -> index\0A    %3 = \22arith.constant\22() <{value = 1 : index}> : () -> index\0A    %4 = \22taskflow.counter\22(%2, %arg11, %3) <{counter_dynamism = \22symbol_bound\22, counter_hierarchy = \22root\22, counter_id = 0 : i32}> : (index, index, index) -> index\0A    %5 = \22taskflow.counter\22(%4, %2, %1, %3) <{counter_dynamism = \22constant_bound\22, counter_hierarchy = \22relay\22, counter_id = 1 : i32}> : (index, index, index, index) -> index\0A    %6 = \22taskflow.counter\22(%5, %2, %arg11, %3) <{counter_dynamism = \22symbol_bound\22, counter_hierarchy = \22leaf\22, counter_id = 2 : i32}> : (index, index, index, index) -> index\0A    \22neura.kernel\22(%arg12, %arg10, %arg7, %arg8, %arg11) <{accelerator = \22neura\22, operandSegmentSizes = array<i32: 5, 0>}> ({\0A    ^bb0(%arg13: !neura.data<i32, i1>, %arg14: !neura.data<memref<?x256x16xi32>, i1>, %arg15: !neura.data<memref<?x256x256xi32>, i1>, %arg16: !neura.data<memref<?x16xi32>, i1>, %arg17: !neura.data<index, i1>):\0A      %7 = \22neura.constant\22() <{value = \22%input1\22}> : () -> !neura.data<memref<?x256x16xi32>, i1>\0A      %8 = \22neura.constant\22() <{value = 1 : index}> : () -> !neura.data<index, i1>\0A      %9 = \22neura.counter\22() <{counter_dynamism = \22symbol_bound\22, counter_hierarchy = \22root\22, counter_id = 0 : i32, operandSegmentSizes = array<i32: 0, 0, 0>}> {lower_bound_value = 0 : index, step_value = 1 : index, upper_bound_value = \22%input4\22} : () -> !neura.data<index, i1>\0A      %10 = \22neura.counter\22() <{counter_dynamism = \22constant_bound\22, counter_hierarchy = \22relay\22, counter_id = 1 : i32, operandSegmentSizes = array<i32: 0, 0, 0>}> {lower_bound_value = 0 : index, step_value = 1 : index, upper_bound_value = 16 : index} : () -> !neura.data<index, i1>\0A      %11 = \22neura.counter\22() <{counter_dynamism = \22symbol_bound\22, counter_hierarchy = \22leaf\22, counter_id = 2 : i32, operandSegmentSizes = array<i32: 0, 0, 0>}> {lower_bound_value = 0 : index, step_value = 1 : index, upper_bound_value = \22%input4\22} : () -> !neura.data<index, i1>\0A      %12 = \22neura.data_mov\22(%11) : (!neura.data<index, i1>) -> !neura.data<index, i1>\0A      %13 = \22neura.icmp\22(%12) <{cmpType = \22eq\22}> {rhs_value = 0 : index} : (!neura.data<index, i1>) -> !neura.data<i1, i1>\0A      %14 = \22neura.data_mov\22(%7) : (!neura.data<memref<?x256x16xi32>, i1>) -> !neura.data<memref<?x256x16xi32>, i1>\0A      %15 = \22neura.data_mov\22(%13) : (!neura.data<i1, i1>) -> !neura.data<i1, i1>\0A      %16 = \22neura.grant_predicate\22(%14, %15) : (!neura.data<memref<?x256x16xi32>, i1>, !neura.data<i1, i1>) -> !neura.data<memref<?x256x16xi32>, i1>\0A      %17 = \22neura.data_mov\22(%8) : (!neura.data<index, i1>) -> !neura.data<index, i1>\0A      %18 = \22neura.data_mov\22(%13) : (!neura.data<i1, i1>) -> !neura.data<i1, i1>\0A      %19 = \22neura.grant_predicate\22(%17, %18) : (!neura.data<index, i1>, !neura.data<i1, i1>) -> !neura.data<index, i1>\0A      %20 = \22neura.data_mov\22(%9) : (!neura.data<index, i1>) -> !neura.data<index, i1>\0A      %21 = \22neura.data_mov\22(%13) : (!neura.data<i1, i1>) -> !neura.data<i1, i1>\0A      %22 = \22neura.grant_predicate\22(%20, %21) : (!neura.data<index, i1>, !neura.data<i1, i1>) -> !neura.data<index, i1>\0A      %23 = \22neura.data_mov\22(%10) : (!neura.data<index, i1>) -> !neura.data<index, i1>\0A      %24 = \22neura.data_mov\22(%13) : (!neura.data<i1, i1>) -> !neura.data<i1, i1>\0A      %25 = \22neura.grant_predicate\22(%23, %24) : (!neura.data<index, i1>, !neura.data<i1, i1>) -> !neura.data<index, i1>\0A      %26 = \22neura.data_mov\22(%11) : (!neura.data<index, i1>) -> !neura.data<index, i1>\0A      %27 = \22neura.data_mov\22(%13) : (!neura.data<i1, i1>) -> !neura.data<i1, i1>\0A      %28 = \22neura.grant_predicate\22(%26, %27) : (!neura.data<index, i1>, !neura.data<i1, i1>) -> !neura.data<index, i1>\0A      %29 = \22neura.data_mov\22(%13) : (!neura.data<i1, i1>) -> !neura.data<i1, i1>\0A      %30 = \22neura.not\22(%29) : (!neura.data<i1, i1>) -> !neura.data<i1, i1>\0A      %31 = \22neura.data_mov\22(%8) : (!neura.data<index, i1>) -> !neura.data<index, i1>\0A      %32 = \22neura.data_mov\22(%30) : (!neura.data<i1, i1>) -> !neura.data<i1, i1>\0A      %33 = \22neura.grant_predicate\22(%31, %32) : (!neura.data<index, i1>, !neura.data<i1, i1>) -> !neura.data<index, i1>\0A      %34 = \22neura.data_mov\22(%9) : (!neura.data<index, i1>) -> !neura.data<index, i1>\0A      %35 = \22neura.data_mov\22(%30) : (!neura.data<i1, i1>) -> !neura.data<i1, i1>\0A      %36 = \22neura.grant_predicate\22(%34, %35) : (!neura.data<index, i1>, !neura.data<i1, i1>) -> !neura.data<index, i1>\0A      %37 = \22neura.data_mov\22(%11) : (!neura.data<index, i1>) -> !neura.data<index, i1>\0A      %38 = \22neura.data_mov\22(%30) : (!neura.data<i1, i1>) -> !neura.data<i1, i1>\0A      %39 = \22neura.grant_predicate\22(%37, %38) : (!neura.data<index, i1>, !neura.data<i1, i1>) -> !neura.data<index, i1>\0A      %40 = \22neura.data_mov\22(%10) : (!neura.data<index, i1>) -> !neura.data<index, i1>\0A      %41 = \22neura.data_mov\22(%30) : (!neura.data<i1, i1>) -> !neura.data<i1, i1>\0A      %42 = \22neura.grant_predicate\22(%40, %41) : (!neura.data<index, i1>, !neura.data<i1, i1>) -> !neura.data<index, i1>\0A      %43 = \22neura.data_mov\22(%16) : (!neura.data<memref<?x256x16xi32>, i1>) -> !neura.data<memref<?x256x16xi32>, i1>\0A      %44 = \22neura.data_mov\22(%19) : (!neura.data<index, i1>) -> !neura.data<index, i1>\0A      %45 = \22neura.data_mov\22(%22) : (!neura.data<index, i1>) -> !neura.data<index, i1>\0A      %46 = \22neura.data_mov\22(%25) : (!neura.data<index, i1>) -> !neura.data<index, i1>\0A      \22neura.store_indexed\22(%43, %44, %45, %46) <{operandSegmentSizes = array<i32: 0, 1, 3>}> {lhs_value = \22%input0\22} : (!neura.data<memref<?x256x16xi32>, i1>, !neura.data<index, i1>, !neura.data<index, i1>, !neura.data<index, i1>) -> ()\0A      %47 = \22neura.data_mov\22(%42) : (!neura.data<index, i1>) -> !neura.data<index, i1>\0A      %48 = \22neura.data_mov\22(%25) : (!neura.data<index, i1>) -> !neura.data<index, i1>\0A      %49 = \22neura.phi\22(%47, %48) : (!neura.data<index, i1>, !neura.data<index, i1>) -> !neura.data<index, i1>\0A      %50 = \22neura.data_mov\22(%39) : (!neura.data<index, i1>) -> !neura.data<index, i1>\0A      %51 = \22neura.data_mov\22(%28) : (!neura.data<index, i1>) -> !neura.data<index, i1>\0A      %52 = \22neura.phi\22(%50, %51) : (!neura.data<index, i1>, !neura.data<index, i1>) -> !neura.data<index, i1>\0A      %53 = \22neura.data_mov\22(%36) : (!neura.data<index, i1>) -> !neura.data<index, i1>\0A      %54 = \22neura.data_mov\22(%22) : (!neura.data<index, i1>) -> !neura.data<index, i1>\0A      %55 = \22neura.phi\22(%53, %54) : (!neura.data<index, i1>, !neura.data<index, i1>) -> !neura.data<index, i1>\0A      %56 = \22neura.data_mov\22(%33) : (!neura.data<index, i1>) -> !neura.data<index, i1>\0A      %57 = \22neura.data_mov\22(%19) : (!neura.data<index, i1>) -> !neura.data<index, i1>\0A      %58 = \22neura.phi\22(%56, %57) : (!neura.data<index, i1>, !neura.data<index, i1>) -> !neura.data<index, i1>\0A      %59 = \22neura.data_mov\22(%58) : (!neura.data<index, i1>) -> !neura.data<index, i1>\0A      %60 = \22neura.data_mov\22(%55) : (!neura.data<index, i1>) -> !neura.data<index, i1>\0A      %61 = \22neura.data_mov\22(%52) : (!neura.data<index, i1>) -> !neura.data<index, i1>\0A      %62 = \22neura.load_indexed\22(%59, %60, %61) <{operandSegmentSizes = array<i32: 0, 3>}> {lhs_value = \22%input2\22} : (!neura.data<index, i1>, !neura.data<index, i1>, !neura.data<index, i1>) -> !neura.data<i32, i1>\0A      %63 = \22neura.data_mov\22(%52) : (!neura.data<index, i1>) -> !neura.data<index, i1>\0A      %64 = \22neura.data_mov\22(%49) : (!neura.data<index, i1>) -> !neura.data<index, i1>\0A      %65 = \22neura.load_indexed\22(%63, %64) <{operandSegmentSizes = array<i32: 0, 2>}> {lhs_value = \22%input3\22} : (!neura.data<index, i1>, !neura.data<index, i1>) -> !neura.data<i32, i1>\0A      %66 = \22neura.data_mov\22(%62) : (!neura.data<i32, i1>) -> !neura.data<i32, i1>\0A      %67 = \22neura.data_mov\22(%65) : (!neura.data<i32, i1>) -> !neura.data<i32, i1>\0A      %68 = \22neura.mul\22(%66, %67) : (!neura.data<i32, i1>, !neura.data<i32, i1>) -> !neura.data<i32, i1>\0A      %69 = \22neura.data_mov\22(%58) : (!neura.data<index, i1>) -> !neura.data<index, i1>\0A      %70 = \22neura.data_mov\22(%55) : (!neura.data<index, i1>) -> !neura.data<index, i1>\0A      %71 = \22neura.data_mov\22(%49) : (!neura.data<index, i1>) -> !neura.data<index, i1>\0A      %72 = \22neura.load_indexed\22(%69, %70, %71) <{operandSegmentSizes = array<i32: 0, 3>}> {lhs_value = \22%input1\22} : (!neura.data<index, i1>, !neura.data<index, i1>, !neura.data<index, i1>) -> !neura.data<i32, i1>\0A      %73 = \22neura.data_mov\22(%72) : (!neura.data<i32, i1>) -> !neura.data<i32, i1>\0A      %74 = \22neura.data_mov\22(%68) : (!neura.data<i32, i1>) -> !neura.data<i32, i1>\0A      %75 = \22neura.add\22(%73, %74) : (!neura.data<i32, i1>, !neura.data<i32, i1>) -> !neura.data<i32, i1>\0A      %76 = \22neura.data_mov\22(%75) : (!neura.data<i32, i1>) -> !neura.data<i32, i1>\0A      %77 = \22neura.data_mov\22(%58) : (!neura.data<index, i1>) -> !neura.data<index, i1>\0A      %78 = \22neura.data_mov\22(%55) : (!neura.data<index, i1>) -> !neura.data<index, i1>\0A      %79 = \22neura.data_mov\22(%49) : (!neura.data<index, i1>) -> !neura.data<index, i1>\0A      \22neura.store_indexed\22(%76, %77, %78, %79) <{operandSegmentSizes = array<i32: 1, 0, 3>}> {rhs_value = \22%input1\22} : (!neura.data<i32, i1>, !neura.data<index, i1>, !neura.data<index, i1>, !neura.data<index, i1>) -> ()\0A      \22neura.yield\22() <{operandSegmentSizes = array<i32: 0, 0>}> {yield_type = \22void\22} : () -> ()\0A    }) {dataflow_mode = \22predicate\22} : (i32, memref<?x256x16xi32>, memref<?x256x256xi32>, memref<?x16xi32>, index) -> ()\0A    \22taskflow.yield\22(%arg10) <{operandSegmentSizes = array<i32: 0, 1, 0>}> : (memref<?x256x16xi32>) -> ()\0A  }) {dlp_replicable = true, runtime_managable = true} : (memref<?x256x256xi32>, memref<?x16xi32>, memref<?x256x16xi32>, memref<?x256x16xi32>, index, i32, memref<?x256x256xi32>, memref<?x16xi32>, memref<?x256x16xi32>, memref<?x256x16xi32>) -> memref<?x256x16xi32>\0A  \22func.return\22() : () -> ()\0A}) : () -> ()", dlp_replicable = true, runtime_managable = true} : (memref<?x256x256xi32>, memref<?x16xi32>, memref<?x256x16xi32>, memref<?x256x16xi32>, index, i32, memref<?x256x256xi32>, memref<?x16xi32>, memref<?x256x16xi32>, memref<?x256x16xi32>) -> memref<?x256x16xi32>
    %16 = "taskflow.task"(%12, %arg5, %15, %15, %4, %3, %arg10, %arg5, %arg12, %arg12) <{operandSegmentSizes = array<i32: 3, 1, 2, 3, 1>, resultSegmentSizes = array<i32: 0, 1, 0>, task_name = "Task_11"}> ({
    ^bb0(%arg193: memref<?x256x256xi32>, %arg194: memref<?x16xi32>, %arg195: memref<?x256x16xi32>, %arg196: memref<?x256x16xi32>, %arg197: index, %arg198: i32):
      %1333 = "arith.constant"() <{value = 16 : index}> : () -> index
      %1334 = "arith.constant"() <{value = 0 : index}> : () -> index
      %1335 = "arith.constant"() <{value = 1 : index}> : () -> index
      %1336 = "taskflow.counter"(%1334, %arg197, %1335) <{counter_dynamism = "symbol_bound", counter_hierarchy = "root", counter_id = 0 : i32}> : (index, index, index) -> index
      %1337 = "taskflow.counter"(%1336, %1334, %1333, %1335) <{counter_dynamism = "constant_bound", counter_hierarchy = "relay", counter_id = 1 : i32}> : (index, index, index, index) -> index
      %1338 = "taskflow.counter"(%1337, %1334, %arg197, %1335) <{counter_dynamism = "symbol_bound", counter_hierarchy = "leaf", counter_id = 2 : i32}> : (index, index, index, index) -> index
      "neura.kernel"(%arg198, %arg196, %arg193, %arg194, %arg197) <{accelerator = "neura", operandSegmentSizes = array<i32: 5, 0>}> ({
      ^bb0(%arg199: !neura.data<i32, i1>, %arg200: !neura.data<memref<?x256x16xi32>, i1>, %arg201: !neura.data<memref<?x256x256xi32>, i1>, %arg202: !neura.data<memref<?x16xi32>, i1>, %arg203: !neura.data<index, i1>):
        %1339 = "neura.constant"() <{value = "%input1"}> : () -> !neura.data<memref<?x256x16xi32>, i1>
        %1340 = "neura.constant"() <{value = 2 : index}> : () -> !neura.data<index, i1>
        %1341 = "neura.counter"() <{counter_dynamism = "symbol_bound", counter_hierarchy = "root", counter_id = 0 : i32, operandSegmentSizes = array<i32: 0, 0, 0>}> {lower_bound_value = 0 : index, step_value = 1 : index, upper_bound_value = "%input4"} : () -> !neura.data<index, i1>
        %1342 = "neura.counter"() <{counter_dynamism = "constant_bound", counter_hierarchy = "relay", counter_id = 1 : i32, operandSegmentSizes = array<i32: 0, 0, 0>}> {lower_bound_value = 0 : index, step_value = 1 : index, upper_bound_value = 16 : index} : () -> !neura.data<index, i1>
        %1343 = "neura.counter"() <{counter_dynamism = "symbol_bound", counter_hierarchy = "leaf", counter_id = 2 : i32, operandSegmentSizes = array<i32: 0, 0, 0>}> {lower_bound_value = 0 : index, step_value = 1 : index, upper_bound_value = "%input4"} : () -> !neura.data<index, i1>
        %1344 = "neura.data_mov"(%1343) : (!neura.data<index, i1>) -> !neura.data<index, i1>
        %1345 = "neura.icmp"(%1344) <{cmpType = "eq"}> {rhs_value = 0 : index} : (!neura.data<index, i1>) -> !neura.data<i1, i1>
        %1346 = "neura.data_mov"(%1339) : (!neura.data<memref<?x256x16xi32>, i1>) -> !neura.data<memref<?x256x16xi32>, i1>
        %1347 = "neura.data_mov"(%1345) : (!neura.data<i1, i1>) -> !neura.data<i1, i1>
        %1348 = "neura.grant_predicate"(%1346, %1347) : (!neura.data<memref<?x256x16xi32>, i1>, !neura.data<i1, i1>) -> !neura.data<memref<?x256x16xi32>, i1>
        %1349 = "neura.data_mov"(%1340) : (!neura.data<index, i1>) -> !neura.data<index, i1>
        %1350 = "neura.data_mov"(%1345) : (!neura.data<i1, i1>) -> !neura.data<i1, i1>
        %1351 = "neura.grant_predicate"(%1349, %1350) : (!neura.data<index, i1>, !neura.data<i1, i1>) -> !neura.data<index, i1>
        %1352 = "neura.data_mov"(%1341) : (!neura.data<index, i1>) -> !neura.data<index, i1>
        %1353 = "neura.data_mov"(%1345) : (!neura.data<i1, i1>) -> !neura.data<i1, i1>
        %1354 = "neura.grant_predicate"(%1352, %1353) : (!neura.data<index, i1>, !neura.data<i1, i1>) -> !neura.data<index, i1>
        %1355 = "neura.data_mov"(%1342) : (!neura.data<index, i1>) -> !neura.data<index, i1>
        %1356 = "neura.data_mov"(%1345) : (!neura.data<i1, i1>) -> !neura.data<i1, i1>
        %1357 = "neura.grant_predicate"(%1355, %1356) : (!neura.data<index, i1>, !neura.data<i1, i1>) -> !neura.data<index, i1>
        %1358 = "neura.data_mov"(%1343) : (!neura.data<index, i1>) -> !neura.data<index, i1>
        %1359 = "neura.data_mov"(%1345) : (!neura.data<i1, i1>) -> !neura.data<i1, i1>
        %1360 = "neura.grant_predicate"(%1358, %1359) : (!neura.data<index, i1>, !neura.data<i1, i1>) -> !neura.data<index, i1>
        %1361 = "neura.data_mov"(%1345) : (!neura.data<i1, i1>) -> !neura.data<i1, i1>
        %1362 = "neura.not"(%1361) : (!neura.data<i1, i1>) -> !neura.data<i1, i1>
        %1363 = "neura.data_mov"(%1340) : (!neura.data<index, i1>) -> !neura.data<index, i1>
        %1364 = "neura.data_mov"(%1362) : (!neura.data<i1, i1>) -> !neura.data<i1, i1>
        %1365 = "neura.grant_predicate"(%1363, %1364) : (!neura.data<index, i1>, !neura.data<i1, i1>) -> !neura.data<index, i1>
        %1366 = "neura.data_mov"(%1341) : (!neura.data<index, i1>) -> !neura.data<index, i1>
        %1367 = "neura.data_mov"(%1362) : (!neura.data<i1, i1>) -> !neura.data<i1, i1>
        %1368 = "neura.grant_predicate"(%1366, %1367) : (!neura.data<index, i1>, !neura.data<i1, i1>) -> !neura.data<index, i1>
        %1369 = "neura.data_mov"(%1343) : (!neura.data<index, i1>) -> !neura.data<index, i1>
        %1370 = "neura.data_mov"(%1362) : (!neura.data<i1, i1>) -> !neura.data<i1, i1>
        %1371 = "neura.grant_predicate"(%1369, %1370) : (!neura.data<index, i1>, !neura.data<i1, i1>) -> !neura.data<index, i1>
        %1372 = "neura.data_mov"(%1342) : (!neura.data<index, i1>) -> !neura.data<index, i1>
        %1373 = "neura.data_mov"(%1362) : (!neura.data<i1, i1>) -> !neura.data<i1, i1>
        %1374 = "neura.grant_predicate"(%1372, %1373) : (!neura.data<index, i1>, !neura.data<i1, i1>) -> !neura.data<index, i1>
        %1375 = "neura.data_mov"(%1348) : (!neura.data<memref<?x256x16xi32>, i1>) -> !neura.data<memref<?x256x16xi32>, i1>
        %1376 = "neura.data_mov"(%1351) : (!neura.data<index, i1>) -> !neura.data<index, i1>
        %1377 = "neura.data_mov"(%1354) : (!neura.data<index, i1>) -> !neura.data<index, i1>
        %1378 = "neura.data_mov"(%1357) : (!neura.data<index, i1>) -> !neura.data<index, i1>
        "neura.store_indexed"(%1375, %1376, %1377, %1378) <{operandSegmentSizes = array<i32: 0, 1, 3>}> {lhs_value = "%input0"} : (!neura.data<memref<?x256x16xi32>, i1>, !neura.data<index, i1>, !neura.data<index, i1>, !neura.data<index, i1>) -> ()
        %1379 = "neura.data_mov"(%1374) : (!neura.data<index, i1>) -> !neura.data<index, i1>
        %1380 = "neura.data_mov"(%1357) : (!neura.data<index, i1>) -> !neura.data<index, i1>
        %1381 = "neura.phi"(%1379, %1380) : (!neura.data<index, i1>, !neura.data<index, i1>) -> !neura.data<index, i1>
        %1382 = "neura.data_mov"(%1371) : (!neura.data<index, i1>) -> !neura.data<index, i1>
        %1383 = "neura.data_mov"(%1360) : (!neura.data<index, i1>) -> !neura.data<index, i1>
        %1384 = "neura.phi"(%1382, %1383) : (!neura.data<index, i1>, !neura.data<index, i1>) -> !neura.data<index, i1>
        %1385 = "neura.data_mov"(%1368) : (!neura.data<index, i1>) -> !neura.data<index, i1>
        %1386 = "neura.data_mov"(%1354) : (!neura.data<index, i1>) -> !neura.data<index, i1>
        %1387 = "neura.phi"(%1385, %1386) : (!neura.data<index, i1>, !neura.data<index, i1>) -> !neura.data<index, i1>
        %1388 = "neura.data_mov"(%1365) : (!neura.data<index, i1>) -> !neura.data<index, i1>
        %1389 = "neura.data_mov"(%1351) : (!neura.data<index, i1>) -> !neura.data<index, i1>
        %1390 = "neura.phi"(%1388, %1389) : (!neura.data<index, i1>, !neura.data<index, i1>) -> !neura.data<index, i1>
        %1391 = "neura.data_mov"(%1390) : (!neura.data<index, i1>) -> !neura.data<index, i1>
        %1392 = "neura.data_mov"(%1387) : (!neura.data<index, i1>) -> !neura.data<index, i1>
        %1393 = "neura.data_mov"(%1384) : (!neura.data<index, i1>) -> !neura.data<index, i1>
        %1394 = "neura.load_indexed"(%1391, %1392, %1393) <{operandSegmentSizes = array<i32: 0, 3>}> {lhs_value = "%input2"} : (!neura.data<index, i1>, !neura.data<index, i1>, !neura.data<index, i1>) -> !neura.data<i32, i1>
        %1395 = "neura.data_mov"(%1384) : (!neura.data<index, i1>) -> !neura.data<index, i1>
        %1396 = "neura.data_mov"(%1381) : (!neura.data<index, i1>) -> !neura.data<index, i1>
        %1397 = "neura.load_indexed"(%1395, %1396) <{operandSegmentSizes = array<i32: 0, 2>}> {lhs_value = "%input3"} : (!neura.data<index, i1>, !neura.data<index, i1>) -> !neura.data<i32, i1>
        %1398 = "neura.data_mov"(%1394) : (!neura.data<i32, i1>) -> !neura.data<i32, i1>
        %1399 = "neura.data_mov"(%1397) : (!neura.data<i32, i1>) -> !neura.data<i32, i1>
        %1400 = "neura.mul"(%1398, %1399) : (!neura.data<i32, i1>, !neura.data<i32, i1>) -> !neura.data<i32, i1>
        %1401 = "neura.data_mov"(%1390) : (!neura.data<index, i1>) -> !neura.data<index, i1>
        %1402 = "neura.data_mov"(%1387) : (!neura.data<index, i1>) -> !neura.data<index, i1>
        %1403 = "neura.data_mov"(%1381) : (!neura.data<index, i1>) -> !neura.data<index, i1>
        %1404 = "neura.load_indexed"(%1401, %1402, %1403) <{operandSegmentSizes = array<i32: 0, 3>}> {lhs_value = "%input1"} : (!neura.data<index, i1>, !neura.data<index, i1>, !neura.data<index, i1>) -> !neura.data<i32, i1>
        %1405 = "neura.data_mov"(%1404) : (!neura.data<i32, i1>) -> !neura.data<i32, i1>
        %1406 = "neura.data_mov"(%1400) : (!neura.data<i32, i1>) -> !neura.data<i32, i1>
        %1407 = "neura.add"(%1405, %1406) : (!neura.data<i32, i1>, !neura.data<i32, i1>) -> !neura.data<i32, i1>
        %1408 = "neura.data_mov"(%1407) : (!neura.data<i32, i1>) -> !neura.data<i32, i1>
        %1409 = "neura.data_mov"(%1390) : (!neura.data<index, i1>) -> !neura.data<index, i1>
        %1410 = "neura.data_mov"(%1387) : (!neura.data<index, i1>) -> !neura.data<index, i1>
        %1411 = "neura.data_mov"(%1381) : (!neura.data<index, i1>) -> !neura.data<index, i1>
        "neura.store_indexed"(%1408, %1409, %1410, %1411) <{operandSegmentSizes = array<i32: 1, 0, 3>}> {rhs_value = "%input1"} : (!neura.data<i32, i1>, !neura.data<index, i1>, !neura.data<index, i1>, !neura.data<index, i1>) -> ()
        "neura.yield"() <{operandSegmentSizes = array<i32: 0, 0>}> {yield_type = "void"} : () -> ()
      }) {dataflow_mode = "predicate"} : (i32, memref<?x256x16xi32>, memref<?x256x256xi32>, memref<?x16xi32>, index) -> ()
      "taskflow.yield"(%arg196) <{operandSegmentSizes = array<i32: 0, 1, 0>}> : (memref<?x256x16xi32>) -> ()
    }) {amoeba.source_iteration_control_binding = "amoeba-source-iteration-domain-v1\0Adomain_witness_bytes=231:amoeba-source-iteration-domain-v1\0Acomplete=1\0Arepresented_multiplicity=400\0Ainternal_multiplicity=1\0Asource_multiplicity=400\0Aaxis_count=3\0Aaxis=T,0,0,5,1,5,0,-1,0,0\0Aaxis=T,1,0,16,1,16,0,-1,0,0\0Aaxis=T,2,0,5,1,5,0,-1,0,0\0Areason_bytes=0:\0A\0A\22func.func\22() <{function_type = (memref<?x256x256xi32>, memref<?x16xi32>, memref<?x256x16xi32>, index, i32, memref<?x256x256xi32>, memref<?x256x16xi32>) -> (), sym_name = \22__source_domain_binding__\22}> ({\0A^bb0(%arg0: memref<?x256x256xi32>, %arg1: memref<?x16xi32>, %arg2: memref<?x256x16xi32>, %arg3: index, %arg4: i32, %arg5: memref<?x256x256xi32>, %arg6: memref<?x256x16xi32>):\0A  %0 = \22taskflow.task\22(%arg0, %arg1, %arg2, %arg2, %arg3, %arg4, %arg5, %arg1, %arg6, %arg6) <{operandSegmentSizes = array<i32: 3, 1, 2, 3, 1>, resultSegmentSizes = array<i32: 0, 1, 0>, task_name = \22Task_11\22}> ({\0A  ^bb0(%arg7: memref<?x256x256xi32>, %arg8: memref<?x16xi32>, %arg9: memref<?x256x16xi32>, %arg10: memref<?x256x16xi32>, %arg11: index, %arg12: i32):\0A    %1 = \22arith.constant\22() <{value = 16 : index}> : () -> index\0A    %2 = \22arith.constant\22() <{value = 0 : index}> : () -> index\0A    %3 = \22arith.constant\22() <{value = 1 : index}> : () -> index\0A    %4 = \22taskflow.counter\22(%2, %arg11, %3) <{counter_dynamism = \22symbol_bound\22, counter_hierarchy = \22root\22, counter_id = 0 : i32}> : (index, index, index) -> index\0A    %5 = \22taskflow.counter\22(%4, %2, %1, %3) <{counter_dynamism = \22constant_bound\22, counter_hierarchy = \22relay\22, counter_id = 1 : i32}> : (index, index, index, index) -> index\0A    %6 = \22taskflow.counter\22(%5, %2, %arg11, %3) <{counter_dynamism = \22symbol_bound\22, counter_hierarchy = \22leaf\22, counter_id = 2 : i32}> : (index, index, index, index) -> index\0A    \22neura.kernel\22(%arg12, %arg10, %arg7, %arg8, %arg11) <{accelerator = \22neura\22, operandSegmentSizes = array<i32: 5, 0>}> ({\0A    ^bb0(%arg13: !neura.data<i32, i1>, %arg14: !neura.data<memref<?x256x16xi32>, i1>, %arg15: !neura.data<memref<?x256x256xi32>, i1>, %arg16: !neura.data<memref<?x16xi32>, i1>, %arg17: !neura.data<index, i1>):\0A      %7 = \22neura.constant\22() <{value = \22%input1\22}> : () -> !neura.data<memref<?x256x16xi32>, i1>\0A      %8 = \22neura.constant\22() <{value = 2 : index}> : () -> !neura.data<index, i1>\0A      %9 = \22neura.counter\22() <{counter_dynamism = \22symbol_bound\22, counter_hierarchy = \22root\22, counter_id = 0 : i32, operandSegmentSizes = array<i32: 0, 0, 0>}> {lower_bound_value = 0 : index, step_value = 1 : index, upper_bound_value = \22%input4\22} : () -> !neura.data<index, i1>\0A      %10 = \22neura.counter\22() <{counter_dynamism = \22constant_bound\22, counter_hierarchy = \22relay\22, counter_id = 1 : i32, operandSegmentSizes = array<i32: 0, 0, 0>}> {lower_bound_value = 0 : index, step_value = 1 : index, upper_bound_value = 16 : index} : () -> !neura.data<index, i1>\0A      %11 = \22neura.counter\22() <{counter_dynamism = \22symbol_bound\22, counter_hierarchy = \22leaf\22, counter_id = 2 : i32, operandSegmentSizes = array<i32: 0, 0, 0>}> {lower_bound_value = 0 : index, step_value = 1 : index, upper_bound_value = \22%input4\22} : () -> !neura.data<index, i1>\0A      %12 = \22neura.data_mov\22(%11) : (!neura.data<index, i1>) -> !neura.data<index, i1>\0A      %13 = \22neura.icmp\22(%12) <{cmpType = \22eq\22}> {rhs_value = 0 : index} : (!neura.data<index, i1>) -> !neura.data<i1, i1>\0A      %14 = \22neura.data_mov\22(%7) : (!neura.data<memref<?x256x16xi32>, i1>) -> !neura.data<memref<?x256x16xi32>, i1>\0A      %15 = \22neura.data_mov\22(%13) : (!neura.data<i1, i1>) -> !neura.data<i1, i1>\0A      %16 = \22neura.grant_predicate\22(%14, %15) : (!neura.data<memref<?x256x16xi32>, i1>, !neura.data<i1, i1>) -> !neura.data<memref<?x256x16xi32>, i1>\0A      %17 = \22neura.data_mov\22(%8) : (!neura.data<index, i1>) -> !neura.data<index, i1>\0A      %18 = \22neura.data_mov\22(%13) : (!neura.data<i1, i1>) -> !neura.data<i1, i1>\0A      %19 = \22neura.grant_predicate\22(%17, %18) : (!neura.data<index, i1>, !neura.data<i1, i1>) -> !neura.data<index, i1>\0A      %20 = \22neura.data_mov\22(%9) : (!neura.data<index, i1>) -> !neura.data<index, i1>\0A      %21 = \22neura.data_mov\22(%13) : (!neura.data<i1, i1>) -> !neura.data<i1, i1>\0A      %22 = \22neura.grant_predicate\22(%20, %21) : (!neura.data<index, i1>, !neura.data<i1, i1>) -> !neura.data<index, i1>\0A      %23 = \22neura.data_mov\22(%10) : (!neura.data<index, i1>) -> !neura.data<index, i1>\0A      %24 = \22neura.data_mov\22(%13) : (!neura.data<i1, i1>) -> !neura.data<i1, i1>\0A      %25 = \22neura.grant_predicate\22(%23, %24) : (!neura.data<index, i1>, !neura.data<i1, i1>) -> !neura.data<index, i1>\0A      %26 = \22neura.data_mov\22(%11) : (!neura.data<index, i1>) -> !neura.data<index, i1>\0A      %27 = \22neura.data_mov\22(%13) : (!neura.data<i1, i1>) -> !neura.data<i1, i1>\0A      %28 = \22neura.grant_predicate\22(%26, %27) : (!neura.data<index, i1>, !neura.data<i1, i1>) -> !neura.data<index, i1>\0A      %29 = \22neura.data_mov\22(%13) : (!neura.data<i1, i1>) -> !neura.data<i1, i1>\0A      %30 = \22neura.not\22(%29) : (!neura.data<i1, i1>) -> !neura.data<i1, i1>\0A      %31 = \22neura.data_mov\22(%8) : (!neura.data<index, i1>) -> !neura.data<index, i1>\0A      %32 = \22neura.data_mov\22(%30) : (!neura.data<i1, i1>) -> !neura.data<i1, i1>\0A      %33 = \22neura.grant_predicate\22(%31, %32) : (!neura.data<index, i1>, !neura.data<i1, i1>) -> !neura.data<index, i1>\0A      %34 = \22neura.data_mov\22(%9) : (!neura.data<index, i1>) -> !neura.data<index, i1>\0A      %35 = \22neura.data_mov\22(%30) : (!neura.data<i1, i1>) -> !neura.data<i1, i1>\0A      %36 = \22neura.grant_predicate\22(%34, %35) : (!neura.data<index, i1>, !neura.data<i1, i1>) -> !neura.data<index, i1>\0A      %37 = \22neura.data_mov\22(%11) : (!neura.data<index, i1>) -> !neura.data<index, i1>\0A      %38 = \22neura.data_mov\22(%30) : (!neura.data<i1, i1>) -> !neura.data<i1, i1>\0A      %39 = \22neura.grant_predicate\22(%37, %38) : (!neura.data<index, i1>, !neura.data<i1, i1>) -> !neura.data<index, i1>\0A      %40 = \22neura.data_mov\22(%10) : (!neura.data<index, i1>) -> !neura.data<index, i1>\0A      %41 = \22neura.data_mov\22(%30) : (!neura.data<i1, i1>) -> !neura.data<i1, i1>\0A      %42 = \22neura.grant_predicate\22(%40, %41) : (!neura.data<index, i1>, !neura.data<i1, i1>) -> !neura.data<index, i1>\0A      %43 = \22neura.data_mov\22(%16) : (!neura.data<memref<?x256x16xi32>, i1>) -> !neura.data<memref<?x256x16xi32>, i1>\0A      %44 = \22neura.data_mov\22(%19) : (!neura.data<index, i1>) -> !neura.data<index, i1>\0A      %45 = \22neura.data_mov\22(%22) : (!neura.data<index, i1>) -> !neura.data<index, i1>\0A      %46 = \22neura.data_mov\22(%25) : (!neura.data<index, i1>) -> !neura.data<index, i1>\0A      \22neura.store_indexed\22(%43, %44, %45, %46) <{operandSegmentSizes = array<i32: 0, 1, 3>}> {lhs_value = \22%input0\22} : (!neura.data<memref<?x256x16xi32>, i1>, !neura.data<index, i1>, !neura.data<index, i1>, !neura.data<index, i1>) -> ()\0A      %47 = \22neura.data_mov\22(%42) : (!neura.data<index, i1>) -> !neura.data<index, i1>\0A      %48 = \22neura.data_mov\22(%25) : (!neura.data<index, i1>) -> !neura.data<index, i1>\0A      %49 = \22neura.phi\22(%47, %48) : (!neura.data<index, i1>, !neura.data<index, i1>) -> !neura.data<index, i1>\0A      %50 = \22neura.data_mov\22(%39) : (!neura.data<index, i1>) -> !neura.data<index, i1>\0A      %51 = \22neura.data_mov\22(%28) : (!neura.data<index, i1>) -> !neura.data<index, i1>\0A      %52 = \22neura.phi\22(%50, %51) : (!neura.data<index, i1>, !neura.data<index, i1>) -> !neura.data<index, i1>\0A      %53 = \22neura.data_mov\22(%36) : (!neura.data<index, i1>) -> !neura.data<index, i1>\0A      %54 = \22neura.data_mov\22(%22) : (!neura.data<index, i1>) -> !neura.data<index, i1>\0A      %55 = \22neura.phi\22(%53, %54) : (!neura.data<index, i1>, !neura.data<index, i1>) -> !neura.data<index, i1>\0A      %56 = \22neura.data_mov\22(%33) : (!neura.data<index, i1>) -> !neura.data<index, i1>\0A      %57 = \22neura.data_mov\22(%19) : (!neura.data<index, i1>) -> !neura.data<index, i1>\0A      %58 = \22neura.phi\22(%56, %57) : (!neura.data<index, i1>, !neura.data<index, i1>) -> !neura.data<index, i1>\0A      %59 = \22neura.data_mov\22(%58) : (!neura.data<index, i1>) -> !neura.data<index, i1>\0A      %60 = \22neura.data_mov\22(%55) : (!neura.data<index, i1>) -> !neura.data<index, i1>\0A      %61 = \22neura.data_mov\22(%52) : (!neura.data<index, i1>) -> !neura.data<index, i1>\0A      %62 = \22neura.load_indexed\22(%59, %60, %61) <{operandSegmentSizes = array<i32: 0, 3>}> {lhs_value = \22%input2\22} : (!neura.data<index, i1>, !neura.data<index, i1>, !neura.data<index, i1>) -> !neura.data<i32, i1>\0A      %63 = \22neura.data_mov\22(%52) : (!neura.data<index, i1>) -> !neura.data<index, i1>\0A      %64 = \22neura.data_mov\22(%49) : (!neura.data<index, i1>) -> !neura.data<index, i1>\0A      %65 = \22neura.load_indexed\22(%63, %64) <{operandSegmentSizes = array<i32: 0, 2>}> {lhs_value = \22%input3\22} : (!neura.data<index, i1>, !neura.data<index, i1>) -> !neura.data<i32, i1>\0A      %66 = \22neura.data_mov\22(%62) : (!neura.data<i32, i1>) -> !neura.data<i32, i1>\0A      %67 = \22neura.data_mov\22(%65) : (!neura.data<i32, i1>) -> !neura.data<i32, i1>\0A      %68 = \22neura.mul\22(%66, %67) : (!neura.data<i32, i1>, !neura.data<i32, i1>) -> !neura.data<i32, i1>\0A      %69 = \22neura.data_mov\22(%58) : (!neura.data<index, i1>) -> !neura.data<index, i1>\0A      %70 = \22neura.data_mov\22(%55) : (!neura.data<index, i1>) -> !neura.data<index, i1>\0A      %71 = \22neura.data_mov\22(%49) : (!neura.data<index, i1>) -> !neura.data<index, i1>\0A      %72 = \22neura.load_indexed\22(%69, %70, %71) <{operandSegmentSizes = array<i32: 0, 3>}> {lhs_value = \22%input1\22} : (!neura.data<index, i1>, !neura.data<index, i1>, !neura.data<index, i1>) -> !neura.data<i32, i1>\0A      %73 = \22neura.data_mov\22(%72) : (!neura.data<i32, i1>) -> !neura.data<i32, i1>\0A      %74 = \22neura.data_mov\22(%68) : (!neura.data<i32, i1>) -> !neura.data<i32, i1>\0A      %75 = \22neura.add\22(%73, %74) : (!neura.data<i32, i1>, !neura.data<i32, i1>) -> !neura.data<i32, i1>\0A      %76 = \22neura.data_mov\22(%75) : (!neura.data<i32, i1>) -> !neura.data<i32, i1>\0A      %77 = \22neura.data_mov\22(%58) : (!neura.data<index, i1>) -> !neura.data<index, i1>\0A      %78 = \22neura.data_mov\22(%55) : (!neura.data<index, i1>) -> !neura.data<index, i1>\0A      %79 = \22neura.data_mov\22(%49) : (!neura.data<index, i1>) -> !neura.data<index, i1>\0A      \22neura.store_indexed\22(%76, %77, %78, %79) <{operandSegmentSizes = array<i32: 1, 0, 3>}> {rhs_value = \22%input1\22} : (!neura.data<i32, i1>, !neura.data<index, i1>, !neura.data<index, i1>, !neura.data<index, i1>) -> ()\0A      \22neura.yield\22() <{operandSegmentSizes = array<i32: 0, 0>}> {yield_type = \22void\22} : () -> ()\0A    }) {dataflow_mode = \22predicate\22} : (i32, memref<?x256x16xi32>, memref<?x256x256xi32>, memref<?x16xi32>, index) -> ()\0A    \22taskflow.yield\22(%arg10) <{operandSegmentSizes = array<i32: 0, 1, 0>}> : (memref<?x256x16xi32>) -> ()\0A  }) {dlp_replicable = true, runtime_managable = true} : (memref<?x256x256xi32>, memref<?x16xi32>, memref<?x256x16xi32>, memref<?x256x16xi32>, index, i32, memref<?x256x256xi32>, memref<?x16xi32>, memref<?x256x16xi32>, memref<?x256x16xi32>) -> memref<?x256x16xi32>\0A  \22func.return\22() : () -> ()\0A}) : () -> ()", amoeba.source_iteration_domain = {axes = [{carried_values = 0 : i64, expanded_inside_mapper_firing = false, extent = 5 : i64, kind = "taskflow-counter", lower = 0 : i64, ordinal = 0 : i64, parent_counter_ordinal = -1 : i64, result_uses = 0 : i64, step = 1 : i64, upper = 5 : i64}, {carried_values = 0 : i64, expanded_inside_mapper_firing = false, extent = 16 : i64, kind = "taskflow-counter", lower = 0 : i64, ordinal = 1 : i64, parent_counter_ordinal = -1 : i64, result_uses = 0 : i64, step = 1 : i64, upper = 16 : i64}, {carried_values = 0 : i64, expanded_inside_mapper_firing = false, extent = 5 : i64, kind = "taskflow-counter", lower = 0 : i64, ordinal = 2 : i64, parent_counter_ordinal = -1 : i64, result_uses = 0 : i64, step = 1 : i64, upper = 5 : i64}], canonical_witness = "amoeba-source-iteration-domain-v1\0Acomplete=1\0Arepresented_multiplicity=400\0Ainternal_multiplicity=1\0Asource_multiplicity=400\0Aaxis_count=3\0Aaxis=T,0,0,5,1,5,0,-1,0,0\0Aaxis=T,1,0,16,1,16,0,-1,0,0\0Aaxis=T,2,0,5,1,5,0,-1,0,0\0Areason_bytes=0:\0A", complete = true, internal_multiplicity = 1 : i64, represented_multiplicity = 400 : i64, schema = "amoeba-source-iteration-domain-v1", source_multiplicity = 400 : i64}, amoeba.source_iteration_source_control_binding = "amoeba-source-iteration-domain-v1\0Adomain_witness_bytes=231:amoeba-source-iteration-domain-v1\0Acomplete=1\0Arepresented_multiplicity=400\0Ainternal_multiplicity=1\0Asource_multiplicity=400\0Aaxis_count=3\0Aaxis=T,0,0,5,1,5,0,-1,0,0\0Aaxis=T,1,0,16,1,16,0,-1,0,0\0Aaxis=T,2,0,5,1,5,0,-1,0,0\0Areason_bytes=0:\0A\0A\22func.func\22() <{function_type = (memref<?x256x256xi32>, memref<?x16xi32>, memref<?x256x16xi32>, index, i32, memref<?x256x256xi32>, memref<?x256x16xi32>) -> (), sym_name = \22__source_domain_binding__\22}> ({\0A^bb0(%arg0: memref<?x256x256xi32>, %arg1: memref<?x16xi32>, %arg2: memref<?x256x16xi32>, %arg3: index, %arg4: i32, %arg5: memref<?x256x256xi32>, %arg6: memref<?x256x16xi32>):\0A  %0 = \22taskflow.task\22(%arg0, %arg1, %arg2, %arg2, %arg3, %arg4, %arg5, %arg1, %arg6, %arg6) <{operandSegmentSizes = array<i32: 3, 1, 2, 3, 1>, resultSegmentSizes = array<i32: 0, 1, 0>, task_name = \22Task_11\22}> ({\0A  ^bb0(%arg7: memref<?x256x256xi32>, %arg8: memref<?x16xi32>, %arg9: memref<?x256x16xi32>, %arg10: memref<?x256x16xi32>, %arg11: index, %arg12: i32):\0A    %1 = \22arith.constant\22() <{value = 16 : index}> : () -> index\0A    %2 = \22arith.constant\22() <{value = 0 : index}> : () -> index\0A    %3 = \22arith.constant\22() <{value = 1 : index}> : () -> index\0A    %4 = \22taskflow.counter\22(%2, %arg11, %3) <{counter_dynamism = \22symbol_bound\22, counter_hierarchy = \22root\22, counter_id = 0 : i32}> : (index, index, index) -> index\0A    %5 = \22taskflow.counter\22(%4, %2, %1, %3) <{counter_dynamism = \22constant_bound\22, counter_hierarchy = \22relay\22, counter_id = 1 : i32}> : (index, index, index, index) -> index\0A    %6 = \22taskflow.counter\22(%5, %2, %arg11, %3) <{counter_dynamism = \22symbol_bound\22, counter_hierarchy = \22leaf\22, counter_id = 2 : i32}> : (index, index, index, index) -> index\0A    \22neura.kernel\22(%arg12, %arg10, %arg7, %arg8, %arg11) <{accelerator = \22neura\22, operandSegmentSizes = array<i32: 5, 0>}> ({\0A    ^bb0(%arg13: !neura.data<i32, i1>, %arg14: !neura.data<memref<?x256x16xi32>, i1>, %arg15: !neura.data<memref<?x256x256xi32>, i1>, %arg16: !neura.data<memref<?x16xi32>, i1>, %arg17: !neura.data<index, i1>):\0A      %7 = \22neura.constant\22() <{value = \22%input1\22}> : () -> !neura.data<memref<?x256x16xi32>, i1>\0A      %8 = \22neura.constant\22() <{value = 2 : index}> : () -> !neura.data<index, i1>\0A      %9 = \22neura.counter\22() <{counter_dynamism = \22symbol_bound\22, counter_hierarchy = \22root\22, counter_id = 0 : i32, operandSegmentSizes = array<i32: 0, 0, 0>}> {lower_bound_value = 0 : index, step_value = 1 : index, upper_bound_value = \22%input4\22} : () -> !neura.data<index, i1>\0A      %10 = \22neura.counter\22() <{counter_dynamism = \22constant_bound\22, counter_hierarchy = \22relay\22, counter_id = 1 : i32, operandSegmentSizes = array<i32: 0, 0, 0>}> {lower_bound_value = 0 : index, step_value = 1 : index, upper_bound_value = 16 : index} : () -> !neura.data<index, i1>\0A      %11 = \22neura.counter\22() <{counter_dynamism = \22symbol_bound\22, counter_hierarchy = \22leaf\22, counter_id = 2 : i32, operandSegmentSizes = array<i32: 0, 0, 0>}> {lower_bound_value = 0 : index, step_value = 1 : index, upper_bound_value = \22%input4\22} : () -> !neura.data<index, i1>\0A      %12 = \22neura.data_mov\22(%11) : (!neura.data<index, i1>) -> !neura.data<index, i1>\0A      %13 = \22neura.icmp\22(%12) <{cmpType = \22eq\22}> {rhs_value = 0 : index} : (!neura.data<index, i1>) -> !neura.data<i1, i1>\0A      %14 = \22neura.data_mov\22(%7) : (!neura.data<memref<?x256x16xi32>, i1>) -> !neura.data<memref<?x256x16xi32>, i1>\0A      %15 = \22neura.data_mov\22(%13) : (!neura.data<i1, i1>) -> !neura.data<i1, i1>\0A      %16 = \22neura.grant_predicate\22(%14, %15) : (!neura.data<memref<?x256x16xi32>, i1>, !neura.data<i1, i1>) -> !neura.data<memref<?x256x16xi32>, i1>\0A      %17 = \22neura.data_mov\22(%8) : (!neura.data<index, i1>) -> !neura.data<index, i1>\0A      %18 = \22neura.data_mov\22(%13) : (!neura.data<i1, i1>) -> !neura.data<i1, i1>\0A      %19 = \22neura.grant_predicate\22(%17, %18) : (!neura.data<index, i1>, !neura.data<i1, i1>) -> !neura.data<index, i1>\0A      %20 = \22neura.data_mov\22(%9) : (!neura.data<index, i1>) -> !neura.data<index, i1>\0A      %21 = \22neura.data_mov\22(%13) : (!neura.data<i1, i1>) -> !neura.data<i1, i1>\0A      %22 = \22neura.grant_predicate\22(%20, %21) : (!neura.data<index, i1>, !neura.data<i1, i1>) -> !neura.data<index, i1>\0A      %23 = \22neura.data_mov\22(%10) : (!neura.data<index, i1>) -> !neura.data<index, i1>\0A      %24 = \22neura.data_mov\22(%13) : (!neura.data<i1, i1>) -> !neura.data<i1, i1>\0A      %25 = \22neura.grant_predicate\22(%23, %24) : (!neura.data<index, i1>, !neura.data<i1, i1>) -> !neura.data<index, i1>\0A      %26 = \22neura.data_mov\22(%11) : (!neura.data<index, i1>) -> !neura.data<index, i1>\0A      %27 = \22neura.data_mov\22(%13) : (!neura.data<i1, i1>) -> !neura.data<i1, i1>\0A      %28 = \22neura.grant_predicate\22(%26, %27) : (!neura.data<index, i1>, !neura.data<i1, i1>) -> !neura.data<index, i1>\0A      %29 = \22neura.data_mov\22(%13) : (!neura.data<i1, i1>) -> !neura.data<i1, i1>\0A      %30 = \22neura.not\22(%29) : (!neura.data<i1, i1>) -> !neura.data<i1, i1>\0A      %31 = \22neura.data_mov\22(%8) : (!neura.data<index, i1>) -> !neura.data<index, i1>\0A      %32 = \22neura.data_mov\22(%30) : (!neura.data<i1, i1>) -> !neura.data<i1, i1>\0A      %33 = \22neura.grant_predicate\22(%31, %32) : (!neura.data<index, i1>, !neura.data<i1, i1>) -> !neura.data<index, i1>\0A      %34 = \22neura.data_mov\22(%9) : (!neura.data<index, i1>) -> !neura.data<index, i1>\0A      %35 = \22neura.data_mov\22(%30) : (!neura.data<i1, i1>) -> !neura.data<i1, i1>\0A      %36 = \22neura.grant_predicate\22(%34, %35) : (!neura.data<index, i1>, !neura.data<i1, i1>) -> !neura.data<index, i1>\0A      %37 = \22neura.data_mov\22(%11) : (!neura.data<index, i1>) -> !neura.data<index, i1>\0A      %38 = \22neura.data_mov\22(%30) : (!neura.data<i1, i1>) -> !neura.data<i1, i1>\0A      %39 = \22neura.grant_predicate\22(%37, %38) : (!neura.data<index, i1>, !neura.data<i1, i1>) -> !neura.data<index, i1>\0A      %40 = \22neura.data_mov\22(%10) : (!neura.data<index, i1>) -> !neura.data<index, i1>\0A      %41 = \22neura.data_mov\22(%30) : (!neura.data<i1, i1>) -> !neura.data<i1, i1>\0A      %42 = \22neura.grant_predicate\22(%40, %41) : (!neura.data<index, i1>, !neura.data<i1, i1>) -> !neura.data<index, i1>\0A      %43 = \22neura.data_mov\22(%16) : (!neura.data<memref<?x256x16xi32>, i1>) -> !neura.data<memref<?x256x16xi32>, i1>\0A      %44 = \22neura.data_mov\22(%19) : (!neura.data<index, i1>) -> !neura.data<index, i1>\0A      %45 = \22neura.data_mov\22(%22) : (!neura.data<index, i1>) -> !neura.data<index, i1>\0A      %46 = \22neura.data_mov\22(%25) : (!neura.data<index, i1>) -> !neura.data<index, i1>\0A      \22neura.store_indexed\22(%43, %44, %45, %46) <{operandSegmentSizes = array<i32: 0, 1, 3>}> {lhs_value = \22%input0\22} : (!neura.data<memref<?x256x16xi32>, i1>, !neura.data<index, i1>, !neura.data<index, i1>, !neura.data<index, i1>) -> ()\0A      %47 = \22neura.data_mov\22(%42) : (!neura.data<index, i1>) -> !neura.data<index, i1>\0A      %48 = \22neura.data_mov\22(%25) : (!neura.data<index, i1>) -> !neura.data<index, i1>\0A      %49 = \22neura.phi\22(%47, %48) : (!neura.data<index, i1>, !neura.data<index, i1>) -> !neura.data<index, i1>\0A      %50 = \22neura.data_mov\22(%39) : (!neura.data<index, i1>) -> !neura.data<index, i1>\0A      %51 = \22neura.data_mov\22(%28) : (!neura.data<index, i1>) -> !neura.data<index, i1>\0A      %52 = \22neura.phi\22(%50, %51) : (!neura.data<index, i1>, !neura.data<index, i1>) -> !neura.data<index, i1>\0A      %53 = \22neura.data_mov\22(%36) : (!neura.data<index, i1>) -> !neura.data<index, i1>\0A      %54 = \22neura.data_mov\22(%22) : (!neura.data<index, i1>) -> !neura.data<index, i1>\0A      %55 = \22neura.phi\22(%53, %54) : (!neura.data<index, i1>, !neura.data<index, i1>) -> !neura.data<index, i1>\0A      %56 = \22neura.data_mov\22(%33) : (!neura.data<index, i1>) -> !neura.data<index, i1>\0A      %57 = \22neura.data_mov\22(%19) : (!neura.data<index, i1>) -> !neura.data<index, i1>\0A      %58 = \22neura.phi\22(%56, %57) : (!neura.data<index, i1>, !neura.data<index, i1>) -> !neura.data<index, i1>\0A      %59 = \22neura.data_mov\22(%58) : (!neura.data<index, i1>) -> !neura.data<index, i1>\0A      %60 = \22neura.data_mov\22(%55) : (!neura.data<index, i1>) -> !neura.data<index, i1>\0A      %61 = \22neura.data_mov\22(%52) : (!neura.data<index, i1>) -> !neura.data<index, i1>\0A      %62 = \22neura.load_indexed\22(%59, %60, %61) <{operandSegmentSizes = array<i32: 0, 3>}> {lhs_value = \22%input2\22} : (!neura.data<index, i1>, !neura.data<index, i1>, !neura.data<index, i1>) -> !neura.data<i32, i1>\0A      %63 = \22neura.data_mov\22(%52) : (!neura.data<index, i1>) -> !neura.data<index, i1>\0A      %64 = \22neura.data_mov\22(%49) : (!neura.data<index, i1>) -> !neura.data<index, i1>\0A      %65 = \22neura.load_indexed\22(%63, %64) <{operandSegmentSizes = array<i32: 0, 2>}> {lhs_value = \22%input3\22} : (!neura.data<index, i1>, !neura.data<index, i1>) -> !neura.data<i32, i1>\0A      %66 = \22neura.data_mov\22(%62) : (!neura.data<i32, i1>) -> !neura.data<i32, i1>\0A      %67 = \22neura.data_mov\22(%65) : (!neura.data<i32, i1>) -> !neura.data<i32, i1>\0A      %68 = \22neura.mul\22(%66, %67) : (!neura.data<i32, i1>, !neura.data<i32, i1>) -> !neura.data<i32, i1>\0A      %69 = \22neura.data_mov\22(%58) : (!neura.data<index, i1>) -> !neura.data<index, i1>\0A      %70 = \22neura.data_mov\22(%55) : (!neura.data<index, i1>) -> !neura.data<index, i1>\0A      %71 = \22neura.data_mov\22(%49) : (!neura.data<index, i1>) -> !neura.data<index, i1>\0A      %72 = \22neura.load_indexed\22(%69, %70, %71) <{operandSegmentSizes = array<i32: 0, 3>}> {lhs_value = \22%input1\22} : (!neura.data<index, i1>, !neura.data<index, i1>, !neura.data<index, i1>) -> !neura.data<i32, i1>\0A      %73 = \22neura.data_mov\22(%72) : (!neura.data<i32, i1>) -> !neura.data<i32, i1>\0A      %74 = \22neura.data_mov\22(%68) : (!neura.data<i32, i1>) -> !neura.data<i32, i1>\0A      %75 = \22neura.add\22(%73, %74) : (!neura.data<i32, i1>, !neura.data<i32, i1>) -> !neura.data<i32, i1>\0A      %76 = \22neura.data_mov\22(%75) : (!neura.data<i32, i1>) -> !neura.data<i32, i1>\0A      %77 = \22neura.data_mov\22(%58) : (!neura.data<index, i1>) -> !neura.data<index, i1>\0A      %78 = \22neura.data_mov\22(%55) : (!neura.data<index, i1>) -> !neura.data<index, i1>\0A      %79 = \22neura.data_mov\22(%49) : (!neura.data<index, i1>) -> !neura.data<index, i1>\0A      \22neura.store_indexed\22(%76, %77, %78, %79) <{operandSegmentSizes = array<i32: 1, 0, 3>}> {rhs_value = \22%input1\22} : (!neura.data<i32, i1>, !neura.data<index, i1>, !neura.data<index, i1>, !neura.data<index, i1>) -> ()\0A      \22neura.yield\22() <{operandSegmentSizes = array<i32: 0, 0>}> {yield_type = \22void\22} : () -> ()\0A    }) {dataflow_mode = \22predicate\22} : (i32, memref<?x256x16xi32>, memref<?x256x256xi32>, memref<?x16xi32>, index) -> ()\0A    \22taskflow.yield\22(%arg10) <{operandSegmentSizes = array<i32: 0, 1, 0>}> : (memref<?x256x16xi32>) -> ()\0A  }) {dlp_replicable = true, runtime_managable = true} : (memref<?x256x256xi32>, memref<?x16xi32>, memref<?x256x16xi32>, memref<?x256x16xi32>, index, i32, memref<?x256x256xi32>, memref<?x16xi32>, memref<?x256x16xi32>, memref<?x256x16xi32>) -> memref<?x256x16xi32>\0A  \22func.return\22() : () -> ()\0A}) : () -> ()", dlp_replicable = true, runtime_managable = true} : (memref<?x256x256xi32>, memref<?x16xi32>, memref<?x256x16xi32>, memref<?x256x16xi32>, index, i32, memref<?x256x256xi32>, memref<?x16xi32>, memref<?x256x16xi32>, memref<?x256x16xi32>) -> memref<?x256x16xi32>
    %17 = "taskflow.task"(%12, %arg5, %16, %16, %4, %3, %arg10, %arg5, %arg12, %arg12) <{operandSegmentSizes = array<i32: 3, 1, 2, 3, 1>, resultSegmentSizes = array<i32: 0, 1, 0>, task_name = "Task_12"}> ({
    ^bb0(%arg182: memref<?x256x256xi32>, %arg183: memref<?x16xi32>, %arg184: memref<?x256x16xi32>, %arg185: memref<?x256x16xi32>, %arg186: index, %arg187: i32):
      %1254 = "arith.constant"() <{value = 16 : index}> : () -> index
      %1255 = "arith.constant"() <{value = 0 : index}> : () -> index
      %1256 = "arith.constant"() <{value = 1 : index}> : () -> index
      %1257 = "taskflow.counter"(%1255, %arg186, %1256) <{counter_dynamism = "symbol_bound", counter_hierarchy = "root", counter_id = 0 : i32}> : (index, index, index) -> index
      %1258 = "taskflow.counter"(%1257, %1255, %1254, %1256) <{counter_dynamism = "constant_bound", counter_hierarchy = "relay", counter_id = 1 : i32}> : (index, index, index, index) -> index
      %1259 = "taskflow.counter"(%1258, %1255, %arg186, %1256) <{counter_dynamism = "symbol_bound", counter_hierarchy = "leaf", counter_id = 2 : i32}> : (index, index, index, index) -> index
      "neura.kernel"(%arg187, %arg185, %arg182, %arg183, %arg186) <{accelerator = "neura", operandSegmentSizes = array<i32: 5, 0>}> ({
      ^bb0(%arg188: !neura.data<i32, i1>, %arg189: !neura.data<memref<?x256x16xi32>, i1>, %arg190: !neura.data<memref<?x256x256xi32>, i1>, %arg191: !neura.data<memref<?x16xi32>, i1>, %arg192: !neura.data<index, i1>):
        %1260 = "neura.constant"() <{value = "%input1"}> : () -> !neura.data<memref<?x256x16xi32>, i1>
        %1261 = "neura.constant"() <{value = 3 : index}> : () -> !neura.data<index, i1>
        %1262 = "neura.counter"() <{counter_dynamism = "symbol_bound", counter_hierarchy = "root", counter_id = 0 : i32, operandSegmentSizes = array<i32: 0, 0, 0>}> {lower_bound_value = 0 : index, step_value = 1 : index, upper_bound_value = "%input4"} : () -> !neura.data<index, i1>
        %1263 = "neura.counter"() <{counter_dynamism = "constant_bound", counter_hierarchy = "relay", counter_id = 1 : i32, operandSegmentSizes = array<i32: 0, 0, 0>}> {lower_bound_value = 0 : index, step_value = 1 : index, upper_bound_value = 16 : index} : () -> !neura.data<index, i1>
        %1264 = "neura.counter"() <{counter_dynamism = "symbol_bound", counter_hierarchy = "leaf", counter_id = 2 : i32, operandSegmentSizes = array<i32: 0, 0, 0>}> {lower_bound_value = 0 : index, step_value = 1 : index, upper_bound_value = "%input4"} : () -> !neura.data<index, i1>
        %1265 = "neura.data_mov"(%1264) : (!neura.data<index, i1>) -> !neura.data<index, i1>
        %1266 = "neura.icmp"(%1265) <{cmpType = "eq"}> {rhs_value = 0 : index} : (!neura.data<index, i1>) -> !neura.data<i1, i1>
        %1267 = "neura.data_mov"(%1260) : (!neura.data<memref<?x256x16xi32>, i1>) -> !neura.data<memref<?x256x16xi32>, i1>
        %1268 = "neura.data_mov"(%1266) : (!neura.data<i1, i1>) -> !neura.data<i1, i1>
        %1269 = "neura.grant_predicate"(%1267, %1268) : (!neura.data<memref<?x256x16xi32>, i1>, !neura.data<i1, i1>) -> !neura.data<memref<?x256x16xi32>, i1>
        %1270 = "neura.data_mov"(%1261) : (!neura.data<index, i1>) -> !neura.data<index, i1>
        %1271 = "neura.data_mov"(%1266) : (!neura.data<i1, i1>) -> !neura.data<i1, i1>
        %1272 = "neura.grant_predicate"(%1270, %1271) : (!neura.data<index, i1>, !neura.data<i1, i1>) -> !neura.data<index, i1>
        %1273 = "neura.data_mov"(%1262) : (!neura.data<index, i1>) -> !neura.data<index, i1>
        %1274 = "neura.data_mov"(%1266) : (!neura.data<i1, i1>) -> !neura.data<i1, i1>
        %1275 = "neura.grant_predicate"(%1273, %1274) : (!neura.data<index, i1>, !neura.data<i1, i1>) -> !neura.data<index, i1>
        %1276 = "neura.data_mov"(%1263) : (!neura.data<index, i1>) -> !neura.data<index, i1>
        %1277 = "neura.data_mov"(%1266) : (!neura.data<i1, i1>) -> !neura.data<i1, i1>
        %1278 = "neura.grant_predicate"(%1276, %1277) : (!neura.data<index, i1>, !neura.data<i1, i1>) -> !neura.data<index, i1>
        %1279 = "neura.data_mov"(%1264) : (!neura.data<index, i1>) -> !neura.data<index, i1>
        %1280 = "neura.data_mov"(%1266) : (!neura.data<i1, i1>) -> !neura.data<i1, i1>
        %1281 = "neura.grant_predicate"(%1279, %1280) : (!neura.data<index, i1>, !neura.data<i1, i1>) -> !neura.data<index, i1>
        %1282 = "neura.data_mov"(%1266) : (!neura.data<i1, i1>) -> !neura.data<i1, i1>
        %1283 = "neura.not"(%1282) : (!neura.data<i1, i1>) -> !neura.data<i1, i1>
        %1284 = "neura.data_mov"(%1261) : (!neura.data<index, i1>) -> !neura.data<index, i1>
        %1285 = "neura.data_mov"(%1283) : (!neura.data<i1, i1>) -> !neura.data<i1, i1>
        %1286 = "neura.grant_predicate"(%1284, %1285) : (!neura.data<index, i1>, !neura.data<i1, i1>) -> !neura.data<index, i1>
        %1287 = "neura.data_mov"(%1262) : (!neura.data<index, i1>) -> !neura.data<index, i1>
        %1288 = "neura.data_mov"(%1283) : (!neura.data<i1, i1>) -> !neura.data<i1, i1>
        %1289 = "neura.grant_predicate"(%1287, %1288) : (!neura.data<index, i1>, !neura.data<i1, i1>) -> !neura.data<index, i1>
        %1290 = "neura.data_mov"(%1264) : (!neura.data<index, i1>) -> !neura.data<index, i1>
        %1291 = "neura.data_mov"(%1283) : (!neura.data<i1, i1>) -> !neura.data<i1, i1>
        %1292 = "neura.grant_predicate"(%1290, %1291) : (!neura.data<index, i1>, !neura.data<i1, i1>) -> !neura.data<index, i1>
        %1293 = "neura.data_mov"(%1263) : (!neura.data<index, i1>) -> !neura.data<index, i1>
        %1294 = "neura.data_mov"(%1283) : (!neura.data<i1, i1>) -> !neura.data<i1, i1>
        %1295 = "neura.grant_predicate"(%1293, %1294) : (!neura.data<index, i1>, !neura.data<i1, i1>) -> !neura.data<index, i1>
        %1296 = "neura.data_mov"(%1269) : (!neura.data<memref<?x256x16xi32>, i1>) -> !neura.data<memref<?x256x16xi32>, i1>
        %1297 = "neura.data_mov"(%1272) : (!neura.data<index, i1>) -> !neura.data<index, i1>
        %1298 = "neura.data_mov"(%1275) : (!neura.data<index, i1>) -> !neura.data<index, i1>
        %1299 = "neura.data_mov"(%1278) : (!neura.data<index, i1>) -> !neura.data<index, i1>
        "neura.store_indexed"(%1296, %1297, %1298, %1299) <{operandSegmentSizes = array<i32: 0, 1, 3>}> {lhs_value = "%input0"} : (!neura.data<memref<?x256x16xi32>, i1>, !neura.data<index, i1>, !neura.data<index, i1>, !neura.data<index, i1>) -> ()
        %1300 = "neura.data_mov"(%1295) : (!neura.data<index, i1>) -> !neura.data<index, i1>
        %1301 = "neura.data_mov"(%1278) : (!neura.data<index, i1>) -> !neura.data<index, i1>
        %1302 = "neura.phi"(%1300, %1301) : (!neura.data<index, i1>, !neura.data<index, i1>) -> !neura.data<index, i1>
        %1303 = "neura.data_mov"(%1292) : (!neura.data<index, i1>) -> !neura.data<index, i1>
        %1304 = "neura.data_mov"(%1281) : (!neura.data<index, i1>) -> !neura.data<index, i1>
        %1305 = "neura.phi"(%1303, %1304) : (!neura.data<index, i1>, !neura.data<index, i1>) -> !neura.data<index, i1>
        %1306 = "neura.data_mov"(%1289) : (!neura.data<index, i1>) -> !neura.data<index, i1>
        %1307 = "neura.data_mov"(%1275) : (!neura.data<index, i1>) -> !neura.data<index, i1>
        %1308 = "neura.phi"(%1306, %1307) : (!neura.data<index, i1>, !neura.data<index, i1>) -> !neura.data<index, i1>
        %1309 = "neura.data_mov"(%1286) : (!neura.data<index, i1>) -> !neura.data<index, i1>
        %1310 = "neura.data_mov"(%1272) : (!neura.data<index, i1>) -> !neura.data<index, i1>
        %1311 = "neura.phi"(%1309, %1310) : (!neura.data<index, i1>, !neura.data<index, i1>) -> !neura.data<index, i1>
        %1312 = "neura.data_mov"(%1311) : (!neura.data<index, i1>) -> !neura.data<index, i1>
        %1313 = "neura.data_mov"(%1308) : (!neura.data<index, i1>) -> !neura.data<index, i1>
        %1314 = "neura.data_mov"(%1305) : (!neura.data<index, i1>) -> !neura.data<index, i1>
        %1315 = "neura.load_indexed"(%1312, %1313, %1314) <{operandSegmentSizes = array<i32: 0, 3>}> {lhs_value = "%input2"} : (!neura.data<index, i1>, !neura.data<index, i1>, !neura.data<index, i1>) -> !neura.data<i32, i1>
        %1316 = "neura.data_mov"(%1305) : (!neura.data<index, i1>) -> !neura.data<index, i1>
        %1317 = "neura.data_mov"(%1302) : (!neura.data<index, i1>) -> !neura.data<index, i1>
        %1318 = "neura.load_indexed"(%1316, %1317) <{operandSegmentSizes = array<i32: 0, 2>}> {lhs_value = "%input3"} : (!neura.data<index, i1>, !neura.data<index, i1>) -> !neura.data<i32, i1>
        %1319 = "neura.data_mov"(%1315) : (!neura.data<i32, i1>) -> !neura.data<i32, i1>
        %1320 = "neura.data_mov"(%1318) : (!neura.data<i32, i1>) -> !neura.data<i32, i1>
        %1321 = "neura.mul"(%1319, %1320) : (!neura.data<i32, i1>, !neura.data<i32, i1>) -> !neura.data<i32, i1>
        %1322 = "neura.data_mov"(%1311) : (!neura.data<index, i1>) -> !neura.data<index, i1>
        %1323 = "neura.data_mov"(%1308) : (!neura.data<index, i1>) -> !neura.data<index, i1>
        %1324 = "neura.data_mov"(%1302) : (!neura.data<index, i1>) -> !neura.data<index, i1>
        %1325 = "neura.load_indexed"(%1322, %1323, %1324) <{operandSegmentSizes = array<i32: 0, 3>}> {lhs_value = "%input1"} : (!neura.data<index, i1>, !neura.data<index, i1>, !neura.data<index, i1>) -> !neura.data<i32, i1>
        %1326 = "neura.data_mov"(%1325) : (!neura.data<i32, i1>) -> !neura.data<i32, i1>
        %1327 = "neura.data_mov"(%1321) : (!neura.data<i32, i1>) -> !neura.data<i32, i1>
        %1328 = "neura.add"(%1326, %1327) : (!neura.data<i32, i1>, !neura.data<i32, i1>) -> !neura.data<i32, i1>
        %1329 = "neura.data_mov"(%1328) : (!neura.data<i32, i1>) -> !neura.data<i32, i1>
        %1330 = "neura.data_mov"(%1311) : (!neura.data<index, i1>) -> !neura.data<index, i1>
        %1331 = "neura.data_mov"(%1308) : (!neura.data<index, i1>) -> !neura.data<index, i1>
        %1332 = "neura.data_mov"(%1302) : (!neura.data<index, i1>) -> !neura.data<index, i1>
        "neura.store_indexed"(%1329, %1330, %1331, %1332) <{operandSegmentSizes = array<i32: 1, 0, 3>}> {rhs_value = "%input1"} : (!neura.data<i32, i1>, !neura.data<index, i1>, !neura.data<index, i1>, !neura.data<index, i1>) -> ()
        "neura.yield"() <{operandSegmentSizes = array<i32: 0, 0>}> {yield_type = "void"} : () -> ()
      }) {dataflow_mode = "predicate"} : (i32, memref<?x256x16xi32>, memref<?x256x256xi32>, memref<?x16xi32>, index) -> ()
      "taskflow.yield"(%arg185) <{operandSegmentSizes = array<i32: 0, 1, 0>}> : (memref<?x256x16xi32>) -> ()
    }) {amoeba.source_iteration_control_binding = "amoeba-source-iteration-domain-v1\0Adomain_witness_bytes=231:amoeba-source-iteration-domain-v1\0Acomplete=1\0Arepresented_multiplicity=400\0Ainternal_multiplicity=1\0Asource_multiplicity=400\0Aaxis_count=3\0Aaxis=T,0,0,5,1,5,0,-1,0,0\0Aaxis=T,1,0,16,1,16,0,-1,0,0\0Aaxis=T,2,0,5,1,5,0,-1,0,0\0Areason_bytes=0:\0A\0A\22func.func\22() <{function_type = (memref<?x256x256xi32>, memref<?x16xi32>, memref<?x256x16xi32>, index, i32, memref<?x256x256xi32>, memref<?x256x16xi32>) -> (), sym_name = \22__source_domain_binding__\22}> ({\0A^bb0(%arg0: memref<?x256x256xi32>, %arg1: memref<?x16xi32>, %arg2: memref<?x256x16xi32>, %arg3: index, %arg4: i32, %arg5: memref<?x256x256xi32>, %arg6: memref<?x256x16xi32>):\0A  %0 = \22taskflow.task\22(%arg0, %arg1, %arg2, %arg2, %arg3, %arg4, %arg5, %arg1, %arg6, %arg6) <{operandSegmentSizes = array<i32: 3, 1, 2, 3, 1>, resultSegmentSizes = array<i32: 0, 1, 0>, task_name = \22Task_12\22}> ({\0A  ^bb0(%arg7: memref<?x256x256xi32>, %arg8: memref<?x16xi32>, %arg9: memref<?x256x16xi32>, %arg10: memref<?x256x16xi32>, %arg11: index, %arg12: i32):\0A    %1 = \22arith.constant\22() <{value = 16 : index}> : () -> index\0A    %2 = \22arith.constant\22() <{value = 0 : index}> : () -> index\0A    %3 = \22arith.constant\22() <{value = 1 : index}> : () -> index\0A    %4 = \22taskflow.counter\22(%2, %arg11, %3) <{counter_dynamism = \22symbol_bound\22, counter_hierarchy = \22root\22, counter_id = 0 : i32}> : (index, index, index) -> index\0A    %5 = \22taskflow.counter\22(%4, %2, %1, %3) <{counter_dynamism = \22constant_bound\22, counter_hierarchy = \22relay\22, counter_id = 1 : i32}> : (index, index, index, index) -> index\0A    %6 = \22taskflow.counter\22(%5, %2, %arg11, %3) <{counter_dynamism = \22symbol_bound\22, counter_hierarchy = \22leaf\22, counter_id = 2 : i32}> : (index, index, index, index) -> index\0A    \22neura.kernel\22(%arg12, %arg10, %arg7, %arg8, %arg11) <{accelerator = \22neura\22, operandSegmentSizes = array<i32: 5, 0>}> ({\0A    ^bb0(%arg13: !neura.data<i32, i1>, %arg14: !neura.data<memref<?x256x16xi32>, i1>, %arg15: !neura.data<memref<?x256x256xi32>, i1>, %arg16: !neura.data<memref<?x16xi32>, i1>, %arg17: !neura.data<index, i1>):\0A      %7 = \22neura.constant\22() <{value = \22%input1\22}> : () -> !neura.data<memref<?x256x16xi32>, i1>\0A      %8 = \22neura.constant\22() <{value = 3 : index}> : () -> !neura.data<index, i1>\0A      %9 = \22neura.counter\22() <{counter_dynamism = \22symbol_bound\22, counter_hierarchy = \22root\22, counter_id = 0 : i32, operandSegmentSizes = array<i32: 0, 0, 0>}> {lower_bound_value = 0 : index, step_value = 1 : index, upper_bound_value = \22%input4\22} : () -> !neura.data<index, i1>\0A      %10 = \22neura.counter\22() <{counter_dynamism = \22constant_bound\22, counter_hierarchy = \22relay\22, counter_id = 1 : i32, operandSegmentSizes = array<i32: 0, 0, 0>}> {lower_bound_value = 0 : index, step_value = 1 : index, upper_bound_value = 16 : index} : () -> !neura.data<index, i1>\0A      %11 = \22neura.counter\22() <{counter_dynamism = \22symbol_bound\22, counter_hierarchy = \22leaf\22, counter_id = 2 : i32, operandSegmentSizes = array<i32: 0, 0, 0>}> {lower_bound_value = 0 : index, step_value = 1 : index, upper_bound_value = \22%input4\22} : () -> !neura.data<index, i1>\0A      %12 = \22neura.data_mov\22(%11) : (!neura.data<index, i1>) -> !neura.data<index, i1>\0A      %13 = \22neura.icmp\22(%12) <{cmpType = \22eq\22}> {rhs_value = 0 : index} : (!neura.data<index, i1>) -> !neura.data<i1, i1>\0A      %14 = \22neura.data_mov\22(%7) : (!neura.data<memref<?x256x16xi32>, i1>) -> !neura.data<memref<?x256x16xi32>, i1>\0A      %15 = \22neura.data_mov\22(%13) : (!neura.data<i1, i1>) -> !neura.data<i1, i1>\0A      %16 = \22neura.grant_predicate\22(%14, %15) : (!neura.data<memref<?x256x16xi32>, i1>, !neura.data<i1, i1>) -> !neura.data<memref<?x256x16xi32>, i1>\0A      %17 = \22neura.data_mov\22(%8) : (!neura.data<index, i1>) -> !neura.data<index, i1>\0A      %18 = \22neura.data_mov\22(%13) : (!neura.data<i1, i1>) -> !neura.data<i1, i1>\0A      %19 = \22neura.grant_predicate\22(%17, %18) : (!neura.data<index, i1>, !neura.data<i1, i1>) -> !neura.data<index, i1>\0A      %20 = \22neura.data_mov\22(%9) : (!neura.data<index, i1>) -> !neura.data<index, i1>\0A      %21 = \22neura.data_mov\22(%13) : (!neura.data<i1, i1>) -> !neura.data<i1, i1>\0A      %22 = \22neura.grant_predicate\22(%20, %21) : (!neura.data<index, i1>, !neura.data<i1, i1>) -> !neura.data<index, i1>\0A      %23 = \22neura.data_mov\22(%10) : (!neura.data<index, i1>) -> !neura.data<index, i1>\0A      %24 = \22neura.data_mov\22(%13) : (!neura.data<i1, i1>) -> !neura.data<i1, i1>\0A      %25 = \22neura.grant_predicate\22(%23, %24) : (!neura.data<index, i1>, !neura.data<i1, i1>) -> !neura.data<index, i1>\0A      %26 = \22neura.data_mov\22(%11) : (!neura.data<index, i1>) -> !neura.data<index, i1>\0A      %27 = \22neura.data_mov\22(%13) : (!neura.data<i1, i1>) -> !neura.data<i1, i1>\0A      %28 = \22neura.grant_predicate\22(%26, %27) : (!neura.data<index, i1>, !neura.data<i1, i1>) -> !neura.data<index, i1>\0A      %29 = \22neura.data_mov\22(%13) : (!neura.data<i1, i1>) -> !neura.data<i1, i1>\0A      %30 = \22neura.not\22(%29) : (!neura.data<i1, i1>) -> !neura.data<i1, i1>\0A      %31 = \22neura.data_mov\22(%8) : (!neura.data<index, i1>) -> !neura.data<index, i1>\0A      %32 = \22neura.data_mov\22(%30) : (!neura.data<i1, i1>) -> !neura.data<i1, i1>\0A      %33 = \22neura.grant_predicate\22(%31, %32) : (!neura.data<index, i1>, !neura.data<i1, i1>) -> !neura.data<index, i1>\0A      %34 = \22neura.data_mov\22(%9) : (!neura.data<index, i1>) -> !neura.data<index, i1>\0A      %35 = \22neura.data_mov\22(%30) : (!neura.data<i1, i1>) -> !neura.data<i1, i1>\0A      %36 = \22neura.grant_predicate\22(%34, %35) : (!neura.data<index, i1>, !neura.data<i1, i1>) -> !neura.data<index, i1>\0A      %37 = \22neura.data_mov\22(%11) : (!neura.data<index, i1>) -> !neura.data<index, i1>\0A      %38 = \22neura.data_mov\22(%30) : (!neura.data<i1, i1>) -> !neura.data<i1, i1>\0A      %39 = \22neura.grant_predicate\22(%37, %38) : (!neura.data<index, i1>, !neura.data<i1, i1>) -> !neura.data<index, i1>\0A      %40 = \22neura.data_mov\22(%10) : (!neura.data<index, i1>) -> !neura.data<index, i1>\0A      %41 = \22neura.data_mov\22(%30) : (!neura.data<i1, i1>) -> !neura.data<i1, i1>\0A      %42 = \22neura.grant_predicate\22(%40, %41) : (!neura.data<index, i1>, !neura.data<i1, i1>) -> !neura.data<index, i1>\0A      %43 = \22neura.data_mov\22(%16) : (!neura.data<memref<?x256x16xi32>, i1>) -> !neura.data<memref<?x256x16xi32>, i1>\0A      %44 = \22neura.data_mov\22(%19) : (!neura.data<index, i1>) -> !neura.data<index, i1>\0A      %45 = \22neura.data_mov\22(%22) : (!neura.data<index, i1>) -> !neura.data<index, i1>\0A      %46 = \22neura.data_mov\22(%25) : (!neura.data<index, i1>) -> !neura.data<index, i1>\0A      \22neura.store_indexed\22(%43, %44, %45, %46) <{operandSegmentSizes = array<i32: 0, 1, 3>}> {lhs_value = \22%input0\22} : (!neura.data<memref<?x256x16xi32>, i1>, !neura.data<index, i1>, !neura.data<index, i1>, !neura.data<index, i1>) -> ()\0A      %47 = \22neura.data_mov\22(%42) : (!neura.data<index, i1>) -> !neura.data<index, i1>\0A      %48 = \22neura.data_mov\22(%25) : (!neura.data<index, i1>) -> !neura.data<index, i1>\0A      %49 = \22neura.phi\22(%47, %48) : (!neura.data<index, i1>, !neura.data<index, i1>) -> !neura.data<index, i1>\0A      %50 = \22neura.data_mov\22(%39) : (!neura.data<index, i1>) -> !neura.data<index, i1>\0A      %51 = \22neura.data_mov\22(%28) : (!neura.data<index, i1>) -> !neura.data<index, i1>\0A      %52 = \22neura.phi\22(%50, %51) : (!neura.data<index, i1>, !neura.data<index, i1>) -> !neura.data<index, i1>\0A      %53 = \22neura.data_mov\22(%36) : (!neura.data<index, i1>) -> !neura.data<index, i1>\0A      %54 = \22neura.data_mov\22(%22) : (!neura.data<index, i1>) -> !neura.data<index, i1>\0A      %55 = \22neura.phi\22(%53, %54) : (!neura.data<index, i1>, !neura.data<index, i1>) -> !neura.data<index, i1>\0A      %56 = \22neura.data_mov\22(%33) : (!neura.data<index, i1>) -> !neura.data<index, i1>\0A      %57 = \22neura.data_mov\22(%19) : (!neura.data<index, i1>) -> !neura.data<index, i1>\0A      %58 = \22neura.phi\22(%56, %57) : (!neura.data<index, i1>, !neura.data<index, i1>) -> !neura.data<index, i1>\0A      %59 = \22neura.data_mov\22(%58) : (!neura.data<index, i1>) -> !neura.data<index, i1>\0A      %60 = \22neura.data_mov\22(%55) : (!neura.data<index, i1>) -> !neura.data<index, i1>\0A      %61 = \22neura.data_mov\22(%52) : (!neura.data<index, i1>) -> !neura.data<index, i1>\0A      %62 = \22neura.load_indexed\22(%59, %60, %61) <{operandSegmentSizes = array<i32: 0, 3>}> {lhs_value = \22%input2\22} : (!neura.data<index, i1>, !neura.data<index, i1>, !neura.data<index, i1>) -> !neura.data<i32, i1>\0A      %63 = \22neura.data_mov\22(%52) : (!neura.data<index, i1>) -> !neura.data<index, i1>\0A      %64 = \22neura.data_mov\22(%49) : (!neura.data<index, i1>) -> !neura.data<index, i1>\0A      %65 = \22neura.load_indexed\22(%63, %64) <{operandSegmentSizes = array<i32: 0, 2>}> {lhs_value = \22%input3\22} : (!neura.data<index, i1>, !neura.data<index, i1>) -> !neura.data<i32, i1>\0A      %66 = \22neura.data_mov\22(%62) : (!neura.data<i32, i1>) -> !neura.data<i32, i1>\0A      %67 = \22neura.data_mov\22(%65) : (!neura.data<i32, i1>) -> !neura.data<i32, i1>\0A      %68 = \22neura.mul\22(%66, %67) : (!neura.data<i32, i1>, !neura.data<i32, i1>) -> !neura.data<i32, i1>\0A      %69 = \22neura.data_mov\22(%58) : (!neura.data<index, i1>) -> !neura.data<index, i1>\0A      %70 = \22neura.data_mov\22(%55) : (!neura.data<index, i1>) -> !neura.data<index, i1>\0A      %71 = \22neura.data_mov\22(%49) : (!neura.data<index, i1>) -> !neura.data<index, i1>\0A      %72 = \22neura.load_indexed\22(%69, %70, %71) <{operandSegmentSizes = array<i32: 0, 3>}> {lhs_value = \22%input1\22} : (!neura.data<index, i1>, !neura.data<index, i1>, !neura.data<index, i1>) -> !neura.data<i32, i1>\0A      %73 = \22neura.data_mov\22(%72) : (!neura.data<i32, i1>) -> !neura.data<i32, i1>\0A      %74 = \22neura.data_mov\22(%68) : (!neura.data<i32, i1>) -> !neura.data<i32, i1>\0A      %75 = \22neura.add\22(%73, %74) : (!neura.data<i32, i1>, !neura.data<i32, i1>) -> !neura.data<i32, i1>\0A      %76 = \22neura.data_mov\22(%75) : (!neura.data<i32, i1>) -> !neura.data<i32, i1>\0A      %77 = \22neura.data_mov\22(%58) : (!neura.data<index, i1>) -> !neura.data<index, i1>\0A      %78 = \22neura.data_mov\22(%55) : (!neura.data<index, i1>) -> !neura.data<index, i1>\0A      %79 = \22neura.data_mov\22(%49) : (!neura.data<index, i1>) -> !neura.data<index, i1>\0A      \22neura.store_indexed\22(%76, %77, %78, %79) <{operandSegmentSizes = array<i32: 1, 0, 3>}> {rhs_value = \22%input1\22} : (!neura.data<i32, i1>, !neura.data<index, i1>, !neura.data<index, i1>, !neura.data<index, i1>) -> ()\0A      \22neura.yield\22() <{operandSegmentSizes = array<i32: 0, 0>}> {yield_type = \22void\22} : () -> ()\0A    }) {dataflow_mode = \22predicate\22} : (i32, memref<?x256x16xi32>, memref<?x256x256xi32>, memref<?x16xi32>, index) -> ()\0A    \22taskflow.yield\22(%arg10) <{operandSegmentSizes = array<i32: 0, 1, 0>}> : (memref<?x256x16xi32>) -> ()\0A  }) {dlp_replicable = true, runtime_managable = true} : (memref<?x256x256xi32>, memref<?x16xi32>, memref<?x256x16xi32>, memref<?x256x16xi32>, index, i32, memref<?x256x256xi32>, memref<?x16xi32>, memref<?x256x16xi32>, memref<?x256x16xi32>) -> memref<?x256x16xi32>\0A  \22func.return\22() : () -> ()\0A}) : () -> ()", amoeba.source_iteration_domain = {axes = [{carried_values = 0 : i64, expanded_inside_mapper_firing = false, extent = 5 : i64, kind = "taskflow-counter", lower = 0 : i64, ordinal = 0 : i64, parent_counter_ordinal = -1 : i64, result_uses = 0 : i64, step = 1 : i64, upper = 5 : i64}, {carried_values = 0 : i64, expanded_inside_mapper_firing = false, extent = 16 : i64, kind = "taskflow-counter", lower = 0 : i64, ordinal = 1 : i64, parent_counter_ordinal = -1 : i64, result_uses = 0 : i64, step = 1 : i64, upper = 16 : i64}, {carried_values = 0 : i64, expanded_inside_mapper_firing = false, extent = 5 : i64, kind = "taskflow-counter", lower = 0 : i64, ordinal = 2 : i64, parent_counter_ordinal = -1 : i64, result_uses = 0 : i64, step = 1 : i64, upper = 5 : i64}], canonical_witness = "amoeba-source-iteration-domain-v1\0Acomplete=1\0Arepresented_multiplicity=400\0Ainternal_multiplicity=1\0Asource_multiplicity=400\0Aaxis_count=3\0Aaxis=T,0,0,5,1,5,0,-1,0,0\0Aaxis=T,1,0,16,1,16,0,-1,0,0\0Aaxis=T,2,0,5,1,5,0,-1,0,0\0Areason_bytes=0:\0A", complete = true, internal_multiplicity = 1 : i64, represented_multiplicity = 400 : i64, schema = "amoeba-source-iteration-domain-v1", source_multiplicity = 400 : i64}, amoeba.source_iteration_source_control_binding = "amoeba-source-iteration-domain-v1\0Adomain_witness_bytes=231:amoeba-source-iteration-domain-v1\0Acomplete=1\0Arepresented_multiplicity=400\0Ainternal_multiplicity=1\0Asource_multiplicity=400\0Aaxis_count=3\0Aaxis=T,0,0,5,1,5,0,-1,0,0\0Aaxis=T,1,0,16,1,16,0,-1,0,0\0Aaxis=T,2,0,5,1,5,0,-1,0,0\0Areason_bytes=0:\0A\0A\22func.func\22() <{function_type = (memref<?x256x256xi32>, memref<?x16xi32>, memref<?x256x16xi32>, index, i32, memref<?x256x256xi32>, memref<?x256x16xi32>) -> (), sym_name = \22__source_domain_binding__\22}> ({\0A^bb0(%arg0: memref<?x256x256xi32>, %arg1: memref<?x16xi32>, %arg2: memref<?x256x16xi32>, %arg3: index, %arg4: i32, %arg5: memref<?x256x256xi32>, %arg6: memref<?x256x16xi32>):\0A  %0 = \22taskflow.task\22(%arg0, %arg1, %arg2, %arg2, %arg3, %arg4, %arg5, %arg1, %arg6, %arg6) <{operandSegmentSizes = array<i32: 3, 1, 2, 3, 1>, resultSegmentSizes = array<i32: 0, 1, 0>, task_name = \22Task_12\22}> ({\0A  ^bb0(%arg7: memref<?x256x256xi32>, %arg8: memref<?x16xi32>, %arg9: memref<?x256x16xi32>, %arg10: memref<?x256x16xi32>, %arg11: index, %arg12: i32):\0A    %1 = \22arith.constant\22() <{value = 16 : index}> : () -> index\0A    %2 = \22arith.constant\22() <{value = 0 : index}> : () -> index\0A    %3 = \22arith.constant\22() <{value = 1 : index}> : () -> index\0A    %4 = \22taskflow.counter\22(%2, %arg11, %3) <{counter_dynamism = \22symbol_bound\22, counter_hierarchy = \22root\22, counter_id = 0 : i32}> : (index, index, index) -> index\0A    %5 = \22taskflow.counter\22(%4, %2, %1, %3) <{counter_dynamism = \22constant_bound\22, counter_hierarchy = \22relay\22, counter_id = 1 : i32}> : (index, index, index, index) -> index\0A    %6 = \22taskflow.counter\22(%5, %2, %arg11, %3) <{counter_dynamism = \22symbol_bound\22, counter_hierarchy = \22leaf\22, counter_id = 2 : i32}> : (index, index, index, index) -> index\0A    \22neura.kernel\22(%arg12, %arg10, %arg7, %arg8, %arg11) <{accelerator = \22neura\22, operandSegmentSizes = array<i32: 5, 0>}> ({\0A    ^bb0(%arg13: !neura.data<i32, i1>, %arg14: !neura.data<memref<?x256x16xi32>, i1>, %arg15: !neura.data<memref<?x256x256xi32>, i1>, %arg16: !neura.data<memref<?x16xi32>, i1>, %arg17: !neura.data<index, i1>):\0A      %7 = \22neura.constant\22() <{value = \22%input1\22}> : () -> !neura.data<memref<?x256x16xi32>, i1>\0A      %8 = \22neura.constant\22() <{value = 3 : index}> : () -> !neura.data<index, i1>\0A      %9 = \22neura.counter\22() <{counter_dynamism = \22symbol_bound\22, counter_hierarchy = \22root\22, counter_id = 0 : i32, operandSegmentSizes = array<i32: 0, 0, 0>}> {lower_bound_value = 0 : index, step_value = 1 : index, upper_bound_value = \22%input4\22} : () -> !neura.data<index, i1>\0A      %10 = \22neura.counter\22() <{counter_dynamism = \22constant_bound\22, counter_hierarchy = \22relay\22, counter_id = 1 : i32, operandSegmentSizes = array<i32: 0, 0, 0>}> {lower_bound_value = 0 : index, step_value = 1 : index, upper_bound_value = 16 : index} : () -> !neura.data<index, i1>\0A      %11 = \22neura.counter\22() <{counter_dynamism = \22symbol_bound\22, counter_hierarchy = \22leaf\22, counter_id = 2 : i32, operandSegmentSizes = array<i32: 0, 0, 0>}> {lower_bound_value = 0 : index, step_value = 1 : index, upper_bound_value = \22%input4\22} : () -> !neura.data<index, i1>\0A      %12 = \22neura.data_mov\22(%11) : (!neura.data<index, i1>) -> !neura.data<index, i1>\0A      %13 = \22neura.icmp\22(%12) <{cmpType = \22eq\22}> {rhs_value = 0 : index} : (!neura.data<index, i1>) -> !neura.data<i1, i1>\0A      %14 = \22neura.data_mov\22(%7) : (!neura.data<memref<?x256x16xi32>, i1>) -> !neura.data<memref<?x256x16xi32>, i1>\0A      %15 = \22neura.data_mov\22(%13) : (!neura.data<i1, i1>) -> !neura.data<i1, i1>\0A      %16 = \22neura.grant_predicate\22(%14, %15) : (!neura.data<memref<?x256x16xi32>, i1>, !neura.data<i1, i1>) -> !neura.data<memref<?x256x16xi32>, i1>\0A      %17 = \22neura.data_mov\22(%8) : (!neura.data<index, i1>) -> !neura.data<index, i1>\0A      %18 = \22neura.data_mov\22(%13) : (!neura.data<i1, i1>) -> !neura.data<i1, i1>\0A      %19 = \22neura.grant_predicate\22(%17, %18) : (!neura.data<index, i1>, !neura.data<i1, i1>) -> !neura.data<index, i1>\0A      %20 = \22neura.data_mov\22(%9) : (!neura.data<index, i1>) -> !neura.data<index, i1>\0A      %21 = \22neura.data_mov\22(%13) : (!neura.data<i1, i1>) -> !neura.data<i1, i1>\0A      %22 = \22neura.grant_predicate\22(%20, %21) : (!neura.data<index, i1>, !neura.data<i1, i1>) -> !neura.data<index, i1>\0A      %23 = \22neura.data_mov\22(%10) : (!neura.data<index, i1>) -> !neura.data<index, i1>\0A      %24 = \22neura.data_mov\22(%13) : (!neura.data<i1, i1>) -> !neura.data<i1, i1>\0A      %25 = \22neura.grant_predicate\22(%23, %24) : (!neura.data<index, i1>, !neura.data<i1, i1>) -> !neura.data<index, i1>\0A      %26 = \22neura.data_mov\22(%11) : (!neura.data<index, i1>) -> !neura.data<index, i1>\0A      %27 = \22neura.data_mov\22(%13) : (!neura.data<i1, i1>) -> !neura.data<i1, i1>\0A      %28 = \22neura.grant_predicate\22(%26, %27) : (!neura.data<index, i1>, !neura.data<i1, i1>) -> !neura.data<index, i1>\0A      %29 = \22neura.data_mov\22(%13) : (!neura.data<i1, i1>) -> !neura.data<i1, i1>\0A      %30 = \22neura.not\22(%29) : (!neura.data<i1, i1>) -> !neura.data<i1, i1>\0A      %31 = \22neura.data_mov\22(%8) : (!neura.data<index, i1>) -> !neura.data<index, i1>\0A      %32 = \22neura.data_mov\22(%30) : (!neura.data<i1, i1>) -> !neura.data<i1, i1>\0A      %33 = \22neura.grant_predicate\22(%31, %32) : (!neura.data<index, i1>, !neura.data<i1, i1>) -> !neura.data<index, i1>\0A      %34 = \22neura.data_mov\22(%9) : (!neura.data<index, i1>) -> !neura.data<index, i1>\0A      %35 = \22neura.data_mov\22(%30) : (!neura.data<i1, i1>) -> !neura.data<i1, i1>\0A      %36 = \22neura.grant_predicate\22(%34, %35) : (!neura.data<index, i1>, !neura.data<i1, i1>) -> !neura.data<index, i1>\0A      %37 = \22neura.data_mov\22(%11) : (!neura.data<index, i1>) -> !neura.data<index, i1>\0A      %38 = \22neura.data_mov\22(%30) : (!neura.data<i1, i1>) -> !neura.data<i1, i1>\0A      %39 = \22neura.grant_predicate\22(%37, %38) : (!neura.data<index, i1>, !neura.data<i1, i1>) -> !neura.data<index, i1>\0A      %40 = \22neura.data_mov\22(%10) : (!neura.data<index, i1>) -> !neura.data<index, i1>\0A      %41 = \22neura.data_mov\22(%30) : (!neura.data<i1, i1>) -> !neura.data<i1, i1>\0A      %42 = \22neura.grant_predicate\22(%40, %41) : (!neura.data<index, i1>, !neura.data<i1, i1>) -> !neura.data<index, i1>\0A      %43 = \22neura.data_mov\22(%16) : (!neura.data<memref<?x256x16xi32>, i1>) -> !neura.data<memref<?x256x16xi32>, i1>\0A      %44 = \22neura.data_mov\22(%19) : (!neura.data<index, i1>) -> !neura.data<index, i1>\0A      %45 = \22neura.data_mov\22(%22) : (!neura.data<index, i1>) -> !neura.data<index, i1>\0A      %46 = \22neura.data_mov\22(%25) : (!neura.data<index, i1>) -> !neura.data<index, i1>\0A      \22neura.store_indexed\22(%43, %44, %45, %46) <{operandSegmentSizes = array<i32: 0, 1, 3>}> {lhs_value = \22%input0\22} : (!neura.data<memref<?x256x16xi32>, i1>, !neura.data<index, i1>, !neura.data<index, i1>, !neura.data<index, i1>) -> ()\0A      %47 = \22neura.data_mov\22(%42) : (!neura.data<index, i1>) -> !neura.data<index, i1>\0A      %48 = \22neura.data_mov\22(%25) : (!neura.data<index, i1>) -> !neura.data<index, i1>\0A      %49 = \22neura.phi\22(%47, %48) : (!neura.data<index, i1>, !neura.data<index, i1>) -> !neura.data<index, i1>\0A      %50 = \22neura.data_mov\22(%39) : (!neura.data<index, i1>) -> !neura.data<index, i1>\0A      %51 = \22neura.data_mov\22(%28) : (!neura.data<index, i1>) -> !neura.data<index, i1>\0A      %52 = \22neura.phi\22(%50, %51) : (!neura.data<index, i1>, !neura.data<index, i1>) -> !neura.data<index, i1>\0A      %53 = \22neura.data_mov\22(%36) : (!neura.data<index, i1>) -> !neura.data<index, i1>\0A      %54 = \22neura.data_mov\22(%22) : (!neura.data<index, i1>) -> !neura.data<index, i1>\0A      %55 = \22neura.phi\22(%53, %54) : (!neura.data<index, i1>, !neura.data<index, i1>) -> !neura.data<index, i1>\0A      %56 = \22neura.data_mov\22(%33) : (!neura.data<index, i1>) -> !neura.data<index, i1>\0A      %57 = \22neura.data_mov\22(%19) : (!neura.data<index, i1>) -> !neura.data<index, i1>\0A      %58 = \22neura.phi\22(%56, %57) : (!neura.data<index, i1>, !neura.data<index, i1>) -> !neura.data<index, i1>\0A      %59 = \22neura.data_mov\22(%58) : (!neura.data<index, i1>) -> !neura.data<index, i1>\0A      %60 = \22neura.data_mov\22(%55) : (!neura.data<index, i1>) -> !neura.data<index, i1>\0A      %61 = \22neura.data_mov\22(%52) : (!neura.data<index, i1>) -> !neura.data<index, i1>\0A      %62 = \22neura.load_indexed\22(%59, %60, %61) <{operandSegmentSizes = array<i32: 0, 3>}> {lhs_value = \22%input2\22} : (!neura.data<index, i1>, !neura.data<index, i1>, !neura.data<index, i1>) -> !neura.data<i32, i1>\0A      %63 = \22neura.data_mov\22(%52) : (!neura.data<index, i1>) -> !neura.data<index, i1>\0A      %64 = \22neura.data_mov\22(%49) : (!neura.data<index, i1>) -> !neura.data<index, i1>\0A      %65 = \22neura.load_indexed\22(%63, %64) <{operandSegmentSizes = array<i32: 0, 2>}> {lhs_value = \22%input3\22} : (!neura.data<index, i1>, !neura.data<index, i1>) -> !neura.data<i32, i1>\0A      %66 = \22neura.data_mov\22(%62) : (!neura.data<i32, i1>) -> !neura.data<i32, i1>\0A      %67 = \22neura.data_mov\22(%65) : (!neura.data<i32, i1>) -> !neura.data<i32, i1>\0A      %68 = \22neura.mul\22(%66, %67) : (!neura.data<i32, i1>, !neura.data<i32, i1>) -> !neura.data<i32, i1>\0A      %69 = \22neura.data_mov\22(%58) : (!neura.data<index, i1>) -> !neura.data<index, i1>\0A      %70 = \22neura.data_mov\22(%55) : (!neura.data<index, i1>) -> !neura.data<index, i1>\0A      %71 = \22neura.data_mov\22(%49) : (!neura.data<index, i1>) -> !neura.data<index, i1>\0A      %72 = \22neura.load_indexed\22(%69, %70, %71) <{operandSegmentSizes = array<i32: 0, 3>}> {lhs_value = \22%input1\22} : (!neura.data<index, i1>, !neura.data<index, i1>, !neura.data<index, i1>) -> !neura.data<i32, i1>\0A      %73 = \22neura.data_mov\22(%72) : (!neura.data<i32, i1>) -> !neura.data<i32, i1>\0A      %74 = \22neura.data_mov\22(%68) : (!neura.data<i32, i1>) -> !neura.data<i32, i1>\0A      %75 = \22neura.add\22(%73, %74) : (!neura.data<i32, i1>, !neura.data<i32, i1>) -> !neura.data<i32, i1>\0A      %76 = \22neura.data_mov\22(%75) : (!neura.data<i32, i1>) -> !neura.data<i32, i1>\0A      %77 = \22neura.data_mov\22(%58) : (!neura.data<index, i1>) -> !neura.data<index, i1>\0A      %78 = \22neura.data_mov\22(%55) : (!neura.data<index, i1>) -> !neura.data<index, i1>\0A      %79 = \22neura.data_mov\22(%49) : (!neura.data<index, i1>) -> !neura.data<index, i1>\0A      \22neura.store_indexed\22(%76, %77, %78, %79) <{operandSegmentSizes = array<i32: 1, 0, 3>}> {rhs_value = \22%input1\22} : (!neura.data<i32, i1>, !neura.data<index, i1>, !neura.data<index, i1>, !neura.data<index, i1>) -> ()\0A      \22neura.yield\22() <{operandSegmentSizes = array<i32: 0, 0>}> {yield_type = \22void\22} : () -> ()\0A    }) {dataflow_mode = \22predicate\22} : (i32, memref<?x256x16xi32>, memref<?x256x256xi32>, memref<?x16xi32>, index) -> ()\0A    \22taskflow.yield\22(%arg10) <{operandSegmentSizes = array<i32: 0, 1, 0>}> : (memref<?x256x16xi32>) -> ()\0A  }) {dlp_replicable = true, runtime_managable = true} : (memref<?x256x256xi32>, memref<?x16xi32>, memref<?x256x16xi32>, memref<?x256x16xi32>, index, i32, memref<?x256x256xi32>, memref<?x16xi32>, memref<?x256x16xi32>, memref<?x256x16xi32>) -> memref<?x256x16xi32>\0A  \22func.return\22() : () -> ()\0A}) : () -> ()", dlp_replicable = true, runtime_managable = true} : (memref<?x256x256xi32>, memref<?x16xi32>, memref<?x256x16xi32>, memref<?x256x16xi32>, index, i32, memref<?x256x256xi32>, memref<?x16xi32>, memref<?x256x16xi32>, memref<?x256x16xi32>) -> memref<?x256x16xi32>
    %18:3 = "taskflow.task"(%13, %17, %arg13, %4, %3, %arg11, %arg12, %arg13) <{operandSegmentSizes = array<i32: 2, 1, 2, 2, 1>, resultSegmentSizes = array<i32: 2, 1, 0>, task_name = "Task_13"}> ({
    ^bb0(%arg172: memref<?x256x16xi32>, %arg173: memref<?x256x16xi32>, %arg174: memref<?x256x16xi32>, %arg175: index, %arg176: i32):
      %1200 = "arith.constant"() <{value = 16 : index}> : () -> index
      %1201 = "arith.constant"() <{value = 0 : index}> : () -> index
      %1202 = "arith.constant"() <{value = 1 : index}> : () -> index
      %1203 = "taskflow.counter"(%1201, %arg175, %1202) <{counter_dynamism = "symbol_bound", counter_hierarchy = "root", counter_id = 0 : i32}> : (index, index, index) -> index
      %1204 = "taskflow.counter"(%1203, %1201, %1200, %1202) <{counter_dynamism = "constant_bound", counter_hierarchy = "leaf", counter_id = 1 : i32}> : (index, index, index, index) -> index
      "neura.kernel"(%arg172, %arg173, %arg176, %arg174, %arg175) <{accelerator = "neura", operandSegmentSizes = array<i32: 5, 0>}> ({
      ^bb0(%arg177: !neura.data<memref<?x256x16xi32>, i1>, %arg178: !neura.data<memref<?x256x16xi32>, i1>, %arg179: !neura.data<i32, i1>, %arg180: !neura.data<memref<?x256x16xi32>, i1>, %arg181: !neura.data<index, i1>):
        %1205 = "neura.constant"() <{value = "%input2"}> : () -> !neura.data<i32, i1>
        %1206 = "neura.constant"() <{value = 3 : index}> : () -> !neura.data<index, i1>
        %1207 = "neura.constant"() <{value = 2 : index}> : () -> !neura.data<index, i1>
        %1208 = "neura.constant"() <{value = 0 : index}> : () -> !neura.data<index, i1>
        %1209 = "neura.constant"() <{value = 1 : index}> : () -> !neura.data<index, i1>
        %1210 = "neura.counter"() <{counter_dynamism = "symbol_bound", counter_hierarchy = "root", counter_id = 0 : i32, operandSegmentSizes = array<i32: 0, 0, 0>}> {lower_bound_value = 0 : index, step_value = 1 : index, upper_bound_value = "%input4"} : () -> !neura.data<index, i1>
        %1211 = "neura.counter"() <{counter_dynamism = "constant_bound", counter_hierarchy = "leaf", counter_id = 1 : i32, operandSegmentSizes = array<i32: 0, 0, 0>}> {lower_bound_value = 0 : index, step_value = 1 : index, upper_bound_value = 16 : index} : () -> !neura.data<index, i1>
        %1212 = "neura.data_mov"(%1208) : (!neura.data<index, i1>) -> !neura.data<index, i1>
        %1213 = "neura.data_mov"(%1210) : (!neura.data<index, i1>) -> !neura.data<index, i1>
        %1214 = "neura.data_mov"(%1211) : (!neura.data<index, i1>) -> !neura.data<index, i1>
        %1215 = "neura.load_indexed"(%1212, %1213, %1214) <{operandSegmentSizes = array<i32: 0, 3>}> {lhs_value = "%input0"} : (!neura.data<index, i1>, !neura.data<index, i1>, !neura.data<index, i1>) -> !neura.data<i32, i1>
        %1216 = "neura.data_mov"(%1208) : (!neura.data<index, i1>) -> !neura.data<index, i1>
        %1217 = "neura.data_mov"(%1210) : (!neura.data<index, i1>) -> !neura.data<index, i1>
        %1218 = "neura.data_mov"(%1211) : (!neura.data<index, i1>) -> !neura.data<index, i1>
        %1219 = "neura.load_indexed"(%1216, %1217, %1218) <{operandSegmentSizes = array<i32: 0, 3>}> {lhs_value = "%input1"} : (!neura.data<index, i1>, !neura.data<index, i1>, !neura.data<index, i1>) -> !neura.data<i32, i1>
        %1220 = "neura.data_mov"(%1215) : (!neura.data<i32, i1>) -> !neura.data<i32, i1>
        %1221 = "neura.data_mov"(%1219) : (!neura.data<i32, i1>) -> !neura.data<i32, i1>
        %1222 = "neura.add"(%1220, %1221) : (!neura.data<i32, i1>, !neura.data<i32, i1>) -> !neura.data<i32, i1>
        %1223 = "neura.data_mov"(%1209) : (!neura.data<index, i1>) -> !neura.data<index, i1>
        %1224 = "neura.data_mov"(%1210) : (!neura.data<index, i1>) -> !neura.data<index, i1>
        %1225 = "neura.data_mov"(%1211) : (!neura.data<index, i1>) -> !neura.data<index, i1>
        %1226 = "neura.load_indexed"(%1223, %1224, %1225) <{operandSegmentSizes = array<i32: 0, 3>}> {lhs_value = "%input1"} : (!neura.data<index, i1>, !neura.data<index, i1>, !neura.data<index, i1>) -> !neura.data<i32, i1>
        %1227 = "neura.data_mov"(%1222) : (!neura.data<i32, i1>) -> !neura.data<i32, i1>
        %1228 = "neura.data_mov"(%1226) : (!neura.data<i32, i1>) -> !neura.data<i32, i1>
        %1229 = "neura.add"(%1227, %1228) : (!neura.data<i32, i1>, !neura.data<i32, i1>) -> !neura.data<i32, i1>
        %1230 = "neura.data_mov"(%1207) : (!neura.data<index, i1>) -> !neura.data<index, i1>
        %1231 = "neura.data_mov"(%1210) : (!neura.data<index, i1>) -> !neura.data<index, i1>
        %1232 = "neura.data_mov"(%1211) : (!neura.data<index, i1>) -> !neura.data<index, i1>
        %1233 = "neura.load_indexed"(%1230, %1231, %1232) <{operandSegmentSizes = array<i32: 0, 3>}> {lhs_value = "%input1"} : (!neura.data<index, i1>, !neura.data<index, i1>, !neura.data<index, i1>) -> !neura.data<i32, i1>
        %1234 = "neura.data_mov"(%1229) : (!neura.data<i32, i1>) -> !neura.data<i32, i1>
        %1235 = "neura.data_mov"(%1233) : (!neura.data<i32, i1>) -> !neura.data<i32, i1>
        %1236 = "neura.add"(%1234, %1235) : (!neura.data<i32, i1>, !neura.data<i32, i1>) -> !neura.data<i32, i1>
        %1237 = "neura.data_mov"(%1206) : (!neura.data<index, i1>) -> !neura.data<index, i1>
        %1238 = "neura.data_mov"(%1210) : (!neura.data<index, i1>) -> !neura.data<index, i1>
        %1239 = "neura.data_mov"(%1211) : (!neura.data<index, i1>) -> !neura.data<index, i1>
        %1240 = "neura.load_indexed"(%1237, %1238, %1239) <{operandSegmentSizes = array<i32: 0, 3>}> {lhs_value = "%input1"} : (!neura.data<index, i1>, !neura.data<index, i1>, !neura.data<index, i1>) -> !neura.data<i32, i1>
        %1241 = "neura.data_mov"(%1236) : (!neura.data<i32, i1>) -> !neura.data<i32, i1>
        %1242 = "neura.data_mov"(%1240) : (!neura.data<i32, i1>) -> !neura.data<i32, i1>
        %1243 = "neura.add"(%1241, %1242) : (!neura.data<i32, i1>, !neura.data<i32, i1>) -> !neura.data<i32, i1>
        %1244 = "neura.data_mov"(%1243) : (!neura.data<i32, i1>) -> !neura.data<i32, i1>
        %1245 = "neura.icmp"(%1244) <{cmpType = "sgt"}> {rhs_value = "%input2"} : (!neura.data<i32, i1>) -> !neura.data<i1, i1>
        %1246 = "neura.data_mov"(%1245) : (!neura.data<i1, i1>) -> !neura.data<i1, i1>
        %1247 = "neura.data_mov"(%1243) : (!neura.data<i32, i1>) -> !neura.data<i32, i1>
        %1248 = "neura.data_mov"(%1205) : (!neura.data<i32, i1>) -> !neura.data<i32, i1>
        %1249 = "neura.sel"(%1246, %1247, %1248) : (!neura.data<i1, i1>, !neura.data<i32, i1>, !neura.data<i32, i1>) -> !neura.data<i32, i1>
        %1250 = "neura.data_mov"(%1249) : (!neura.data<i32, i1>) -> !neura.data<i32, i1>
        %1251 = "neura.data_mov"(%1208) : (!neura.data<index, i1>) -> !neura.data<index, i1>
        %1252 = "neura.data_mov"(%1210) : (!neura.data<index, i1>) -> !neura.data<index, i1>
        %1253 = "neura.data_mov"(%1211) : (!neura.data<index, i1>) -> !neura.data<index, i1>
        "neura.store_indexed"(%1250, %1251, %1252, %1253) <{operandSegmentSizes = array<i32: 1, 0, 3>}> {rhs_value = "%input3"} : (!neura.data<i32, i1>, !neura.data<index, i1>, !neura.data<index, i1>, !neura.data<index, i1>) -> ()
        "neura.yield"() <{operandSegmentSizes = array<i32: 0, 0>}> {yield_type = "void"} : () -> ()
      }) {dataflow_mode = "predicate"} : (memref<?x256x16xi32>, memref<?x256x16xi32>, i32, memref<?x256x16xi32>, index) -> ()
      "taskflow.yield"(%arg172, %arg173, %arg174) <{operandSegmentSizes = array<i32: 2, 1, 0>}> : (memref<?x256x16xi32>, memref<?x256x16xi32>, memref<?x256x16xi32>) -> ()
    }) {amoeba.source_iteration_control_binding = "amoeba-source-iteration-domain-v1\0Adomain_witness_bytes=203:amoeba-source-iteration-domain-v1\0Acomplete=1\0Arepresented_multiplicity=80\0Ainternal_multiplicity=1\0Asource_multiplicity=80\0Aaxis_count=2\0Aaxis=T,0,0,5,1,5,0,-1,0,0\0Aaxis=T,1,0,16,1,16,0,-1,0,0\0Areason_bytes=0:\0A\0A\22func.func\22() <{function_type = (memref<?x256x16xi32>, memref<?x256x16xi32>, memref<?x256x16xi32>, index, i32, memref<?x256x16xi32>, memref<?x256x16xi32>) -> (), sym_name = \22__source_domain_binding__\22}> ({\0A^bb0(%arg0: memref<?x256x16xi32>, %arg1: memref<?x256x16xi32>, %arg2: memref<?x256x16xi32>, %arg3: index, %arg4: i32, %arg5: memref<?x256x16xi32>, %arg6: memref<?x256x16xi32>):\0A  %0:3 = \22taskflow.task\22(%arg0, %arg1, %arg2, %arg3, %arg4, %arg5, %arg6, %arg2) <{operandSegmentSizes = array<i32: 2, 1, 2, 2, 1>, resultSegmentSizes = array<i32: 2, 1, 0>, task_name = \22Task_13\22}> ({\0A  ^bb0(%arg7: memref<?x256x16xi32>, %arg8: memref<?x256x16xi32>, %arg9: memref<?x256x16xi32>, %arg10: index, %arg11: i32):\0A    %1 = \22arith.constant\22() <{value = 16 : index}> : () -> index\0A    %2 = \22arith.constant\22() <{value = 0 : index}> : () -> index\0A    %3 = \22arith.constant\22() <{value = 1 : index}> : () -> index\0A    %4 = \22taskflow.counter\22(%2, %arg10, %3) <{counter_dynamism = \22symbol_bound\22, counter_hierarchy = \22root\22, counter_id = 0 : i32}> : (index, index, index) -> index\0A    %5 = \22taskflow.counter\22(%4, %2, %1, %3) <{counter_dynamism = \22constant_bound\22, counter_hierarchy = \22leaf\22, counter_id = 1 : i32}> : (index, index, index, index) -> index\0A    \22neura.kernel\22(%arg7, %arg8, %arg11, %arg9, %arg10) <{accelerator = \22neura\22, operandSegmentSizes = array<i32: 5, 0>}> ({\0A    ^bb0(%arg12: !neura.data<memref<?x256x16xi32>, i1>, %arg13: !neura.data<memref<?x256x16xi32>, i1>, %arg14: !neura.data<i32, i1>, %arg15: !neura.data<memref<?x256x16xi32>, i1>, %arg16: !neura.data<index, i1>):\0A      %6 = \22neura.constant\22() <{value = \22%input2\22}> : () -> !neura.data<i32, i1>\0A      %7 = \22neura.constant\22() <{value = 3 : index}> : () -> !neura.data<index, i1>\0A      %8 = \22neura.constant\22() <{value = 2 : index}> : () -> !neura.data<index, i1>\0A      %9 = \22neura.constant\22() <{value = 0 : index}> : () -> !neura.data<index, i1>\0A      %10 = \22neura.constant\22() <{value = 1 : index}> : () -> !neura.data<index, i1>\0A      %11 = \22neura.counter\22() <{counter_dynamism = \22symbol_bound\22, counter_hierarchy = \22root\22, counter_id = 0 : i32, operandSegmentSizes = array<i32: 0, 0, 0>}> {lower_bound_value = 0 : index, step_value = 1 : index, upper_bound_value = \22%input4\22} : () -> !neura.data<index, i1>\0A      %12 = \22neura.counter\22() <{counter_dynamism = \22constant_bound\22, counter_hierarchy = \22leaf\22, counter_id = 1 : i32, operandSegmentSizes = array<i32: 0, 0, 0>}> {lower_bound_value = 0 : index, step_value = 1 : index, upper_bound_value = 16 : index} : () -> !neura.data<index, i1>\0A      %13 = \22neura.data_mov\22(%9) : (!neura.data<index, i1>) -> !neura.data<index, i1>\0A      %14 = \22neura.data_mov\22(%11) : (!neura.data<index, i1>) -> !neura.data<index, i1>\0A      %15 = \22neura.data_mov\22(%12) : (!neura.data<index, i1>) -> !neura.data<index, i1>\0A      %16 = \22neura.load_indexed\22(%13, %14, %15) <{operandSegmentSizes = array<i32: 0, 3>}> {lhs_value = \22%input0\22} : (!neura.data<index, i1>, !neura.data<index, i1>, !neura.data<index, i1>) -> !neura.data<i32, i1>\0A      %17 = \22neura.data_mov\22(%9) : (!neura.data<index, i1>) -> !neura.data<index, i1>\0A      %18 = \22neura.data_mov\22(%11) : (!neura.data<index, i1>) -> !neura.data<index, i1>\0A      %19 = \22neura.data_mov\22(%12) : (!neura.data<index, i1>) -> !neura.data<index, i1>\0A      %20 = \22neura.load_indexed\22(%17, %18, %19) <{operandSegmentSizes = array<i32: 0, 3>}> {lhs_value = \22%input1\22} : (!neura.data<index, i1>, !neura.data<index, i1>, !neura.data<index, i1>) -> !neura.data<i32, i1>\0A      %21 = \22neura.data_mov\22(%16) : (!neura.data<i32, i1>) -> !neura.data<i32, i1>\0A      %22 = \22neura.data_mov\22(%20) : (!neura.data<i32, i1>) -> !neura.data<i32, i1>\0A      %23 = \22neura.add\22(%21, %22) : (!neura.data<i32, i1>, !neura.data<i32, i1>) -> !neura.data<i32, i1>\0A      %24 = \22neura.data_mov\22(%10) : (!neura.data<index, i1>) -> !neura.data<index, i1>\0A      %25 = \22neura.data_mov\22(%11) : (!neura.data<index, i1>) -> !neura.data<index, i1>\0A      %26 = \22neura.data_mov\22(%12) : (!neura.data<index, i1>) -> !neura.data<index, i1>\0A      %27 = \22neura.load_indexed\22(%24, %25, %26) <{operandSegmentSizes = array<i32: 0, 3>}> {lhs_value = \22%input1\22} : (!neura.data<index, i1>, !neura.data<index, i1>, !neura.data<index, i1>) -> !neura.data<i32, i1>\0A      %28 = \22neura.data_mov\22(%23) : (!neura.data<i32, i1>) -> !neura.data<i32, i1>\0A      %29 = \22neura.data_mov\22(%27) : (!neura.data<i32, i1>) -> !neura.data<i32, i1>\0A      %30 = \22neura.add\22(%28, %29) : (!neura.data<i32, i1>, !neura.data<i32, i1>) -> !neura.data<i32, i1>\0A      %31 = \22neura.data_mov\22(%8) : (!neura.data<index, i1>) -> !neura.data<index, i1>\0A      %32 = \22neura.data_mov\22(%11) : (!neura.data<index, i1>) -> !neura.data<index, i1>\0A      %33 = \22neura.data_mov\22(%12) : (!neura.data<index, i1>) -> !neura.data<index, i1>\0A      %34 = \22neura.load_indexed\22(%31, %32, %33) <{operandSegmentSizes = array<i32: 0, 3>}> {lhs_value = \22%input1\22} : (!neura.data<index, i1>, !neura.data<index, i1>, !neura.data<index, i1>) -> !neura.data<i32, i1>\0A      %35 = \22neura.data_mov\22(%30) : (!neura.data<i32, i1>) -> !neura.data<i32, i1>\0A      %36 = \22neura.data_mov\22(%34) : (!neura.data<i32, i1>) -> !neura.data<i32, i1>\0A      %37 = \22neura.add\22(%35, %36) : (!neura.data<i32, i1>, !neura.data<i32, i1>) -> !neura.data<i32, i1>\0A      %38 = \22neura.data_mov\22(%7) : (!neura.data<index, i1>) -> !neura.data<index, i1>\0A      %39 = \22neura.data_mov\22(%11) : (!neura.data<index, i1>) -> !neura.data<index, i1>\0A      %40 = \22neura.data_mov\22(%12) : (!neura.data<index, i1>) -> !neura.data<index, i1>\0A      %41 = \22neura.load_indexed\22(%38, %39, %40) <{operandSegmentSizes = array<i32: 0, 3>}> {lhs_value = \22%input1\22} : (!neura.data<index, i1>, !neura.data<index, i1>, !neura.data<index, i1>) -> !neura.data<i32, i1>\0A      %42 = \22neura.data_mov\22(%37) : (!neura.data<i32, i1>) -> !neura.data<i32, i1>\0A      %43 = \22neura.data_mov\22(%41) : (!neura.data<i32, i1>) -> !neura.data<i32, i1>\0A      %44 = \22neura.add\22(%42, %43) : (!neura.data<i32, i1>, !neura.data<i32, i1>) -> !neura.data<i32, i1>\0A      %45 = \22neura.data_mov\22(%44) : (!neura.data<i32, i1>) -> !neura.data<i32, i1>\0A      %46 = \22neura.icmp\22(%45) <{cmpType = \22sgt\22}> {rhs_value = \22%input2\22} : (!neura.data<i32, i1>) -> !neura.data<i1, i1>\0A      %47 = \22neura.data_mov\22(%46) : (!neura.data<i1, i1>) -> !neura.data<i1, i1>\0A      %48 = \22neura.data_mov\22(%44) : (!neura.data<i32, i1>) -> !neura.data<i32, i1>\0A      %49 = \22neura.data_mov\22(%6) : (!neura.data<i32, i1>) -> !neura.data<i32, i1>\0A      %50 = \22neura.sel\22(%47, %48, %49) : (!neura.data<i1, i1>, !neura.data<i32, i1>, !neura.data<i32, i1>) -> !neura.data<i32, i1>\0A      %51 = \22neura.data_mov\22(%50) : (!neura.data<i32, i1>) -> !neura.data<i32, i1>\0A      %52 = \22neura.data_mov\22(%9) : (!neura.data<index, i1>) -> !neura.data<index, i1>\0A      %53 = \22neura.data_mov\22(%11) : (!neura.data<index, i1>) -> !neura.data<index, i1>\0A      %54 = \22neura.data_mov\22(%12) : (!neura.data<index, i1>) -> !neura.data<index, i1>\0A      \22neura.store_indexed\22(%51, %52, %53, %54) <{operandSegmentSizes = array<i32: 1, 0, 3>}> {rhs_value = \22%input3\22} : (!neura.data<i32, i1>, !neura.data<index, i1>, !neura.data<index, i1>, !neura.data<index, i1>) -> ()\0A      \22neura.yield\22() <{operandSegmentSizes = array<i32: 0, 0>}> {yield_type = \22void\22} : () -> ()\0A    }) {dataflow_mode = \22predicate\22} : (memref<?x256x16xi32>, memref<?x256x16xi32>, i32, memref<?x256x16xi32>, index) -> ()\0A    \22taskflow.yield\22(%arg7, %arg8, %arg9) <{operandSegmentSizes = array<i32: 2, 1, 0>}> : (memref<?x256x16xi32>, memref<?x256x16xi32>, memref<?x256x16xi32>) -> ()\0A  }) {dlp_replicable = true, runtime_managable = true} : (memref<?x256x16xi32>, memref<?x256x16xi32>, memref<?x256x16xi32>, index, i32, memref<?x256x16xi32>, memref<?x256x16xi32>, memref<?x256x16xi32>) -> (memref<?x256x16xi32>, memref<?x256x16xi32>, memref<?x256x16xi32>)\0A  \22func.return\22() : () -> ()\0A}) : () -> ()", amoeba.source_iteration_domain = {axes = [{carried_values = 0 : i64, expanded_inside_mapper_firing = false, extent = 5 : i64, kind = "taskflow-counter", lower = 0 : i64, ordinal = 0 : i64, parent_counter_ordinal = -1 : i64, result_uses = 0 : i64, step = 1 : i64, upper = 5 : i64}, {carried_values = 0 : i64, expanded_inside_mapper_firing = false, extent = 16 : i64, kind = "taskflow-counter", lower = 0 : i64, ordinal = 1 : i64, parent_counter_ordinal = -1 : i64, result_uses = 0 : i64, step = 1 : i64, upper = 16 : i64}], canonical_witness = "amoeba-source-iteration-domain-v1\0Acomplete=1\0Arepresented_multiplicity=80\0Ainternal_multiplicity=1\0Asource_multiplicity=80\0Aaxis_count=2\0Aaxis=T,0,0,5,1,5,0,-1,0,0\0Aaxis=T,1,0,16,1,16,0,-1,0,0\0Areason_bytes=0:\0A", complete = true, internal_multiplicity = 1 : i64, represented_multiplicity = 80 : i64, schema = "amoeba-source-iteration-domain-v1", source_multiplicity = 80 : i64}, amoeba.source_iteration_source_control_binding = "amoeba-source-iteration-domain-v1\0Adomain_witness_bytes=203:amoeba-source-iteration-domain-v1\0Acomplete=1\0Arepresented_multiplicity=80\0Ainternal_multiplicity=1\0Asource_multiplicity=80\0Aaxis_count=2\0Aaxis=T,0,0,5,1,5,0,-1,0,0\0Aaxis=T,1,0,16,1,16,0,-1,0,0\0Areason_bytes=0:\0A\0A\22func.func\22() <{function_type = (memref<?x256x16xi32>, memref<?x256x16xi32>, memref<?x256x16xi32>, index, i32, memref<?x256x16xi32>, memref<?x256x16xi32>) -> (), sym_name = \22__source_domain_binding__\22}> ({\0A^bb0(%arg0: memref<?x256x16xi32>, %arg1: memref<?x256x16xi32>, %arg2: memref<?x256x16xi32>, %arg3: index, %arg4: i32, %arg5: memref<?x256x16xi32>, %arg6: memref<?x256x16xi32>):\0A  %0:3 = \22taskflow.task\22(%arg0, %arg1, %arg2, %arg3, %arg4, %arg5, %arg6, %arg2) <{operandSegmentSizes = array<i32: 2, 1, 2, 2, 1>, resultSegmentSizes = array<i32: 2, 1, 0>, task_name = \22Task_13\22}> ({\0A  ^bb0(%arg7: memref<?x256x16xi32>, %arg8: memref<?x256x16xi32>, %arg9: memref<?x256x16xi32>, %arg10: index, %arg11: i32):\0A    %1 = \22arith.constant\22() <{value = 16 : index}> : () -> index\0A    %2 = \22arith.constant\22() <{value = 0 : index}> : () -> index\0A    %3 = \22arith.constant\22() <{value = 1 : index}> : () -> index\0A    %4 = \22taskflow.counter\22(%2, %arg10, %3) <{counter_dynamism = \22symbol_bound\22, counter_hierarchy = \22root\22, counter_id = 0 : i32}> : (index, index, index) -> index\0A    %5 = \22taskflow.counter\22(%4, %2, %1, %3) <{counter_dynamism = \22constant_bound\22, counter_hierarchy = \22leaf\22, counter_id = 1 : i32}> : (index, index, index, index) -> index\0A    \22neura.kernel\22(%arg7, %arg8, %arg11, %arg9, %arg10) <{accelerator = \22neura\22, operandSegmentSizes = array<i32: 5, 0>}> ({\0A    ^bb0(%arg12: !neura.data<memref<?x256x16xi32>, i1>, %arg13: !neura.data<memref<?x256x16xi32>, i1>, %arg14: !neura.data<i32, i1>, %arg15: !neura.data<memref<?x256x16xi32>, i1>, %arg16: !neura.data<index, i1>):\0A      %6 = \22neura.constant\22() <{value = \22%input2\22}> : () -> !neura.data<i32, i1>\0A      %7 = \22neura.constant\22() <{value = 3 : index}> : () -> !neura.data<index, i1>\0A      %8 = \22neura.constant\22() <{value = 2 : index}> : () -> !neura.data<index, i1>\0A      %9 = \22neura.constant\22() <{value = 0 : index}> : () -> !neura.data<index, i1>\0A      %10 = \22neura.constant\22() <{value = 1 : index}> : () -> !neura.data<index, i1>\0A      %11 = \22neura.counter\22() <{counter_dynamism = \22symbol_bound\22, counter_hierarchy = \22root\22, counter_id = 0 : i32, operandSegmentSizes = array<i32: 0, 0, 0>}> {lower_bound_value = 0 : index, step_value = 1 : index, upper_bound_value = \22%input4\22} : () -> !neura.data<index, i1>\0A      %12 = \22neura.counter\22() <{counter_dynamism = \22constant_bound\22, counter_hierarchy = \22leaf\22, counter_id = 1 : i32, operandSegmentSizes = array<i32: 0, 0, 0>}> {lower_bound_value = 0 : index, step_value = 1 : index, upper_bound_value = 16 : index} : () -> !neura.data<index, i1>\0A      %13 = \22neura.data_mov\22(%9) : (!neura.data<index, i1>) -> !neura.data<index, i1>\0A      %14 = \22neura.data_mov\22(%11) : (!neura.data<index, i1>) -> !neura.data<index, i1>\0A      %15 = \22neura.data_mov\22(%12) : (!neura.data<index, i1>) -> !neura.data<index, i1>\0A      %16 = \22neura.load_indexed\22(%13, %14, %15) <{operandSegmentSizes = array<i32: 0, 3>}> {lhs_value = \22%input0\22} : (!neura.data<index, i1>, !neura.data<index, i1>, !neura.data<index, i1>) -> !neura.data<i32, i1>\0A      %17 = \22neura.data_mov\22(%9) : (!neura.data<index, i1>) -> !neura.data<index, i1>\0A      %18 = \22neura.data_mov\22(%11) : (!neura.data<index, i1>) -> !neura.data<index, i1>\0A      %19 = \22neura.data_mov\22(%12) : (!neura.data<index, i1>) -> !neura.data<index, i1>\0A      %20 = \22neura.load_indexed\22(%17, %18, %19) <{operandSegmentSizes = array<i32: 0, 3>}> {lhs_value = \22%input1\22} : (!neura.data<index, i1>, !neura.data<index, i1>, !neura.data<index, i1>) -> !neura.data<i32, i1>\0A      %21 = \22neura.data_mov\22(%16) : (!neura.data<i32, i1>) -> !neura.data<i32, i1>\0A      %22 = \22neura.data_mov\22(%20) : (!neura.data<i32, i1>) -> !neura.data<i32, i1>\0A      %23 = \22neura.add\22(%21, %22) : (!neura.data<i32, i1>, !neura.data<i32, i1>) -> !neura.data<i32, i1>\0A      %24 = \22neura.data_mov\22(%10) : (!neura.data<index, i1>) -> !neura.data<index, i1>\0A      %25 = \22neura.data_mov\22(%11) : (!neura.data<index, i1>) -> !neura.data<index, i1>\0A      %26 = \22neura.data_mov\22(%12) : (!neura.data<index, i1>) -> !neura.data<index, i1>\0A      %27 = \22neura.load_indexed\22(%24, %25, %26) <{operandSegmentSizes = array<i32: 0, 3>}> {lhs_value = \22%input1\22} : (!neura.data<index, i1>, !neura.data<index, i1>, !neura.data<index, i1>) -> !neura.data<i32, i1>\0A      %28 = \22neura.data_mov\22(%23) : (!neura.data<i32, i1>) -> !neura.data<i32, i1>\0A      %29 = \22neura.data_mov\22(%27) : (!neura.data<i32, i1>) -> !neura.data<i32, i1>\0A      %30 = \22neura.add\22(%28, %29) : (!neura.data<i32, i1>, !neura.data<i32, i1>) -> !neura.data<i32, i1>\0A      %31 = \22neura.data_mov\22(%8) : (!neura.data<index, i1>) -> !neura.data<index, i1>\0A      %32 = \22neura.data_mov\22(%11) : (!neura.data<index, i1>) -> !neura.data<index, i1>\0A      %33 = \22neura.data_mov\22(%12) : (!neura.data<index, i1>) -> !neura.data<index, i1>\0A      %34 = \22neura.load_indexed\22(%31, %32, %33) <{operandSegmentSizes = array<i32: 0, 3>}> {lhs_value = \22%input1\22} : (!neura.data<index, i1>, !neura.data<index, i1>, !neura.data<index, i1>) -> !neura.data<i32, i1>\0A      %35 = \22neura.data_mov\22(%30) : (!neura.data<i32, i1>) -> !neura.data<i32, i1>\0A      %36 = \22neura.data_mov\22(%34) : (!neura.data<i32, i1>) -> !neura.data<i32, i1>\0A      %37 = \22neura.add\22(%35, %36) : (!neura.data<i32, i1>, !neura.data<i32, i1>) -> !neura.data<i32, i1>\0A      %38 = \22neura.data_mov\22(%7) : (!neura.data<index, i1>) -> !neura.data<index, i1>\0A      %39 = \22neura.data_mov\22(%11) : (!neura.data<index, i1>) -> !neura.data<index, i1>\0A      %40 = \22neura.data_mov\22(%12) : (!neura.data<index, i1>) -> !neura.data<index, i1>\0A      %41 = \22neura.load_indexed\22(%38, %39, %40) <{operandSegmentSizes = array<i32: 0, 3>}> {lhs_value = \22%input1\22} : (!neura.data<index, i1>, !neura.data<index, i1>, !neura.data<index, i1>) -> !neura.data<i32, i1>\0A      %42 = \22neura.data_mov\22(%37) : (!neura.data<i32, i1>) -> !neura.data<i32, i1>\0A      %43 = \22neura.data_mov\22(%41) : (!neura.data<i32, i1>) -> !neura.data<i32, i1>\0A      %44 = \22neura.add\22(%42, %43) : (!neura.data<i32, i1>, !neura.data<i32, i1>) -> !neura.data<i32, i1>\0A      %45 = \22neura.data_mov\22(%44) : (!neura.data<i32, i1>) -> !neura.data<i32, i1>\0A      %46 = \22neura.icmp\22(%45) <{cmpType = \22sgt\22}> {rhs_value = \22%input2\22} : (!neura.data<i32, i1>) -> !neura.data<i1, i1>\0A      %47 = \22neura.data_mov\22(%46) : (!neura.data<i1, i1>) -> !neura.data<i1, i1>\0A      %48 = \22neura.data_mov\22(%44) : (!neura.data<i32, i1>) -> !neura.data<i32, i1>\0A      %49 = \22neura.data_mov\22(%6) : (!neura.data<i32, i1>) -> !neura.data<i32, i1>\0A      %50 = \22neura.sel\22(%47, %48, %49) : (!neura.data<i1, i1>, !neura.data<i32, i1>, !neura.data<i32, i1>) -> !neura.data<i32, i1>\0A      %51 = \22neura.data_mov\22(%50) : (!neura.data<i32, i1>) -> !neura.data<i32, i1>\0A      %52 = \22neura.data_mov\22(%9) : (!neura.data<index, i1>) -> !neura.data<index, i1>\0A      %53 = \22neura.data_mov\22(%11) : (!neura.data<index, i1>) -> !neura.data<index, i1>\0A      %54 = \22neura.data_mov\22(%12) : (!neura.data<index, i1>) -> !neura.data<index, i1>\0A      \22neura.store_indexed\22(%51, %52, %53, %54) <{operandSegmentSizes = array<i32: 1, 0, 3>}> {rhs_value = \22%input3\22} : (!neura.data<i32, i1>, !neura.data<index, i1>, !neura.data<index, i1>, !neura.data<index, i1>) -> ()\0A      \22neura.yield\22() <{operandSegmentSizes = array<i32: 0, 0>}> {yield_type = \22void\22} : () -> ()\0A    }) {dataflow_mode = \22predicate\22} : (memref<?x256x16xi32>, memref<?x256x16xi32>, i32, memref<?x256x16xi32>, index) -> ()\0A    \22taskflow.yield\22(%arg7, %arg8, %arg9) <{operandSegmentSizes = array<i32: 2, 1, 0>}> : (memref<?x256x16xi32>, memref<?x256x16xi32>, memref<?x256x16xi32>) -> ()\0A  }) {dlp_replicable = true, runtime_managable = true} : (memref<?x256x16xi32>, memref<?x256x16xi32>, memref<?x256x16xi32>, index, i32, memref<?x256x16xi32>, memref<?x256x16xi32>, memref<?x256x16xi32>) -> (memref<?x256x16xi32>, memref<?x256x16xi32>, memref<?x256x16xi32>)\0A  \22func.return\22() : () -> ()\0A}) : () -> ()", dlp_replicable = true, runtime_managable = true} : (memref<?x256x16xi32>, memref<?x256x16xi32>, memref<?x256x16xi32>, index, i32, memref<?x256x16xi32>, memref<?x256x16xi32>, memref<?x256x16xi32>) -> (memref<?x256x16xi32>, memref<?x256x16xi32>, memref<?x256x16xi32>)
    %19:2 = "taskflow.task"(%18#2, %arg7, %13, %18#0, %4, %3, %arg13, %arg7, %arg11, %arg11) <{operandSegmentSizes = array<i32: 3, 1, 2, 3, 1>, resultSegmentSizes = array<i32: 1, 1, 0>, task_name = "Task_14"}> ({
    ^bb0(%arg161: memref<?x256x16xi32>, %arg162: memref<?x16xi32>, %arg163: memref<?x256x16xi32>, %arg164: memref<?x256x16xi32>, %arg165: index, %arg166: i32):
      %1111 = "arith.constant"() <{value = 16 : index}> : () -> index
      %1112 = "arith.constant"() <{value = 0 : index}> : () -> index
      %1113 = "arith.constant"() <{value = 1 : index}> : () -> index
      %1114 = "taskflow.counter"(%1112, %arg165, %1113) <{counter_dynamism = "symbol_bound", counter_hierarchy = "root", counter_id = 0 : i32}> : (index, index, index) -> index
      %1115 = "taskflow.counter"(%1114, %1112, %1111, %1113) <{counter_dynamism = "constant_bound", counter_hierarchy = "relay", counter_id = 1 : i32}> : (index, index, index, index) -> index
      %1116 = "taskflow.counter"(%1115, %1112, %1111, %1113) <{counter_dynamism = "constant_bound", counter_hierarchy = "leaf", counter_id = 2 : i32}> : (index, index, index, index) -> index
      "neura.kernel"(%arg166, %arg164, %arg161, %arg162, %arg165) <{accelerator = "neura", operandSegmentSizes = array<i32: 5, 0>}> ({
      ^bb0(%arg167: !neura.data<i32, i1>, %arg168: !neura.data<memref<?x256x16xi32>, i1>, %arg169: !neura.data<memref<?x256x16xi32>, i1>, %arg170: !neura.data<memref<?x16xi32>, i1>, %arg171: !neura.data<index, i1>):
        %1117 = "neura.constant"() <{value = "%input1"}> : () -> !neura.data<memref<?x256x16xi32>, i1>
        %1118 = "neura.constant"() <{value = 0 : index}> : () -> !neura.data<index, i1>
        %1119 = "neura.constant"() <{value = 1 : index}> : () -> !neura.data<index, i1>
        %1120 = "neura.counter"() <{counter_dynamism = "symbol_bound", counter_hierarchy = "root", counter_id = 0 : i32, operandSegmentSizes = array<i32: 0, 0, 0>}> {lower_bound_value = 0 : index, step_value = 1 : index, upper_bound_value = "%input4"} : () -> !neura.data<index, i1>
        %1121 = "neura.counter"() <{counter_dynamism = "constant_bound", counter_hierarchy = "relay", counter_id = 1 : i32, operandSegmentSizes = array<i32: 0, 0, 0>}> {lower_bound_value = 0 : index, step_value = 1 : index, upper_bound_value = 16 : index} : () -> !neura.data<index, i1>
        %1122 = "neura.counter"() <{counter_dynamism = "constant_bound", counter_hierarchy = "leaf", counter_id = 2 : i32, operandSegmentSizes = array<i32: 0, 0, 0>}> {lower_bound_value = 0 : index, step_value = 1 : index, upper_bound_value = 16 : index} : () -> !neura.data<index, i1>
        %1123 = "neura.data_mov"(%1122) : (!neura.data<index, i1>) -> !neura.data<index, i1>
        %1124 = "neura.icmp"(%1123) <{cmpType = "eq"}> {rhs_value = 0 : index} : (!neura.data<index, i1>) -> !neura.data<i1, i1>
        %1125 = "neura.data_mov"(%1117) : (!neura.data<memref<?x256x16xi32>, i1>) -> !neura.data<memref<?x256x16xi32>, i1>
        %1126 = "neura.data_mov"(%1124) : (!neura.data<i1, i1>) -> !neura.data<i1, i1>
        %1127 = "neura.grant_predicate"(%1125, %1126) : (!neura.data<memref<?x256x16xi32>, i1>, !neura.data<i1, i1>) -> !neura.data<memref<?x256x16xi32>, i1>
        %1128 = "neura.data_mov"(%1119) : (!neura.data<index, i1>) -> !neura.data<index, i1>
        %1129 = "neura.data_mov"(%1124) : (!neura.data<i1, i1>) -> !neura.data<i1, i1>
        %1130 = "neura.grant_predicate"(%1128, %1129) : (!neura.data<index, i1>, !neura.data<i1, i1>) -> !neura.data<index, i1>
        %1131 = "neura.data_mov"(%1120) : (!neura.data<index, i1>) -> !neura.data<index, i1>
        %1132 = "neura.data_mov"(%1124) : (!neura.data<i1, i1>) -> !neura.data<i1, i1>
        %1133 = "neura.grant_predicate"(%1131, %1132) : (!neura.data<index, i1>, !neura.data<i1, i1>) -> !neura.data<index, i1>
        %1134 = "neura.data_mov"(%1121) : (!neura.data<index, i1>) -> !neura.data<index, i1>
        %1135 = "neura.data_mov"(%1124) : (!neura.data<i1, i1>) -> !neura.data<i1, i1>
        %1136 = "neura.grant_predicate"(%1134, %1135) : (!neura.data<index, i1>, !neura.data<i1, i1>) -> !neura.data<index, i1>
        %1137 = "neura.data_mov"(%1118) : (!neura.data<index, i1>) -> !neura.data<index, i1>
        %1138 = "neura.data_mov"(%1124) : (!neura.data<i1, i1>) -> !neura.data<i1, i1>
        %1139 = "neura.grant_predicate"(%1137, %1138) : (!neura.data<index, i1>, !neura.data<i1, i1>) -> !neura.data<index, i1>
        %1140 = "neura.data_mov"(%1122) : (!neura.data<index, i1>) -> !neura.data<index, i1>
        %1141 = "neura.data_mov"(%1124) : (!neura.data<i1, i1>) -> !neura.data<i1, i1>
        %1142 = "neura.grant_predicate"(%1140, %1141) : (!neura.data<index, i1>, !neura.data<i1, i1>) -> !neura.data<index, i1>
        %1143 = "neura.data_mov"(%1124) : (!neura.data<i1, i1>) -> !neura.data<i1, i1>
        %1144 = "neura.not"(%1143) : (!neura.data<i1, i1>) -> !neura.data<i1, i1>
        %1145 = "neura.data_mov"(%1118) : (!neura.data<index, i1>) -> !neura.data<index, i1>
        %1146 = "neura.data_mov"(%1144) : (!neura.data<i1, i1>) -> !neura.data<i1, i1>
        %1147 = "neura.grant_predicate"(%1145, %1146) : (!neura.data<index, i1>, !neura.data<i1, i1>) -> !neura.data<index, i1>
        %1148 = "neura.data_mov"(%1120) : (!neura.data<index, i1>) -> !neura.data<index, i1>
        %1149 = "neura.data_mov"(%1144) : (!neura.data<i1, i1>) -> !neura.data<i1, i1>
        %1150 = "neura.grant_predicate"(%1148, %1149) : (!neura.data<index, i1>, !neura.data<i1, i1>) -> !neura.data<index, i1>
        %1151 = "neura.data_mov"(%1122) : (!neura.data<index, i1>) -> !neura.data<index, i1>
        %1152 = "neura.data_mov"(%1144) : (!neura.data<i1, i1>) -> !neura.data<i1, i1>
        %1153 = "neura.grant_predicate"(%1151, %1152) : (!neura.data<index, i1>, !neura.data<i1, i1>) -> !neura.data<index, i1>
        %1154 = "neura.data_mov"(%1121) : (!neura.data<index, i1>) -> !neura.data<index, i1>
        %1155 = "neura.data_mov"(%1144) : (!neura.data<i1, i1>) -> !neura.data<i1, i1>
        %1156 = "neura.grant_predicate"(%1154, %1155) : (!neura.data<index, i1>, !neura.data<i1, i1>) -> !neura.data<index, i1>
        %1157 = "neura.data_mov"(%1119) : (!neura.data<index, i1>) -> !neura.data<index, i1>
        %1158 = "neura.data_mov"(%1144) : (!neura.data<i1, i1>) -> !neura.data<i1, i1>
        %1159 = "neura.grant_predicate"(%1157, %1158) : (!neura.data<index, i1>, !neura.data<i1, i1>) -> !neura.data<index, i1>
        %1160 = "neura.data_mov"(%1127) : (!neura.data<memref<?x256x16xi32>, i1>) -> !neura.data<memref<?x256x16xi32>, i1>
        %1161 = "neura.data_mov"(%1130) : (!neura.data<index, i1>) -> !neura.data<index, i1>
        %1162 = "neura.data_mov"(%1133) : (!neura.data<index, i1>) -> !neura.data<index, i1>
        %1163 = "neura.data_mov"(%1136) : (!neura.data<index, i1>) -> !neura.data<index, i1>
        "neura.store_indexed"(%1160, %1161, %1162, %1163) <{operandSegmentSizes = array<i32: 0, 1, 3>}> {lhs_value = "%input0"} : (!neura.data<memref<?x256x16xi32>, i1>, !neura.data<index, i1>, !neura.data<index, i1>, !neura.data<index, i1>) -> ()
        %1164 = "neura.data_mov"(%1159) : (!neura.data<index, i1>) -> !neura.data<index, i1>
        %1165 = "neura.data_mov"(%1130) : (!neura.data<index, i1>) -> !neura.data<index, i1>
        %1166 = "neura.phi"(%1164, %1165) : (!neura.data<index, i1>, !neura.data<index, i1>) -> !neura.data<index, i1>
        %1167 = "neura.data_mov"(%1156) : (!neura.data<index, i1>) -> !neura.data<index, i1>
        %1168 = "neura.data_mov"(%1136) : (!neura.data<index, i1>) -> !neura.data<index, i1>
        %1169 = "neura.phi"(%1167, %1168) : (!neura.data<index, i1>, !neura.data<index, i1>) -> !neura.data<index, i1>
        %1170 = "neura.data_mov"(%1153) : (!neura.data<index, i1>) -> !neura.data<index, i1>
        %1171 = "neura.data_mov"(%1142) : (!neura.data<index, i1>) -> !neura.data<index, i1>
        %1172 = "neura.phi"(%1170, %1171) : (!neura.data<index, i1>, !neura.data<index, i1>) -> !neura.data<index, i1>
        %1173 = "neura.data_mov"(%1150) : (!neura.data<index, i1>) -> !neura.data<index, i1>
        %1174 = "neura.data_mov"(%1133) : (!neura.data<index, i1>) -> !neura.data<index, i1>
        %1175 = "neura.phi"(%1173, %1174) : (!neura.data<index, i1>, !neura.data<index, i1>) -> !neura.data<index, i1>
        %1176 = "neura.data_mov"(%1147) : (!neura.data<index, i1>) -> !neura.data<index, i1>
        %1177 = "neura.data_mov"(%1139) : (!neura.data<index, i1>) -> !neura.data<index, i1>
        %1178 = "neura.phi"(%1176, %1177) : (!neura.data<index, i1>, !neura.data<index, i1>) -> !neura.data<index, i1>
        %1179 = "neura.data_mov"(%1178) : (!neura.data<index, i1>) -> !neura.data<index, i1>
        %1180 = "neura.data_mov"(%1175) : (!neura.data<index, i1>) -> !neura.data<index, i1>
        %1181 = "neura.data_mov"(%1172) : (!neura.data<index, i1>) -> !neura.data<index, i1>
        %1182 = "neura.load_indexed"(%1179, %1180, %1181) <{operandSegmentSizes = array<i32: 0, 3>}> {lhs_value = "%input2"} : (!neura.data<index, i1>, !neura.data<index, i1>, !neura.data<index, i1>) -> !neura.data<i32, i1>
        %1183 = "neura.data_mov"(%1172) : (!neura.data<index, i1>) -> !neura.data<index, i1>
        %1184 = "neura.data_mov"(%1169) : (!neura.data<index, i1>) -> !neura.data<index, i1>
        %1185 = "neura.load_indexed"(%1183, %1184) <{operandSegmentSizes = array<i32: 0, 2>}> {lhs_value = "%input3"} : (!neura.data<index, i1>, !neura.data<index, i1>) -> !neura.data<i32, i1>
        %1186 = "neura.data_mov"(%1182) : (!neura.data<i32, i1>) -> !neura.data<i32, i1>
        %1187 = "neura.data_mov"(%1185) : (!neura.data<i32, i1>) -> !neura.data<i32, i1>
        %1188 = "neura.mul"(%1186, %1187) : (!neura.data<i32, i1>, !neura.data<i32, i1>) -> !neura.data<i32, i1>
        %1189 = "neura.data_mov"(%1166) : (!neura.data<index, i1>) -> !neura.data<index, i1>
        %1190 = "neura.data_mov"(%1175) : (!neura.data<index, i1>) -> !neura.data<index, i1>
        %1191 = "neura.data_mov"(%1169) : (!neura.data<index, i1>) -> !neura.data<index, i1>
        %1192 = "neura.load_indexed"(%1189, %1190, %1191) <{operandSegmentSizes = array<i32: 0, 3>}> {lhs_value = "%input1"} : (!neura.data<index, i1>, !neura.data<index, i1>, !neura.data<index, i1>) -> !neura.data<i32, i1>
        %1193 = "neura.data_mov"(%1192) : (!neura.data<i32, i1>) -> !neura.data<i32, i1>
        %1194 = "neura.data_mov"(%1188) : (!neura.data<i32, i1>) -> !neura.data<i32, i1>
        %1195 = "neura.add"(%1193, %1194) : (!neura.data<i32, i1>, !neura.data<i32, i1>) -> !neura.data<i32, i1>
        %1196 = "neura.data_mov"(%1195) : (!neura.data<i32, i1>) -> !neura.data<i32, i1>
        %1197 = "neura.data_mov"(%1166) : (!neura.data<index, i1>) -> !neura.data<index, i1>
        %1198 = "neura.data_mov"(%1175) : (!neura.data<index, i1>) -> !neura.data<index, i1>
        %1199 = "neura.data_mov"(%1169) : (!neura.data<index, i1>) -> !neura.data<index, i1>
        "neura.store_indexed"(%1196, %1197, %1198, %1199) <{operandSegmentSizes = array<i32: 1, 0, 3>}> {rhs_value = "%input1"} : (!neura.data<i32, i1>, !neura.data<index, i1>, !neura.data<index, i1>, !neura.data<index, i1>) -> ()
        "neura.yield"() <{operandSegmentSizes = array<i32: 0, 0>}> {yield_type = "void"} : () -> ()
      }) {dataflow_mode = "predicate"} : (i32, memref<?x256x16xi32>, memref<?x256x16xi32>, memref<?x16xi32>, index) -> ()
      "taskflow.yield"(%arg161, %arg164) <{operandSegmentSizes = array<i32: 1, 1, 0>}> : (memref<?x256x16xi32>, memref<?x256x16xi32>) -> ()
    }) {amoeba.source_iteration_control_binding = "amoeba-source-iteration-domain-v1\0Adomain_witness_bytes=235:amoeba-source-iteration-domain-v1\0Acomplete=1\0Arepresented_multiplicity=1280\0Ainternal_multiplicity=1\0Asource_multiplicity=1280\0Aaxis_count=3\0Aaxis=T,0,0,5,1,5,0,-1,0,0\0Aaxis=T,1,0,16,1,16,0,-1,0,0\0Aaxis=T,2,0,16,1,16,0,-1,0,0\0Areason_bytes=0:\0A\0A\22func.func\22() <{function_type = (memref<?x256x16xi32>, memref<?x16xi32>, memref<?x256x16xi32>, memref<?x256x16xi32>, index, i32, memref<?x256x16xi32>, memref<?x256x16xi32>) -> (), sym_name = \22__source_domain_binding__\22}> ({\0A^bb0(%arg0: memref<?x256x16xi32>, %arg1: memref<?x16xi32>, %arg2: memref<?x256x16xi32>, %arg3: memref<?x256x16xi32>, %arg4: index, %arg5: i32, %arg6: memref<?x256x16xi32>, %arg7: memref<?x256x16xi32>):\0A  %0:2 = \22taskflow.task\22(%arg0, %arg1, %arg2, %arg3, %arg4, %arg5, %arg6, %arg1, %arg7, %arg7) <{operandSegmentSizes = array<i32: 3, 1, 2, 3, 1>, resultSegmentSizes = array<i32: 1, 1, 0>, task_name = \22Task_14\22}> ({\0A  ^bb0(%arg8: memref<?x256x16xi32>, %arg9: memref<?x16xi32>, %arg10: memref<?x256x16xi32>, %arg11: memref<?x256x16xi32>, %arg12: index, %arg13: i32):\0A    %1 = \22arith.constant\22() <{value = 16 : index}> : () -> index\0A    %2 = \22arith.constant\22() <{value = 0 : index}> : () -> index\0A    %3 = \22arith.constant\22() <{value = 1 : index}> : () -> index\0A    %4 = \22taskflow.counter\22(%2, %arg12, %3) <{counter_dynamism = \22symbol_bound\22, counter_hierarchy = \22root\22, counter_id = 0 : i32}> : (index, index, index) -> index\0A    %5 = \22taskflow.counter\22(%4, %2, %1, %3) <{counter_dynamism = \22constant_bound\22, counter_hierarchy = \22relay\22, counter_id = 1 : i32}> : (index, index, index, index) -> index\0A    %6 = \22taskflow.counter\22(%5, %2, %1, %3) <{counter_dynamism = \22constant_bound\22, counter_hierarchy = \22leaf\22, counter_id = 2 : i32}> : (index, index, index, index) -> index\0A    \22neura.kernel\22(%arg13, %arg11, %arg8, %arg9, %arg12) <{accelerator = \22neura\22, operandSegmentSizes = array<i32: 5, 0>}> ({\0A    ^bb0(%arg14: !neura.data<i32, i1>, %arg15: !neura.data<memref<?x256x16xi32>, i1>, %arg16: !neura.data<memref<?x256x16xi32>, i1>, %arg17: !neura.data<memref<?x16xi32>, i1>, %arg18: !neura.data<index, i1>):\0A      %7 = \22neura.constant\22() <{value = \22%input1\22}> : () -> !neura.data<memref<?x256x16xi32>, i1>\0A      %8 = \22neura.constant\22() <{value = 0 : index}> : () -> !neura.data<index, i1>\0A      %9 = \22neura.constant\22() <{value = 1 : index}> : () -> !neura.data<index, i1>\0A      %10 = \22neura.counter\22() <{counter_dynamism = \22symbol_bound\22, counter_hierarchy = \22root\22, counter_id = 0 : i32, operandSegmentSizes = array<i32: 0, 0, 0>}> {lower_bound_value = 0 : index, step_value = 1 : index, upper_bound_value = \22%input4\22} : () -> !neura.data<index, i1>\0A      %11 = \22neura.counter\22() <{counter_dynamism = \22constant_bound\22, counter_hierarchy = \22relay\22, counter_id = 1 : i32, operandSegmentSizes = array<i32: 0, 0, 0>}> {lower_bound_value = 0 : index, step_value = 1 : index, upper_bound_value = 16 : index} : () -> !neura.data<index, i1>\0A      %12 = \22neura.counter\22() <{counter_dynamism = \22constant_bound\22, counter_hierarchy = \22leaf\22, counter_id = 2 : i32, operandSegmentSizes = array<i32: 0, 0, 0>}> {lower_bound_value = 0 : index, step_value = 1 : index, upper_bound_value = 16 : index} : () -> !neura.data<index, i1>\0A      %13 = \22neura.data_mov\22(%12) : (!neura.data<index, i1>) -> !neura.data<index, i1>\0A      %14 = \22neura.icmp\22(%13) <{cmpType = \22eq\22}> {rhs_value = 0 : index} : (!neura.data<index, i1>) -> !neura.data<i1, i1>\0A      %15 = \22neura.data_mov\22(%7) : (!neura.data<memref<?x256x16xi32>, i1>) -> !neura.data<memref<?x256x16xi32>, i1>\0A      %16 = \22neura.data_mov\22(%14) : (!neura.data<i1, i1>) -> !neura.data<i1, i1>\0A      %17 = \22neura.grant_predicate\22(%15, %16) : (!neura.data<memref<?x256x16xi32>, i1>, !neura.data<i1, i1>) -> !neura.data<memref<?x256x16xi32>, i1>\0A      %18 = \22neura.data_mov\22(%9) : (!neura.data<index, i1>) -> !neura.data<index, i1>\0A      %19 = \22neura.data_mov\22(%14) : (!neura.data<i1, i1>) -> !neura.data<i1, i1>\0A      %20 = \22neura.grant_predicate\22(%18, %19) : (!neura.data<index, i1>, !neura.data<i1, i1>) -> !neura.data<index, i1>\0A      %21 = \22neura.data_mov\22(%10) : (!neura.data<index, i1>) -> !neura.data<index, i1>\0A      %22 = \22neura.data_mov\22(%14) : (!neura.data<i1, i1>) -> !neura.data<i1, i1>\0A      %23 = \22neura.grant_predicate\22(%21, %22) : (!neura.data<index, i1>, !neura.data<i1, i1>) -> !neura.data<index, i1>\0A      %24 = \22neura.data_mov\22(%11) : (!neura.data<index, i1>) -> !neura.data<index, i1>\0A      %25 = \22neura.data_mov\22(%14) : (!neura.data<i1, i1>) -> !neura.data<i1, i1>\0A      %26 = \22neura.grant_predicate\22(%24, %25) : (!neura.data<index, i1>, !neura.data<i1, i1>) -> !neura.data<index, i1>\0A      %27 = \22neura.data_mov\22(%8) : (!neura.data<index, i1>) -> !neura.data<index, i1>\0A      %28 = \22neura.data_mov\22(%14) : (!neura.data<i1, i1>) -> !neura.data<i1, i1>\0A      %29 = \22neura.grant_predicate\22(%27, %28) : (!neura.data<index, i1>, !neura.data<i1, i1>) -> !neura.data<index, i1>\0A      %30 = \22neura.data_mov\22(%12) : (!neura.data<index, i1>) -> !neura.data<index, i1>\0A      %31 = \22neura.data_mov\22(%14) : (!neura.data<i1, i1>) -> !neura.data<i1, i1>\0A      %32 = \22neura.grant_predicate\22(%30, %31) : (!neura.data<index, i1>, !neura.data<i1, i1>) -> !neura.data<index, i1>\0A      %33 = \22neura.data_mov\22(%14) : (!neura.data<i1, i1>) -> !neura.data<i1, i1>\0A      %34 = \22neura.not\22(%33) : (!neura.data<i1, i1>) -> !neura.data<i1, i1>\0A      %35 = \22neura.data_mov\22(%8) : (!neura.data<index, i1>) -> !neura.data<index, i1>\0A      %36 = \22neura.data_mov\22(%34) : (!neura.data<i1, i1>) -> !neura.data<i1, i1>\0A      %37 = \22neura.grant_predicate\22(%35, %36) : (!neura.data<index, i1>, !neura.data<i1, i1>) -> !neura.data<index, i1>\0A      %38 = \22neura.data_mov\22(%10) : (!neura.data<index, i1>) -> !neura.data<index, i1>\0A      %39 = \22neura.data_mov\22(%34) : (!neura.data<i1, i1>) -> !neura.data<i1, i1>\0A      %40 = \22neura.grant_predicate\22(%38, %39) : (!neura.data<index, i1>, !neura.data<i1, i1>) -> !neura.data<index, i1>\0A      %41 = \22neura.data_mov\22(%12) : (!neura.data<index, i1>) -> !neura.data<index, i1>\0A      %42 = \22neura.data_mov\22(%34) : (!neura.data<i1, i1>) -> !neura.data<i1, i1>\0A      %43 = \22neura.grant_predicate\22(%41, %42) : (!neura.data<index, i1>, !neura.data<i1, i1>) -> !neura.data<index, i1>\0A      %44 = \22neura.data_mov\22(%11) : (!neura.data<index, i1>) -> !neura.data<index, i1>\0A      %45 = \22neura.data_mov\22(%34) : (!neura.data<i1, i1>) -> !neura.data<i1, i1>\0A      %46 = \22neura.grant_predicate\22(%44, %45) : (!neura.data<index, i1>, !neura.data<i1, i1>) -> !neura.data<index, i1>\0A      %47 = \22neura.data_mov\22(%9) : (!neura.data<index, i1>) -> !neura.data<index, i1>\0A      %48 = \22neura.data_mov\22(%34) : (!neura.data<i1, i1>) -> !neura.data<i1, i1>\0A      %49 = \22neura.grant_predicate\22(%47, %48) : (!neura.data<index, i1>, !neura.data<i1, i1>) -> !neura.data<index, i1>\0A      %50 = \22neura.data_mov\22(%17) : (!neura.data<memref<?x256x16xi32>, i1>) -> !neura.data<memref<?x256x16xi32>, i1>\0A      %51 = \22neura.data_mov\22(%20) : (!neura.data<index, i1>) -> !neura.data<index, i1>\0A      %52 = \22neura.data_mov\22(%23) : (!neura.data<index, i1>) -> !neura.data<index, i1>\0A      %53 = \22neura.data_mov\22(%26) : (!neura.data<index, i1>) -> !neura.data<index, i1>\0A      \22neura.store_indexed\22(%50, %51, %52, %53) <{operandSegmentSizes = array<i32: 0, 1, 3>}> {lhs_value = \22%input0\22} : (!neura.data<memref<?x256x16xi32>, i1>, !neura.data<index, i1>, !neura.data<index, i1>, !neura.data<index, i1>) -> ()\0A      %54 = \22neura.data_mov\22(%49) : (!neura.data<index, i1>) -> !neura.data<index, i1>\0A      %55 = \22neura.data_mov\22(%20) : (!neura.data<index, i1>) -> !neura.data<index, i1>\0A      %56 = \22neura.phi\22(%54, %55) : (!neura.data<index, i1>, !neura.data<index, i1>) -> !neura.data<index, i1>\0A      %57 = \22neura.data_mov\22(%46) : (!neura.data<index, i1>) -> !neura.data<index, i1>\0A      %58 = \22neura.data_mov\22(%26) : (!neura.data<index, i1>) -> !neura.data<index, i1>\0A      %59 = \22neura.phi\22(%57, %58) : (!neura.data<index, i1>, !neura.data<index, i1>) -> !neura.data<index, i1>\0A      %60 = \22neura.data_mov\22(%43) : (!neura.data<index, i1>) -> !neura.data<index, i1>\0A      %61 = \22neura.data_mov\22(%32) : (!neura.data<index, i1>) -> !neura.data<index, i1>\0A      %62 = \22neura.phi\22(%60, %61) : (!neura.data<index, i1>, !neura.data<index, i1>) -> !neura.data<index, i1>\0A      %63 = \22neura.data_mov\22(%40) : (!neura.data<index, i1>) -> !neura.data<index, i1>\0A      %64 = \22neura.data_mov\22(%23) : (!neura.data<index, i1>) -> !neura.data<index, i1>\0A      %65 = \22neura.phi\22(%63, %64) : (!neura.data<index, i1>, !neura.data<index, i1>) -> !neura.data<index, i1>\0A      %66 = \22neura.data_mov\22(%37) : (!neura.data<index, i1>) -> !neura.data<index, i1>\0A      %67 = \22neura.data_mov\22(%29) : (!neura.data<index, i1>) -> !neura.data<index, i1>\0A      %68 = \22neura.phi\22(%66, %67) : (!neura.data<index, i1>, !neura.data<index, i1>) -> !neura.data<index, i1>\0A      %69 = \22neura.data_mov\22(%68) : (!neura.data<index, i1>) -> !neura.data<index, i1>\0A      %70 = \22neura.data_mov\22(%65) : (!neura.data<index, i1>) -> !neura.data<index, i1>\0A      %71 = \22neura.data_mov\22(%62) : (!neura.data<index, i1>) -> !neura.data<index, i1>\0A      %72 = \22neura.load_indexed\22(%69, %70, %71) <{operandSegmentSizes = array<i32: 0, 3>}> {lhs_value = \22%input2\22} : (!neura.data<index, i1>, !neura.data<index, i1>, !neura.data<index, i1>) -> !neura.data<i32, i1>\0A      %73 = \22neura.data_mov\22(%62) : (!neura.data<index, i1>) -> !neura.data<index, i1>\0A      %74 = \22neura.data_mov\22(%59) : (!neura.data<index, i1>) -> !neura.data<index, i1>\0A      %75 = \22neura.load_indexed\22(%73, %74) <{operandSegmentSizes = array<i32: 0, 2>}> {lhs_value = \22%input3\22} : (!neura.data<index, i1>, !neura.data<index, i1>) -> !neura.data<i32, i1>\0A      %76 = \22neura.data_mov\22(%72) : (!neura.data<i32, i1>) -> !neura.data<i32, i1>\0A      %77 = \22neura.data_mov\22(%75) : (!neura.data<i32, i1>) -> !neura.data<i32, i1>\0A      %78 = \22neura.mul\22(%76, %77) : (!neura.data<i32, i1>, !neura.data<i32, i1>) -> !neura.data<i32, i1>\0A      %79 = \22neura.data_mov\22(%56) : (!neura.data<index, i1>) -> !neura.data<index, i1>\0A      %80 = \22neura.data_mov\22(%65) : (!neura.data<index, i1>) -> !neura.data<index, i1>\0A      %81 = \22neura.data_mov\22(%59) : (!neura.data<index, i1>) -> !neura.data<index, i1>\0A      %82 = \22neura.load_indexed\22(%79, %80, %81) <{operandSegmentSizes = array<i32: 0, 3>}> {lhs_value = \22%input1\22} : (!neura.data<index, i1>, !neura.data<index, i1>, !neura.data<index, i1>) -> !neura.data<i32, i1>\0A      %83 = \22neura.data_mov\22(%82) : (!neura.data<i32, i1>) -> !neura.data<i32, i1>\0A      %84 = \22neura.data_mov\22(%78) : (!neura.data<i32, i1>) -> !neura.data<i32, i1>\0A      %85 = \22neura.add\22(%83, %84) : (!neura.data<i32, i1>, !neura.data<i32, i1>) -> !neura.data<i32, i1>\0A      %86 = \22neura.data_mov\22(%85) : (!neura.data<i32, i1>) -> !neura.data<i32, i1>\0A      %87 = \22neura.data_mov\22(%56) : (!neura.data<index, i1>) -> !neura.data<index, i1>\0A      %88 = \22neura.data_mov\22(%65) : (!neura.data<index, i1>) -> !neura.data<index, i1>\0A      %89 = \22neura.data_mov\22(%59) : (!neura.data<index, i1>) -> !neura.data<index, i1>\0A      \22neura.store_indexed\22(%86, %87, %88, %89) <{operandSegmentSizes = array<i32: 1, 0, 3>}> {rhs_value = \22%input1\22} : (!neura.data<i32, i1>, !neura.data<index, i1>, !neura.data<index, i1>, !neura.data<index, i1>) -> ()\0A      \22neura.yield\22() <{operandSegmentSizes = array<i32: 0, 0>}> {yield_type = \22void\22} : () -> ()\0A    }) {dataflow_mode = \22predicate\22} : (i32, memref<?x256x16xi32>, memref<?x256x16xi32>, memref<?x16xi32>, index) -> ()\0A    \22taskflow.yield\22(%arg8, %arg11) <{operandSegmentSizes = array<i32: 1, 1, 0>}> : (memref<?x256x16xi32>, memref<?x256x16xi32>) -> ()\0A  }) {dlp_replicable = true, runtime_managable = true} : (memref<?x256x16xi32>, memref<?x16xi32>, memref<?x256x16xi32>, memref<?x256x16xi32>, index, i32, memref<?x256x16xi32>, memref<?x16xi32>, memref<?x256x16xi32>, memref<?x256x16xi32>) -> (memref<?x256x16xi32>, memref<?x256x16xi32>)\0A  \22func.return\22() : () -> ()\0A}) : () -> ()", amoeba.source_iteration_domain = {axes = [{carried_values = 0 : i64, expanded_inside_mapper_firing = false, extent = 5 : i64, kind = "taskflow-counter", lower = 0 : i64, ordinal = 0 : i64, parent_counter_ordinal = -1 : i64, result_uses = 0 : i64, step = 1 : i64, upper = 5 : i64}, {carried_values = 0 : i64, expanded_inside_mapper_firing = false, extent = 16 : i64, kind = "taskflow-counter", lower = 0 : i64, ordinal = 1 : i64, parent_counter_ordinal = -1 : i64, result_uses = 0 : i64, step = 1 : i64, upper = 16 : i64}, {carried_values = 0 : i64, expanded_inside_mapper_firing = false, extent = 16 : i64, kind = "taskflow-counter", lower = 0 : i64, ordinal = 2 : i64, parent_counter_ordinal = -1 : i64, result_uses = 0 : i64, step = 1 : i64, upper = 16 : i64}], canonical_witness = "amoeba-source-iteration-domain-v1\0Acomplete=1\0Arepresented_multiplicity=1280\0Ainternal_multiplicity=1\0Asource_multiplicity=1280\0Aaxis_count=3\0Aaxis=T,0,0,5,1,5,0,-1,0,0\0Aaxis=T,1,0,16,1,16,0,-1,0,0\0Aaxis=T,2,0,16,1,16,0,-1,0,0\0Areason_bytes=0:\0A", complete = true, internal_multiplicity = 1 : i64, represented_multiplicity = 1280 : i64, schema = "amoeba-source-iteration-domain-v1", source_multiplicity = 1280 : i64}, amoeba.source_iteration_source_control_binding = "amoeba-source-iteration-domain-v1\0Adomain_witness_bytes=235:amoeba-source-iteration-domain-v1\0Acomplete=1\0Arepresented_multiplicity=1280\0Ainternal_multiplicity=1\0Asource_multiplicity=1280\0Aaxis_count=3\0Aaxis=T,0,0,5,1,5,0,-1,0,0\0Aaxis=T,1,0,16,1,16,0,-1,0,0\0Aaxis=T,2,0,16,1,16,0,-1,0,0\0Areason_bytes=0:\0A\0A\22func.func\22() <{function_type = (memref<?x256x16xi32>, memref<?x16xi32>, memref<?x256x16xi32>, memref<?x256x16xi32>, index, i32, memref<?x256x16xi32>, memref<?x256x16xi32>) -> (), sym_name = \22__source_domain_binding__\22}> ({\0A^bb0(%arg0: memref<?x256x16xi32>, %arg1: memref<?x16xi32>, %arg2: memref<?x256x16xi32>, %arg3: memref<?x256x16xi32>, %arg4: index, %arg5: i32, %arg6: memref<?x256x16xi32>, %arg7: memref<?x256x16xi32>):\0A  %0:2 = \22taskflow.task\22(%arg0, %arg1, %arg2, %arg3, %arg4, %arg5, %arg6, %arg1, %arg7, %arg7) <{operandSegmentSizes = array<i32: 3, 1, 2, 3, 1>, resultSegmentSizes = array<i32: 1, 1, 0>, task_name = \22Task_14\22}> ({\0A  ^bb0(%arg8: memref<?x256x16xi32>, %arg9: memref<?x16xi32>, %arg10: memref<?x256x16xi32>, %arg11: memref<?x256x16xi32>, %arg12: index, %arg13: i32):\0A    %1 = \22arith.constant\22() <{value = 16 : index}> : () -> index\0A    %2 = \22arith.constant\22() <{value = 0 : index}> : () -> index\0A    %3 = \22arith.constant\22() <{value = 1 : index}> : () -> index\0A    %4 = \22taskflow.counter\22(%2, %arg12, %3) <{counter_dynamism = \22symbol_bound\22, counter_hierarchy = \22root\22, counter_id = 0 : i32}> : (index, index, index) -> index\0A    %5 = \22taskflow.counter\22(%4, %2, %1, %3) <{counter_dynamism = \22constant_bound\22, counter_hierarchy = \22relay\22, counter_id = 1 : i32}> : (index, index, index, index) -> index\0A    %6 = \22taskflow.counter\22(%5, %2, %1, %3) <{counter_dynamism = \22constant_bound\22, counter_hierarchy = \22leaf\22, counter_id = 2 : i32}> : (index, index, index, index) -> index\0A    \22neura.kernel\22(%arg13, %arg11, %arg8, %arg9, %arg12) <{accelerator = \22neura\22, operandSegmentSizes = array<i32: 5, 0>}> ({\0A    ^bb0(%arg14: !neura.data<i32, i1>, %arg15: !neura.data<memref<?x256x16xi32>, i1>, %arg16: !neura.data<memref<?x256x16xi32>, i1>, %arg17: !neura.data<memref<?x16xi32>, i1>, %arg18: !neura.data<index, i1>):\0A      %7 = \22neura.constant\22() <{value = \22%input1\22}> : () -> !neura.data<memref<?x256x16xi32>, i1>\0A      %8 = \22neura.constant\22() <{value = 0 : index}> : () -> !neura.data<index, i1>\0A      %9 = \22neura.constant\22() <{value = 1 : index}> : () -> !neura.data<index, i1>\0A      %10 = \22neura.counter\22() <{counter_dynamism = \22symbol_bound\22, counter_hierarchy = \22root\22, counter_id = 0 : i32, operandSegmentSizes = array<i32: 0, 0, 0>}> {lower_bound_value = 0 : index, step_value = 1 : index, upper_bound_value = \22%input4\22} : () -> !neura.data<index, i1>\0A      %11 = \22neura.counter\22() <{counter_dynamism = \22constant_bound\22, counter_hierarchy = \22relay\22, counter_id = 1 : i32, operandSegmentSizes = array<i32: 0, 0, 0>}> {lower_bound_value = 0 : index, step_value = 1 : index, upper_bound_value = 16 : index} : () -> !neura.data<index, i1>\0A      %12 = \22neura.counter\22() <{counter_dynamism = \22constant_bound\22, counter_hierarchy = \22leaf\22, counter_id = 2 : i32, operandSegmentSizes = array<i32: 0, 0, 0>}> {lower_bound_value = 0 : index, step_value = 1 : index, upper_bound_value = 16 : index} : () -> !neura.data<index, i1>\0A      %13 = \22neura.data_mov\22(%12) : (!neura.data<index, i1>) -> !neura.data<index, i1>\0A      %14 = \22neura.icmp\22(%13) <{cmpType = \22eq\22}> {rhs_value = 0 : index} : (!neura.data<index, i1>) -> !neura.data<i1, i1>\0A      %15 = \22neura.data_mov\22(%7) : (!neura.data<memref<?x256x16xi32>, i1>) -> !neura.data<memref<?x256x16xi32>, i1>\0A      %16 = \22neura.data_mov\22(%14) : (!neura.data<i1, i1>) -> !neura.data<i1, i1>\0A      %17 = \22neura.grant_predicate\22(%15, %16) : (!neura.data<memref<?x256x16xi32>, i1>, !neura.data<i1, i1>) -> !neura.data<memref<?x256x16xi32>, i1>\0A      %18 = \22neura.data_mov\22(%9) : (!neura.data<index, i1>) -> !neura.data<index, i1>\0A      %19 = \22neura.data_mov\22(%14) : (!neura.data<i1, i1>) -> !neura.data<i1, i1>\0A      %20 = \22neura.grant_predicate\22(%18, %19) : (!neura.data<index, i1>, !neura.data<i1, i1>) -> !neura.data<index, i1>\0A      %21 = \22neura.data_mov\22(%10) : (!neura.data<index, i1>) -> !neura.data<index, i1>\0A      %22 = \22neura.data_mov\22(%14) : (!neura.data<i1, i1>) -> !neura.data<i1, i1>\0A      %23 = \22neura.grant_predicate\22(%21, %22) : (!neura.data<index, i1>, !neura.data<i1, i1>) -> !neura.data<index, i1>\0A      %24 = \22neura.data_mov\22(%11) : (!neura.data<index, i1>) -> !neura.data<index, i1>\0A      %25 = \22neura.data_mov\22(%14) : (!neura.data<i1, i1>) -> !neura.data<i1, i1>\0A      %26 = \22neura.grant_predicate\22(%24, %25) : (!neura.data<index, i1>, !neura.data<i1, i1>) -> !neura.data<index, i1>\0A      %27 = \22neura.data_mov\22(%8) : (!neura.data<index, i1>) -> !neura.data<index, i1>\0A      %28 = \22neura.data_mov\22(%14) : (!neura.data<i1, i1>) -> !neura.data<i1, i1>\0A      %29 = \22neura.grant_predicate\22(%27, %28) : (!neura.data<index, i1>, !neura.data<i1, i1>) -> !neura.data<index, i1>\0A      %30 = \22neura.data_mov\22(%12) : (!neura.data<index, i1>) -> !neura.data<index, i1>\0A      %31 = \22neura.data_mov\22(%14) : (!neura.data<i1, i1>) -> !neura.data<i1, i1>\0A      %32 = \22neura.grant_predicate\22(%30, %31) : (!neura.data<index, i1>, !neura.data<i1, i1>) -> !neura.data<index, i1>\0A      %33 = \22neura.data_mov\22(%14) : (!neura.data<i1, i1>) -> !neura.data<i1, i1>\0A      %34 = \22neura.not\22(%33) : (!neura.data<i1, i1>) -> !neura.data<i1, i1>\0A      %35 = \22neura.data_mov\22(%8) : (!neura.data<index, i1>) -> !neura.data<index, i1>\0A      %36 = \22neura.data_mov\22(%34) : (!neura.data<i1, i1>) -> !neura.data<i1, i1>\0A      %37 = \22neura.grant_predicate\22(%35, %36) : (!neura.data<index, i1>, !neura.data<i1, i1>) -> !neura.data<index, i1>\0A      %38 = \22neura.data_mov\22(%10) : (!neura.data<index, i1>) -> !neura.data<index, i1>\0A      %39 = \22neura.data_mov\22(%34) : (!neura.data<i1, i1>) -> !neura.data<i1, i1>\0A      %40 = \22neura.grant_predicate\22(%38, %39) : (!neura.data<index, i1>, !neura.data<i1, i1>) -> !neura.data<index, i1>\0A      %41 = \22neura.data_mov\22(%12) : (!neura.data<index, i1>) -> !neura.data<index, i1>\0A      %42 = \22neura.data_mov\22(%34) : (!neura.data<i1, i1>) -> !neura.data<i1, i1>\0A      %43 = \22neura.grant_predicate\22(%41, %42) : (!neura.data<index, i1>, !neura.data<i1, i1>) -> !neura.data<index, i1>\0A      %44 = \22neura.data_mov\22(%11) : (!neura.data<index, i1>) -> !neura.data<index, i1>\0A      %45 = \22neura.data_mov\22(%34) : (!neura.data<i1, i1>) -> !neura.data<i1, i1>\0A      %46 = \22neura.grant_predicate\22(%44, %45) : (!neura.data<index, i1>, !neura.data<i1, i1>) -> !neura.data<index, i1>\0A      %47 = \22neura.data_mov\22(%9) : (!neura.data<index, i1>) -> !neura.data<index, i1>\0A      %48 = \22neura.data_mov\22(%34) : (!neura.data<i1, i1>) -> !neura.data<i1, i1>\0A      %49 = \22neura.grant_predicate\22(%47, %48) : (!neura.data<index, i1>, !neura.data<i1, i1>) -> !neura.data<index, i1>\0A      %50 = \22neura.data_mov\22(%17) : (!neura.data<memref<?x256x16xi32>, i1>) -> !neura.data<memref<?x256x16xi32>, i1>\0A      %51 = \22neura.data_mov\22(%20) : (!neura.data<index, i1>) -> !neura.data<index, i1>\0A      %52 = \22neura.data_mov\22(%23) : (!neura.data<index, i1>) -> !neura.data<index, i1>\0A      %53 = \22neura.data_mov\22(%26) : (!neura.data<index, i1>) -> !neura.data<index, i1>\0A      \22neura.store_indexed\22(%50, %51, %52, %53) <{operandSegmentSizes = array<i32: 0, 1, 3>}> {lhs_value = \22%input0\22} : (!neura.data<memref<?x256x16xi32>, i1>, !neura.data<index, i1>, !neura.data<index, i1>, !neura.data<index, i1>) -> ()\0A      %54 = \22neura.data_mov\22(%49) : (!neura.data<index, i1>) -> !neura.data<index, i1>\0A      %55 = \22neura.data_mov\22(%20) : (!neura.data<index, i1>) -> !neura.data<index, i1>\0A      %56 = \22neura.phi\22(%54, %55) : (!neura.data<index, i1>, !neura.data<index, i1>) -> !neura.data<index, i1>\0A      %57 = \22neura.data_mov\22(%46) : (!neura.data<index, i1>) -> !neura.data<index, i1>\0A      %58 = \22neura.data_mov\22(%26) : (!neura.data<index, i1>) -> !neura.data<index, i1>\0A      %59 = \22neura.phi\22(%57, %58) : (!neura.data<index, i1>, !neura.data<index, i1>) -> !neura.data<index, i1>\0A      %60 = \22neura.data_mov\22(%43) : (!neura.data<index, i1>) -> !neura.data<index, i1>\0A      %61 = \22neura.data_mov\22(%32) : (!neura.data<index, i1>) -> !neura.data<index, i1>\0A      %62 = \22neura.phi\22(%60, %61) : (!neura.data<index, i1>, !neura.data<index, i1>) -> !neura.data<index, i1>\0A      %63 = \22neura.data_mov\22(%40) : (!neura.data<index, i1>) -> !neura.data<index, i1>\0A      %64 = \22neura.data_mov\22(%23) : (!neura.data<index, i1>) -> !neura.data<index, i1>\0A      %65 = \22neura.phi\22(%63, %64) : (!neura.data<index, i1>, !neura.data<index, i1>) -> !neura.data<index, i1>\0A      %66 = \22neura.data_mov\22(%37) : (!neura.data<index, i1>) -> !neura.data<index, i1>\0A      %67 = \22neura.data_mov\22(%29) : (!neura.data<index, i1>) -> !neura.data<index, i1>\0A      %68 = \22neura.phi\22(%66, %67) : (!neura.data<index, i1>, !neura.data<index, i1>) -> !neura.data<index, i1>\0A      %69 = \22neura.data_mov\22(%68) : (!neura.data<index, i1>) -> !neura.data<index, i1>\0A      %70 = \22neura.data_mov\22(%65) : (!neura.data<index, i1>) -> !neura.data<index, i1>\0A      %71 = \22neura.data_mov\22(%62) : (!neura.data<index, i1>) -> !neura.data<index, i1>\0A      %72 = \22neura.load_indexed\22(%69, %70, %71) <{operandSegmentSizes = array<i32: 0, 3>}> {lhs_value = \22%input2\22} : (!neura.data<index, i1>, !neura.data<index, i1>, !neura.data<index, i1>) -> !neura.data<i32, i1>\0A      %73 = \22neura.data_mov\22(%62) : (!neura.data<index, i1>) -> !neura.data<index, i1>\0A      %74 = \22neura.data_mov\22(%59) : (!neura.data<index, i1>) -> !neura.data<index, i1>\0A      %75 = \22neura.load_indexed\22(%73, %74) <{operandSegmentSizes = array<i32: 0, 2>}> {lhs_value = \22%input3\22} : (!neura.data<index, i1>, !neura.data<index, i1>) -> !neura.data<i32, i1>\0A      %76 = \22neura.data_mov\22(%72) : (!neura.data<i32, i1>) -> !neura.data<i32, i1>\0A      %77 = \22neura.data_mov\22(%75) : (!neura.data<i32, i1>) -> !neura.data<i32, i1>\0A      %78 = \22neura.mul\22(%76, %77) : (!neura.data<i32, i1>, !neura.data<i32, i1>) -> !neura.data<i32, i1>\0A      %79 = \22neura.data_mov\22(%56) : (!neura.data<index, i1>) -> !neura.data<index, i1>\0A      %80 = \22neura.data_mov\22(%65) : (!neura.data<index, i1>) -> !neura.data<index, i1>\0A      %81 = \22neura.data_mov\22(%59) : (!neura.data<index, i1>) -> !neura.data<index, i1>\0A      %82 = \22neura.load_indexed\22(%79, %80, %81) <{operandSegmentSizes = array<i32: 0, 3>}> {lhs_value = \22%input1\22} : (!neura.data<index, i1>, !neura.data<index, i1>, !neura.data<index, i1>) -> !neura.data<i32, i1>\0A      %83 = \22neura.data_mov\22(%82) : (!neura.data<i32, i1>) -> !neura.data<i32, i1>\0A      %84 = \22neura.data_mov\22(%78) : (!neura.data<i32, i1>) -> !neura.data<i32, i1>\0A      %85 = \22neura.add\22(%83, %84) : (!neura.data<i32, i1>, !neura.data<i32, i1>) -> !neura.data<i32, i1>\0A      %86 = \22neura.data_mov\22(%85) : (!neura.data<i32, i1>) -> !neura.data<i32, i1>\0A      %87 = \22neura.data_mov\22(%56) : (!neura.data<index, i1>) -> !neura.data<index, i1>\0A      %88 = \22neura.data_mov\22(%65) : (!neura.data<index, i1>) -> !neura.data<index, i1>\0A      %89 = \22neura.data_mov\22(%59) : (!neura.data<index, i1>) -> !neura.data<index, i1>\0A      \22neura.store_indexed\22(%86, %87, %88, %89) <{operandSegmentSizes = array<i32: 1, 0, 3>}> {rhs_value = \22%input1\22} : (!neura.data<i32, i1>, !neura.data<index, i1>, !neura.data<index, i1>, !neura.data<index, i1>) -> ()\0A      \22neura.yield\22() <{operandSegmentSizes = array<i32: 0, 0>}> {yield_type = \22void\22} : () -> ()\0A    }) {dataflow_mode = \22predicate\22} : (i32, memref<?x256x16xi32>, memref<?x256x16xi32>, memref<?x16xi32>, index) -> ()\0A    \22taskflow.yield\22(%arg8, %arg11) <{operandSegmentSizes = array<i32: 1, 1, 0>}> : (memref<?x256x16xi32>, memref<?x256x16xi32>) -> ()\0A  }) {dlp_replicable = true, runtime_managable = true} : (memref<?x256x16xi32>, memref<?x16xi32>, memref<?x256x16xi32>, memref<?x256x16xi32>, index, i32, memref<?x256x16xi32>, memref<?x16xi32>, memref<?x256x16xi32>, memref<?x256x16xi32>) -> (memref<?x256x16xi32>, memref<?x256x16xi32>)\0A  \22func.return\22() : () -> ()\0A}) : () -> ()", dlp_replicable = true, runtime_managable = true} : (memref<?x256x16xi32>, memref<?x16xi32>, memref<?x256x16xi32>, memref<?x256x16xi32>, index, i32, memref<?x256x16xi32>, memref<?x16xi32>, memref<?x256x16xi32>, memref<?x256x16xi32>) -> (memref<?x256x16xi32>, memref<?x256x16xi32>)
    %20:2 = "taskflow.task"(%12, %18#2, %17, %18#1, %4, %3, %arg10, %arg13, %arg12, %arg12) <{operandSegmentSizes = array<i32: 3, 1, 2, 3, 1>, resultSegmentSizes = array<i32: 1, 1, 0>, task_name = "Task_15"}> ({
    ^bb0(%arg150: memref<?x256x256xi32>, %arg151: memref<?x256x16xi32>, %arg152: memref<?x256x16xi32>, %arg153: memref<?x256x16xi32>, %arg154: index, %arg155: i32):
      %1021 = "arith.constant"() <{value = 16 : index}> : () -> index
      %1022 = "arith.constant"() <{value = 0 : index}> : () -> index
      %1023 = "arith.constant"() <{value = 1 : index}> : () -> index
      %1024 = "taskflow.counter"(%1022, %arg154, %1023) <{counter_dynamism = "symbol_bound", counter_hierarchy = "root", counter_id = 0 : i32}> : (index, index, index) -> index
      %1025 = "taskflow.counter"(%1024, %1022, %1021, %1023) <{counter_dynamism = "constant_bound", counter_hierarchy = "relay", counter_id = 1 : i32}> : (index, index, index, index) -> index
      %1026 = "taskflow.counter"(%1025, %1022, %arg154, %1023) <{counter_dynamism = "symbol_bound", counter_hierarchy = "leaf", counter_id = 2 : i32}> : (index, index, index, index) -> index
      "neura.kernel"(%arg155, %arg153, %arg150, %arg151, %arg154) <{accelerator = "neura", operandSegmentSizes = array<i32: 5, 0>}> ({
      ^bb0(%arg156: !neura.data<i32, i1>, %arg157: !neura.data<memref<?x256x16xi32>, i1>, %arg158: !neura.data<memref<?x256x256xi32>, i1>, %arg159: !neura.data<memref<?x256x16xi32>, i1>, %arg160: !neura.data<index, i1>):
        %1027 = "neura.constant"() <{value = "%input1"}> : () -> !neura.data<memref<?x256x16xi32>, i1>
        %1028 = "neura.constant"() <{value = 4 : index}> : () -> !neura.data<index, i1>
        %1029 = "neura.constant"() <{value = 0 : index}> : () -> !neura.data<index, i1>
        %1030 = "neura.counter"() <{counter_dynamism = "symbol_bound", counter_hierarchy = "root", counter_id = 0 : i32, operandSegmentSizes = array<i32: 0, 0, 0>}> {lower_bound_value = 0 : index, step_value = 1 : index, upper_bound_value = "%input4"} : () -> !neura.data<index, i1>
        %1031 = "neura.counter"() <{counter_dynamism = "constant_bound", counter_hierarchy = "relay", counter_id = 1 : i32, operandSegmentSizes = array<i32: 0, 0, 0>}> {lower_bound_value = 0 : index, step_value = 1 : index, upper_bound_value = 16 : index} : () -> !neura.data<index, i1>
        %1032 = "neura.counter"() <{counter_dynamism = "symbol_bound", counter_hierarchy = "leaf", counter_id = 2 : i32, operandSegmentSizes = array<i32: 0, 0, 0>}> {lower_bound_value = 0 : index, step_value = 1 : index, upper_bound_value = "%input4"} : () -> !neura.data<index, i1>
        %1033 = "neura.data_mov"(%1032) : (!neura.data<index, i1>) -> !neura.data<index, i1>
        %1034 = "neura.icmp"(%1033) <{cmpType = "eq"}> {rhs_value = 0 : index} : (!neura.data<index, i1>) -> !neura.data<i1, i1>
        %1035 = "neura.data_mov"(%1027) : (!neura.data<memref<?x256x16xi32>, i1>) -> !neura.data<memref<?x256x16xi32>, i1>
        %1036 = "neura.data_mov"(%1034) : (!neura.data<i1, i1>) -> !neura.data<i1, i1>
        %1037 = "neura.grant_predicate"(%1035, %1036) : (!neura.data<memref<?x256x16xi32>, i1>, !neura.data<i1, i1>) -> !neura.data<memref<?x256x16xi32>, i1>
        %1038 = "neura.data_mov"(%1028) : (!neura.data<index, i1>) -> !neura.data<index, i1>
        %1039 = "neura.data_mov"(%1034) : (!neura.data<i1, i1>) -> !neura.data<i1, i1>
        %1040 = "neura.grant_predicate"(%1038, %1039) : (!neura.data<index, i1>, !neura.data<i1, i1>) -> !neura.data<index, i1>
        %1041 = "neura.data_mov"(%1030) : (!neura.data<index, i1>) -> !neura.data<index, i1>
        %1042 = "neura.data_mov"(%1034) : (!neura.data<i1, i1>) -> !neura.data<i1, i1>
        %1043 = "neura.grant_predicate"(%1041, %1042) : (!neura.data<index, i1>, !neura.data<i1, i1>) -> !neura.data<index, i1>
        %1044 = "neura.data_mov"(%1031) : (!neura.data<index, i1>) -> !neura.data<index, i1>
        %1045 = "neura.data_mov"(%1034) : (!neura.data<i1, i1>) -> !neura.data<i1, i1>
        %1046 = "neura.grant_predicate"(%1044, %1045) : (!neura.data<index, i1>, !neura.data<i1, i1>) -> !neura.data<index, i1>
        %1047 = "neura.data_mov"(%1029) : (!neura.data<index, i1>) -> !neura.data<index, i1>
        %1048 = "neura.data_mov"(%1034) : (!neura.data<i1, i1>) -> !neura.data<i1, i1>
        %1049 = "neura.grant_predicate"(%1047, %1048) : (!neura.data<index, i1>, !neura.data<i1, i1>) -> !neura.data<index, i1>
        %1050 = "neura.data_mov"(%1032) : (!neura.data<index, i1>) -> !neura.data<index, i1>
        %1051 = "neura.data_mov"(%1034) : (!neura.data<i1, i1>) -> !neura.data<i1, i1>
        %1052 = "neura.grant_predicate"(%1050, %1051) : (!neura.data<index, i1>, !neura.data<i1, i1>) -> !neura.data<index, i1>
        %1053 = "neura.data_mov"(%1034) : (!neura.data<i1, i1>) -> !neura.data<i1, i1>
        %1054 = "neura.not"(%1053) : (!neura.data<i1, i1>) -> !neura.data<i1, i1>
        %1055 = "neura.data_mov"(%1029) : (!neura.data<index, i1>) -> !neura.data<index, i1>
        %1056 = "neura.data_mov"(%1054) : (!neura.data<i1, i1>) -> !neura.data<i1, i1>
        %1057 = "neura.grant_predicate"(%1055, %1056) : (!neura.data<index, i1>, !neura.data<i1, i1>) -> !neura.data<index, i1>
        %1058 = "neura.data_mov"(%1030) : (!neura.data<index, i1>) -> !neura.data<index, i1>
        %1059 = "neura.data_mov"(%1054) : (!neura.data<i1, i1>) -> !neura.data<i1, i1>
        %1060 = "neura.grant_predicate"(%1058, %1059) : (!neura.data<index, i1>, !neura.data<i1, i1>) -> !neura.data<index, i1>
        %1061 = "neura.data_mov"(%1032) : (!neura.data<index, i1>) -> !neura.data<index, i1>
        %1062 = "neura.data_mov"(%1054) : (!neura.data<i1, i1>) -> !neura.data<i1, i1>
        %1063 = "neura.grant_predicate"(%1061, %1062) : (!neura.data<index, i1>, !neura.data<i1, i1>) -> !neura.data<index, i1>
        %1064 = "neura.data_mov"(%1031) : (!neura.data<index, i1>) -> !neura.data<index, i1>
        %1065 = "neura.data_mov"(%1054) : (!neura.data<i1, i1>) -> !neura.data<i1, i1>
        %1066 = "neura.grant_predicate"(%1064, %1065) : (!neura.data<index, i1>, !neura.data<i1, i1>) -> !neura.data<index, i1>
        %1067 = "neura.data_mov"(%1028) : (!neura.data<index, i1>) -> !neura.data<index, i1>
        %1068 = "neura.data_mov"(%1054) : (!neura.data<i1, i1>) -> !neura.data<i1, i1>
        %1069 = "neura.grant_predicate"(%1067, %1068) : (!neura.data<index, i1>, !neura.data<i1, i1>) -> !neura.data<index, i1>
        %1070 = "neura.data_mov"(%1037) : (!neura.data<memref<?x256x16xi32>, i1>) -> !neura.data<memref<?x256x16xi32>, i1>
        %1071 = "neura.data_mov"(%1040) : (!neura.data<index, i1>) -> !neura.data<index, i1>
        %1072 = "neura.data_mov"(%1043) : (!neura.data<index, i1>) -> !neura.data<index, i1>
        %1073 = "neura.data_mov"(%1046) : (!neura.data<index, i1>) -> !neura.data<index, i1>
        "neura.store_indexed"(%1070, %1071, %1072, %1073) <{operandSegmentSizes = array<i32: 0, 1, 3>}> {lhs_value = "%input0"} : (!neura.data<memref<?x256x16xi32>, i1>, !neura.data<index, i1>, !neura.data<index, i1>, !neura.data<index, i1>) -> ()
        %1074 = "neura.data_mov"(%1069) : (!neura.data<index, i1>) -> !neura.data<index, i1>
        %1075 = "neura.data_mov"(%1040) : (!neura.data<index, i1>) -> !neura.data<index, i1>
        %1076 = "neura.phi"(%1074, %1075) : (!neura.data<index, i1>, !neura.data<index, i1>) -> !neura.data<index, i1>
        %1077 = "neura.data_mov"(%1066) : (!neura.data<index, i1>) -> !neura.data<index, i1>
        %1078 = "neura.data_mov"(%1046) : (!neura.data<index, i1>) -> !neura.data<index, i1>
        %1079 = "neura.phi"(%1077, %1078) : (!neura.data<index, i1>, !neura.data<index, i1>) -> !neura.data<index, i1>
        %1080 = "neura.data_mov"(%1063) : (!neura.data<index, i1>) -> !neura.data<index, i1>
        %1081 = "neura.data_mov"(%1052) : (!neura.data<index, i1>) -> !neura.data<index, i1>
        %1082 = "neura.phi"(%1080, %1081) : (!neura.data<index, i1>, !neura.data<index, i1>) -> !neura.data<index, i1>
        %1083 = "neura.data_mov"(%1060) : (!neura.data<index, i1>) -> !neura.data<index, i1>
        %1084 = "neura.data_mov"(%1043) : (!neura.data<index, i1>) -> !neura.data<index, i1>
        %1085 = "neura.phi"(%1083, %1084) : (!neura.data<index, i1>, !neura.data<index, i1>) -> !neura.data<index, i1>
        %1086 = "neura.data_mov"(%1057) : (!neura.data<index, i1>) -> !neura.data<index, i1>
        %1087 = "neura.data_mov"(%1049) : (!neura.data<index, i1>) -> !neura.data<index, i1>
        %1088 = "neura.phi"(%1086, %1087) : (!neura.data<index, i1>, !neura.data<index, i1>) -> !neura.data<index, i1>
        %1089 = "neura.data_mov"(%1088) : (!neura.data<index, i1>) -> !neura.data<index, i1>
        %1090 = "neura.data_mov"(%1085) : (!neura.data<index, i1>) -> !neura.data<index, i1>
        %1091 = "neura.data_mov"(%1082) : (!neura.data<index, i1>) -> !neura.data<index, i1>
        %1092 = "neura.load_indexed"(%1089, %1090, %1091) <{operandSegmentSizes = array<i32: 0, 3>}> {lhs_value = "%input2"} : (!neura.data<index, i1>, !neura.data<index, i1>, !neura.data<index, i1>) -> !neura.data<i32, i1>
        %1093 = "neura.data_mov"(%1088) : (!neura.data<index, i1>) -> !neura.data<index, i1>
        %1094 = "neura.data_mov"(%1082) : (!neura.data<index, i1>) -> !neura.data<index, i1>
        %1095 = "neura.data_mov"(%1079) : (!neura.data<index, i1>) -> !neura.data<index, i1>
        %1096 = "neura.load_indexed"(%1093, %1094, %1095) <{operandSegmentSizes = array<i32: 0, 3>}> {lhs_value = "%input3"} : (!neura.data<index, i1>, !neura.data<index, i1>, !neura.data<index, i1>) -> !neura.data<i32, i1>
        %1097 = "neura.data_mov"(%1092) : (!neura.data<i32, i1>) -> !neura.data<i32, i1>
        %1098 = "neura.data_mov"(%1096) : (!neura.data<i32, i1>) -> !neura.data<i32, i1>
        %1099 = "neura.mul"(%1097, %1098) : (!neura.data<i32, i1>, !neura.data<i32, i1>) -> !neura.data<i32, i1>
        %1100 = "neura.data_mov"(%1076) : (!neura.data<index, i1>) -> !neura.data<index, i1>
        %1101 = "neura.data_mov"(%1085) : (!neura.data<index, i1>) -> !neura.data<index, i1>
        %1102 = "neura.data_mov"(%1079) : (!neura.data<index, i1>) -> !neura.data<index, i1>
        %1103 = "neura.load_indexed"(%1100, %1101, %1102) <{operandSegmentSizes = array<i32: 0, 3>}> {lhs_value = "%input1"} : (!neura.data<index, i1>, !neura.data<index, i1>, !neura.data<index, i1>) -> !neura.data<i32, i1>
        %1104 = "neura.data_mov"(%1103) : (!neura.data<i32, i1>) -> !neura.data<i32, i1>
        %1105 = "neura.data_mov"(%1099) : (!neura.data<i32, i1>) -> !neura.data<i32, i1>
        %1106 = "neura.add"(%1104, %1105) : (!neura.data<i32, i1>, !neura.data<i32, i1>) -> !neura.data<i32, i1>
        %1107 = "neura.data_mov"(%1106) : (!neura.data<i32, i1>) -> !neura.data<i32, i1>
        %1108 = "neura.data_mov"(%1076) : (!neura.data<index, i1>) -> !neura.data<index, i1>
        %1109 = "neura.data_mov"(%1085) : (!neura.data<index, i1>) -> !neura.data<index, i1>
        %1110 = "neura.data_mov"(%1079) : (!neura.data<index, i1>) -> !neura.data<index, i1>
        "neura.store_indexed"(%1107, %1108, %1109, %1110) <{operandSegmentSizes = array<i32: 1, 0, 3>}> {rhs_value = "%input1"} : (!neura.data<i32, i1>, !neura.data<index, i1>, !neura.data<index, i1>, !neura.data<index, i1>) -> ()
        "neura.yield"() <{operandSegmentSizes = array<i32: 0, 0>}> {yield_type = "void"} : () -> ()
      }) {dataflow_mode = "predicate"} : (i32, memref<?x256x16xi32>, memref<?x256x256xi32>, memref<?x256x16xi32>, index) -> ()
      "taskflow.yield"(%arg151, %arg153) <{operandSegmentSizes = array<i32: 1, 1, 0>}> : (memref<?x256x16xi32>, memref<?x256x16xi32>) -> ()
    }) {amoeba.source_iteration_control_binding = "amoeba-source-iteration-domain-v1\0Adomain_witness_bytes=231:amoeba-source-iteration-domain-v1\0Acomplete=1\0Arepresented_multiplicity=400\0Ainternal_multiplicity=1\0Asource_multiplicity=400\0Aaxis_count=3\0Aaxis=T,0,0,5,1,5,0,-1,0,0\0Aaxis=T,1,0,16,1,16,0,-1,0,0\0Aaxis=T,2,0,5,1,5,0,-1,0,0\0Areason_bytes=0:\0A\0A\22func.func\22() <{function_type = (memref<?x256x256xi32>, memref<?x256x16xi32>, memref<?x256x16xi32>, memref<?x256x16xi32>, index, i32, memref<?x256x256xi32>, memref<?x256x16xi32>, memref<?x256x16xi32>) -> (), sym_name = \22__source_domain_binding__\22}> ({\0A^bb0(%arg0: memref<?x256x256xi32>, %arg1: memref<?x256x16xi32>, %arg2: memref<?x256x16xi32>, %arg3: memref<?x256x16xi32>, %arg4: index, %arg5: i32, %arg6: memref<?x256x256xi32>, %arg7: memref<?x256x16xi32>, %arg8: memref<?x256x16xi32>):\0A  %0:2 = \22taskflow.task\22(%arg0, %arg1, %arg2, %arg3, %arg4, %arg5, %arg6, %arg7, %arg8, %arg8) <{operandSegmentSizes = array<i32: 3, 1, 2, 3, 1>, resultSegmentSizes = array<i32: 1, 1, 0>, task_name = \22Task_15\22}> ({\0A  ^bb0(%arg9: memref<?x256x256xi32>, %arg10: memref<?x256x16xi32>, %arg11: memref<?x256x16xi32>, %arg12: memref<?x256x16xi32>, %arg13: index, %arg14: i32):\0A    %1 = \22arith.constant\22() <{value = 16 : index}> : () -> index\0A    %2 = \22arith.constant\22() <{value = 0 : index}> : () -> index\0A    %3 = \22arith.constant\22() <{value = 1 : index}> : () -> index\0A    %4 = \22taskflow.counter\22(%2, %arg13, %3) <{counter_dynamism = \22symbol_bound\22, counter_hierarchy = \22root\22, counter_id = 0 : i32}> : (index, index, index) -> index\0A    %5 = \22taskflow.counter\22(%4, %2, %1, %3) <{counter_dynamism = \22constant_bound\22, counter_hierarchy = \22relay\22, counter_id = 1 : i32}> : (index, index, index, index) -> index\0A    %6 = \22taskflow.counter\22(%5, %2, %arg13, %3) <{counter_dynamism = \22symbol_bound\22, counter_hierarchy = \22leaf\22, counter_id = 2 : i32}> : (index, index, index, index) -> index\0A    \22neura.kernel\22(%arg14, %arg12, %arg9, %arg10, %arg13) <{accelerator = \22neura\22, operandSegmentSizes = array<i32: 5, 0>}> ({\0A    ^bb0(%arg15: !neura.data<i32, i1>, %arg16: !neura.data<memref<?x256x16xi32>, i1>, %arg17: !neura.data<memref<?x256x256xi32>, i1>, %arg18: !neura.data<memref<?x256x16xi32>, i1>, %arg19: !neura.data<index, i1>):\0A      %7 = \22neura.constant\22() <{value = \22%input1\22}> : () -> !neura.data<memref<?x256x16xi32>, i1>\0A      %8 = \22neura.constant\22() <{value = 4 : index}> : () -> !neura.data<index, i1>\0A      %9 = \22neura.constant\22() <{value = 0 : index}> : () -> !neura.data<index, i1>\0A      %10 = \22neura.counter\22() <{counter_dynamism = \22symbol_bound\22, counter_hierarchy = \22root\22, counter_id = 0 : i32, operandSegmentSizes = array<i32: 0, 0, 0>}> {lower_bound_value = 0 : index, step_value = 1 : index, upper_bound_value = \22%input4\22} : () -> !neura.data<index, i1>\0A      %11 = \22neura.counter\22() <{counter_dynamism = \22constant_bound\22, counter_hierarchy = \22relay\22, counter_id = 1 : i32, operandSegmentSizes = array<i32: 0, 0, 0>}> {lower_bound_value = 0 : index, step_value = 1 : index, upper_bound_value = 16 : index} : () -> !neura.data<index, i1>\0A      %12 = \22neura.counter\22() <{counter_dynamism = \22symbol_bound\22, counter_hierarchy = \22leaf\22, counter_id = 2 : i32, operandSegmentSizes = array<i32: 0, 0, 0>}> {lower_bound_value = 0 : index, step_value = 1 : index, upper_bound_value = \22%input4\22} : () -> !neura.data<index, i1>\0A      %13 = \22neura.data_mov\22(%12) : (!neura.data<index, i1>) -> !neura.data<index, i1>\0A      %14 = \22neura.icmp\22(%13) <{cmpType = \22eq\22}> {rhs_value = 0 : index} : (!neura.data<index, i1>) -> !neura.data<i1, i1>\0A      %15 = \22neura.data_mov\22(%7) : (!neura.data<memref<?x256x16xi32>, i1>) -> !neura.data<memref<?x256x16xi32>, i1>\0A      %16 = \22neura.data_mov\22(%14) : (!neura.data<i1, i1>) -> !neura.data<i1, i1>\0A      %17 = \22neura.grant_predicate\22(%15, %16) : (!neura.data<memref<?x256x16xi32>, i1>, !neura.data<i1, i1>) -> !neura.data<memref<?x256x16xi32>, i1>\0A      %18 = \22neura.data_mov\22(%8) : (!neura.data<index, i1>) -> !neura.data<index, i1>\0A      %19 = \22neura.data_mov\22(%14) : (!neura.data<i1, i1>) -> !neura.data<i1, i1>\0A      %20 = \22neura.grant_predicate\22(%18, %19) : (!neura.data<index, i1>, !neura.data<i1, i1>) -> !neura.data<index, i1>\0A      %21 = \22neura.data_mov\22(%10) : (!neura.data<index, i1>) -> !neura.data<index, i1>\0A      %22 = \22neura.data_mov\22(%14) : (!neura.data<i1, i1>) -> !neura.data<i1, i1>\0A      %23 = \22neura.grant_predicate\22(%21, %22) : (!neura.data<index, i1>, !neura.data<i1, i1>) -> !neura.data<index, i1>\0A      %24 = \22neura.data_mov\22(%11) : (!neura.data<index, i1>) -> !neura.data<index, i1>\0A      %25 = \22neura.data_mov\22(%14) : (!neura.data<i1, i1>) -> !neura.data<i1, i1>\0A      %26 = \22neura.grant_predicate\22(%24, %25) : (!neura.data<index, i1>, !neura.data<i1, i1>) -> !neura.data<index, i1>\0A      %27 = \22neura.data_mov\22(%9) : (!neura.data<index, i1>) -> !neura.data<index, i1>\0A      %28 = \22neura.data_mov\22(%14) : (!neura.data<i1, i1>) -> !neura.data<i1, i1>\0A      %29 = \22neura.grant_predicate\22(%27, %28) : (!neura.data<index, i1>, !neura.data<i1, i1>) -> !neura.data<index, i1>\0A      %30 = \22neura.data_mov\22(%12) : (!neura.data<index, i1>) -> !neura.data<index, i1>\0A      %31 = \22neura.data_mov\22(%14) : (!neura.data<i1, i1>) -> !neura.data<i1, i1>\0A      %32 = \22neura.grant_predicate\22(%30, %31) : (!neura.data<index, i1>, !neura.data<i1, i1>) -> !neura.data<index, i1>\0A      %33 = \22neura.data_mov\22(%14) : (!neura.data<i1, i1>) -> !neura.data<i1, i1>\0A      %34 = \22neura.not\22(%33) : (!neura.data<i1, i1>) -> !neura.data<i1, i1>\0A      %35 = \22neura.data_mov\22(%9) : (!neura.data<index, i1>) -> !neura.data<index, i1>\0A      %36 = \22neura.data_mov\22(%34) : (!neura.data<i1, i1>) -> !neura.data<i1, i1>\0A      %37 = \22neura.grant_predicate\22(%35, %36) : (!neura.data<index, i1>, !neura.data<i1, i1>) -> !neura.data<index, i1>\0A      %38 = \22neura.data_mov\22(%10) : (!neura.data<index, i1>) -> !neura.data<index, i1>\0A      %39 = \22neura.data_mov\22(%34) : (!neura.data<i1, i1>) -> !neura.data<i1, i1>\0A      %40 = \22neura.grant_predicate\22(%38, %39) : (!neura.data<index, i1>, !neura.data<i1, i1>) -> !neura.data<index, i1>\0A      %41 = \22neura.data_mov\22(%12) : (!neura.data<index, i1>) -> !neura.data<index, i1>\0A      %42 = \22neura.data_mov\22(%34) : (!neura.data<i1, i1>) -> !neura.data<i1, i1>\0A      %43 = \22neura.grant_predicate\22(%41, %42) : (!neura.data<index, i1>, !neura.data<i1, i1>) -> !neura.data<index, i1>\0A      %44 = \22neura.data_mov\22(%11) : (!neura.data<index, i1>) -> !neura.data<index, i1>\0A      %45 = \22neura.data_mov\22(%34) : (!neura.data<i1, i1>) -> !neura.data<i1, i1>\0A      %46 = \22neura.grant_predicate\22(%44, %45) : (!neura.data<index, i1>, !neura.data<i1, i1>) -> !neura.data<index, i1>\0A      %47 = \22neura.data_mov\22(%8) : (!neura.data<index, i1>) -> !neura.data<index, i1>\0A      %48 = \22neura.data_mov\22(%34) : (!neura.data<i1, i1>) -> !neura.data<i1, i1>\0A      %49 = \22neura.grant_predicate\22(%47, %48) : (!neura.data<index, i1>, !neura.data<i1, i1>) -> !neura.data<index, i1>\0A      %50 = \22neura.data_mov\22(%17) : (!neura.data<memref<?x256x16xi32>, i1>) -> !neura.data<memref<?x256x16xi32>, i1>\0A      %51 = \22neura.data_mov\22(%20) : (!neura.data<index, i1>) -> !neura.data<index, i1>\0A      %52 = \22neura.data_mov\22(%23) : (!neura.data<index, i1>) -> !neura.data<index, i1>\0A      %53 = \22neura.data_mov\22(%26) : (!neura.data<index, i1>) -> !neura.data<index, i1>\0A      \22neura.store_indexed\22(%50, %51, %52, %53) <{operandSegmentSizes = array<i32: 0, 1, 3>}> {lhs_value = \22%input0\22} : (!neura.data<memref<?x256x16xi32>, i1>, !neura.data<index, i1>, !neura.data<index, i1>, !neura.data<index, i1>) -> ()\0A      %54 = \22neura.data_mov\22(%49) : (!neura.data<index, i1>) -> !neura.data<index, i1>\0A      %55 = \22neura.data_mov\22(%20) : (!neura.data<index, i1>) -> !neura.data<index, i1>\0A      %56 = \22neura.phi\22(%54, %55) : (!neura.data<index, i1>, !neura.data<index, i1>) -> !neura.data<index, i1>\0A      %57 = \22neura.data_mov\22(%46) : (!neura.data<index, i1>) -> !neura.data<index, i1>\0A      %58 = \22neura.data_mov\22(%26) : (!neura.data<index, i1>) -> !neura.data<index, i1>\0A      %59 = \22neura.phi\22(%57, %58) : (!neura.data<index, i1>, !neura.data<index, i1>) -> !neura.data<index, i1>\0A      %60 = \22neura.data_mov\22(%43) : (!neura.data<index, i1>) -> !neura.data<index, i1>\0A      %61 = \22neura.data_mov\22(%32) : (!neura.data<index, i1>) -> !neura.data<index, i1>\0A      %62 = \22neura.phi\22(%60, %61) : (!neura.data<index, i1>, !neura.data<index, i1>) -> !neura.data<index, i1>\0A      %63 = \22neura.data_mov\22(%40) : (!neura.data<index, i1>) -> !neura.data<index, i1>\0A      %64 = \22neura.data_mov\22(%23) : (!neura.data<index, i1>) -> !neura.data<index, i1>\0A      %65 = \22neura.phi\22(%63, %64) : (!neura.data<index, i1>, !neura.data<index, i1>) -> !neura.data<index, i1>\0A      %66 = \22neura.data_mov\22(%37) : (!neura.data<index, i1>) -> !neura.data<index, i1>\0A      %67 = \22neura.data_mov\22(%29) : (!neura.data<index, i1>) -> !neura.data<index, i1>\0A      %68 = \22neura.phi\22(%66, %67) : (!neura.data<index, i1>, !neura.data<index, i1>) -> !neura.data<index, i1>\0A      %69 = \22neura.data_mov\22(%68) : (!neura.data<index, i1>) -> !neura.data<index, i1>\0A      %70 = \22neura.data_mov\22(%65) : (!neura.data<index, i1>) -> !neura.data<index, i1>\0A      %71 = \22neura.data_mov\22(%62) : (!neura.data<index, i1>) -> !neura.data<index, i1>\0A      %72 = \22neura.load_indexed\22(%69, %70, %71) <{operandSegmentSizes = array<i32: 0, 3>}> {lhs_value = \22%input2\22} : (!neura.data<index, i1>, !neura.data<index, i1>, !neura.data<index, i1>) -> !neura.data<i32, i1>\0A      %73 = \22neura.data_mov\22(%68) : (!neura.data<index, i1>) -> !neura.data<index, i1>\0A      %74 = \22neura.data_mov\22(%62) : (!neura.data<index, i1>) -> !neura.data<index, i1>\0A      %75 = \22neura.data_mov\22(%59) : (!neura.data<index, i1>) -> !neura.data<index, i1>\0A      %76 = \22neura.load_indexed\22(%73, %74, %75) <{operandSegmentSizes = array<i32: 0, 3>}> {lhs_value = \22%input3\22} : (!neura.data<index, i1>, !neura.data<index, i1>, !neura.data<index, i1>) -> !neura.data<i32, i1>\0A      %77 = \22neura.data_mov\22(%72) : (!neura.data<i32, i1>) -> !neura.data<i32, i1>\0A      %78 = \22neura.data_mov\22(%76) : (!neura.data<i32, i1>) -> !neura.data<i32, i1>\0A      %79 = \22neura.mul\22(%77, %78) : (!neura.data<i32, i1>, !neura.data<i32, i1>) -> !neura.data<i32, i1>\0A      %80 = \22neura.data_mov\22(%56) : (!neura.data<index, i1>) -> !neura.data<index, i1>\0A      %81 = \22neura.data_mov\22(%65) : (!neura.data<index, i1>) -> !neura.data<index, i1>\0A      %82 = \22neura.data_mov\22(%59) : (!neura.data<index, i1>) -> !neura.data<index, i1>\0A      %83 = \22neura.load_indexed\22(%80, %81, %82) <{operandSegmentSizes = array<i32: 0, 3>}> {lhs_value = \22%input1\22} : (!neura.data<index, i1>, !neura.data<index, i1>, !neura.data<index, i1>) -> !neura.data<i32, i1>\0A      %84 = \22neura.data_mov\22(%83) : (!neura.data<i32, i1>) -> !neura.data<i32, i1>\0A      %85 = \22neura.data_mov\22(%79) : (!neura.data<i32, i1>) -> !neura.data<i32, i1>\0A      %86 = \22neura.add\22(%84, %85) : (!neura.data<i32, i1>, !neura.data<i32, i1>) -> !neura.data<i32, i1>\0A      %87 = \22neura.data_mov\22(%86) : (!neura.data<i32, i1>) -> !neura.data<i32, i1>\0A      %88 = \22neura.data_mov\22(%56) : (!neura.data<index, i1>) -> !neura.data<index, i1>\0A      %89 = \22neura.data_mov\22(%65) : (!neura.data<index, i1>) -> !neura.data<index, i1>\0A      %90 = \22neura.data_mov\22(%59) : (!neura.data<index, i1>) -> !neura.data<index, i1>\0A      \22neura.store_indexed\22(%87, %88, %89, %90) <{operandSegmentSizes = array<i32: 1, 0, 3>}> {rhs_value = \22%input1\22} : (!neura.data<i32, i1>, !neura.data<index, i1>, !neura.data<index, i1>, !neura.data<index, i1>) -> ()\0A      \22neura.yield\22() <{operandSegmentSizes = array<i32: 0, 0>}> {yield_type = \22void\22} : () -> ()\0A    }) {dataflow_mode = \22predicate\22} : (i32, memref<?x256x16xi32>, memref<?x256x256xi32>, memref<?x256x16xi32>, index) -> ()\0A    \22taskflow.yield\22(%arg10, %arg12) <{operandSegmentSizes = array<i32: 1, 1, 0>}> : (memref<?x256x16xi32>, memref<?x256x16xi32>) -> ()\0A  }) {dlp_replicable = true, runtime_managable = true} : (memref<?x256x256xi32>, memref<?x256x16xi32>, memref<?x256x16xi32>, memref<?x256x16xi32>, index, i32, memref<?x256x256xi32>, memref<?x256x16xi32>, memref<?x256x16xi32>, memref<?x256x16xi32>) -> (memref<?x256x16xi32>, memref<?x256x16xi32>)\0A  \22func.return\22() : () -> ()\0A}) : () -> ()", amoeba.source_iteration_domain = {axes = [{carried_values = 0 : i64, expanded_inside_mapper_firing = false, extent = 5 : i64, kind = "taskflow-counter", lower = 0 : i64, ordinal = 0 : i64, parent_counter_ordinal = -1 : i64, result_uses = 0 : i64, step = 1 : i64, upper = 5 : i64}, {carried_values = 0 : i64, expanded_inside_mapper_firing = false, extent = 16 : i64, kind = "taskflow-counter", lower = 0 : i64, ordinal = 1 : i64, parent_counter_ordinal = -1 : i64, result_uses = 0 : i64, step = 1 : i64, upper = 16 : i64}, {carried_values = 0 : i64, expanded_inside_mapper_firing = false, extent = 5 : i64, kind = "taskflow-counter", lower = 0 : i64, ordinal = 2 : i64, parent_counter_ordinal = -1 : i64, result_uses = 0 : i64, step = 1 : i64, upper = 5 : i64}], canonical_witness = "amoeba-source-iteration-domain-v1\0Acomplete=1\0Arepresented_multiplicity=400\0Ainternal_multiplicity=1\0Asource_multiplicity=400\0Aaxis_count=3\0Aaxis=T,0,0,5,1,5,0,-1,0,0\0Aaxis=T,1,0,16,1,16,0,-1,0,0\0Aaxis=T,2,0,5,1,5,0,-1,0,0\0Areason_bytes=0:\0A", complete = true, internal_multiplicity = 1 : i64, represented_multiplicity = 400 : i64, schema = "amoeba-source-iteration-domain-v1", source_multiplicity = 400 : i64}, amoeba.source_iteration_source_control_binding = "amoeba-source-iteration-domain-v1\0Adomain_witness_bytes=231:amoeba-source-iteration-domain-v1\0Acomplete=1\0Arepresented_multiplicity=400\0Ainternal_multiplicity=1\0Asource_multiplicity=400\0Aaxis_count=3\0Aaxis=T,0,0,5,1,5,0,-1,0,0\0Aaxis=T,1,0,16,1,16,0,-1,0,0\0Aaxis=T,2,0,5,1,5,0,-1,0,0\0Areason_bytes=0:\0A\0A\22func.func\22() <{function_type = (memref<?x256x256xi32>, memref<?x256x16xi32>, memref<?x256x16xi32>, memref<?x256x16xi32>, index, i32, memref<?x256x256xi32>, memref<?x256x16xi32>, memref<?x256x16xi32>) -> (), sym_name = \22__source_domain_binding__\22}> ({\0A^bb0(%arg0: memref<?x256x256xi32>, %arg1: memref<?x256x16xi32>, %arg2: memref<?x256x16xi32>, %arg3: memref<?x256x16xi32>, %arg4: index, %arg5: i32, %arg6: memref<?x256x256xi32>, %arg7: memref<?x256x16xi32>, %arg8: memref<?x256x16xi32>):\0A  %0:2 = \22taskflow.task\22(%arg0, %arg1, %arg2, %arg3, %arg4, %arg5, %arg6, %arg7, %arg8, %arg8) <{operandSegmentSizes = array<i32: 3, 1, 2, 3, 1>, resultSegmentSizes = array<i32: 1, 1, 0>, task_name = \22Task_15\22}> ({\0A  ^bb0(%arg9: memref<?x256x256xi32>, %arg10: memref<?x256x16xi32>, %arg11: memref<?x256x16xi32>, %arg12: memref<?x256x16xi32>, %arg13: index, %arg14: i32):\0A    %1 = \22arith.constant\22() <{value = 16 : index}> : () -> index\0A    %2 = \22arith.constant\22() <{value = 0 : index}> : () -> index\0A    %3 = \22arith.constant\22() <{value = 1 : index}> : () -> index\0A    %4 = \22taskflow.counter\22(%2, %arg13, %3) <{counter_dynamism = \22symbol_bound\22, counter_hierarchy = \22root\22, counter_id = 0 : i32}> : (index, index, index) -> index\0A    %5 = \22taskflow.counter\22(%4, %2, %1, %3) <{counter_dynamism = \22constant_bound\22, counter_hierarchy = \22relay\22, counter_id = 1 : i32}> : (index, index, index, index) -> index\0A    %6 = \22taskflow.counter\22(%5, %2, %arg13, %3) <{counter_dynamism = \22symbol_bound\22, counter_hierarchy = \22leaf\22, counter_id = 2 : i32}> : (index, index, index, index) -> index\0A    \22neura.kernel\22(%arg14, %arg12, %arg9, %arg10, %arg13) <{accelerator = \22neura\22, operandSegmentSizes = array<i32: 5, 0>}> ({\0A    ^bb0(%arg15: !neura.data<i32, i1>, %arg16: !neura.data<memref<?x256x16xi32>, i1>, %arg17: !neura.data<memref<?x256x256xi32>, i1>, %arg18: !neura.data<memref<?x256x16xi32>, i1>, %arg19: !neura.data<index, i1>):\0A      %7 = \22neura.constant\22() <{value = \22%input1\22}> : () -> !neura.data<memref<?x256x16xi32>, i1>\0A      %8 = \22neura.constant\22() <{value = 4 : index}> : () -> !neura.data<index, i1>\0A      %9 = \22neura.constant\22() <{value = 0 : index}> : () -> !neura.data<index, i1>\0A      %10 = \22neura.counter\22() <{counter_dynamism = \22symbol_bound\22, counter_hierarchy = \22root\22, counter_id = 0 : i32, operandSegmentSizes = array<i32: 0, 0, 0>}> {lower_bound_value = 0 : index, step_value = 1 : index, upper_bound_value = \22%input4\22} : () -> !neura.data<index, i1>\0A      %11 = \22neura.counter\22() <{counter_dynamism = \22constant_bound\22, counter_hierarchy = \22relay\22, counter_id = 1 : i32, operandSegmentSizes = array<i32: 0, 0, 0>}> {lower_bound_value = 0 : index, step_value = 1 : index, upper_bound_value = 16 : index} : () -> !neura.data<index, i1>\0A      %12 = \22neura.counter\22() <{counter_dynamism = \22symbol_bound\22, counter_hierarchy = \22leaf\22, counter_id = 2 : i32, operandSegmentSizes = array<i32: 0, 0, 0>}> {lower_bound_value = 0 : index, step_value = 1 : index, upper_bound_value = \22%input4\22} : () -> !neura.data<index, i1>\0A      %13 = \22neura.data_mov\22(%12) : (!neura.data<index, i1>) -> !neura.data<index, i1>\0A      %14 = \22neura.icmp\22(%13) <{cmpType = \22eq\22}> {rhs_value = 0 : index} : (!neura.data<index, i1>) -> !neura.data<i1, i1>\0A      %15 = \22neura.data_mov\22(%7) : (!neura.data<memref<?x256x16xi32>, i1>) -> !neura.data<memref<?x256x16xi32>, i1>\0A      %16 = \22neura.data_mov\22(%14) : (!neura.data<i1, i1>) -> !neura.data<i1, i1>\0A      %17 = \22neura.grant_predicate\22(%15, %16) : (!neura.data<memref<?x256x16xi32>, i1>, !neura.data<i1, i1>) -> !neura.data<memref<?x256x16xi32>, i1>\0A      %18 = \22neura.data_mov\22(%8) : (!neura.data<index, i1>) -> !neura.data<index, i1>\0A      %19 = \22neura.data_mov\22(%14) : (!neura.data<i1, i1>) -> !neura.data<i1, i1>\0A      %20 = \22neura.grant_predicate\22(%18, %19) : (!neura.data<index, i1>, !neura.data<i1, i1>) -> !neura.data<index, i1>\0A      %21 = \22neura.data_mov\22(%10) : (!neura.data<index, i1>) -> !neura.data<index, i1>\0A      %22 = \22neura.data_mov\22(%14) : (!neura.data<i1, i1>) -> !neura.data<i1, i1>\0A      %23 = \22neura.grant_predicate\22(%21, %22) : (!neura.data<index, i1>, !neura.data<i1, i1>) -> !neura.data<index, i1>\0A      %24 = \22neura.data_mov\22(%11) : (!neura.data<index, i1>) -> !neura.data<index, i1>\0A      %25 = \22neura.data_mov\22(%14) : (!neura.data<i1, i1>) -> !neura.data<i1, i1>\0A      %26 = \22neura.grant_predicate\22(%24, %25) : (!neura.data<index, i1>, !neura.data<i1, i1>) -> !neura.data<index, i1>\0A      %27 = \22neura.data_mov\22(%9) : (!neura.data<index, i1>) -> !neura.data<index, i1>\0A      %28 = \22neura.data_mov\22(%14) : (!neura.data<i1, i1>) -> !neura.data<i1, i1>\0A      %29 = \22neura.grant_predicate\22(%27, %28) : (!neura.data<index, i1>, !neura.data<i1, i1>) -> !neura.data<index, i1>\0A      %30 = \22neura.data_mov\22(%12) : (!neura.data<index, i1>) -> !neura.data<index, i1>\0A      %31 = \22neura.data_mov\22(%14) : (!neura.data<i1, i1>) -> !neura.data<i1, i1>\0A      %32 = \22neura.grant_predicate\22(%30, %31) : (!neura.data<index, i1>, !neura.data<i1, i1>) -> !neura.data<index, i1>\0A      %33 = \22neura.data_mov\22(%14) : (!neura.data<i1, i1>) -> !neura.data<i1, i1>\0A      %34 = \22neura.not\22(%33) : (!neura.data<i1, i1>) -> !neura.data<i1, i1>\0A      %35 = \22neura.data_mov\22(%9) : (!neura.data<index, i1>) -> !neura.data<index, i1>\0A      %36 = \22neura.data_mov\22(%34) : (!neura.data<i1, i1>) -> !neura.data<i1, i1>\0A      %37 = \22neura.grant_predicate\22(%35, %36) : (!neura.data<index, i1>, !neura.data<i1, i1>) -> !neura.data<index, i1>\0A      %38 = \22neura.data_mov\22(%10) : (!neura.data<index, i1>) -> !neura.data<index, i1>\0A      %39 = \22neura.data_mov\22(%34) : (!neura.data<i1, i1>) -> !neura.data<i1, i1>\0A      %40 = \22neura.grant_predicate\22(%38, %39) : (!neura.data<index, i1>, !neura.data<i1, i1>) -> !neura.data<index, i1>\0A      %41 = \22neura.data_mov\22(%12) : (!neura.data<index, i1>) -> !neura.data<index, i1>\0A      %42 = \22neura.data_mov\22(%34) : (!neura.data<i1, i1>) -> !neura.data<i1, i1>\0A      %43 = \22neura.grant_predicate\22(%41, %42) : (!neura.data<index, i1>, !neura.data<i1, i1>) -> !neura.data<index, i1>\0A      %44 = \22neura.data_mov\22(%11) : (!neura.data<index, i1>) -> !neura.data<index, i1>\0A      %45 = \22neura.data_mov\22(%34) : (!neura.data<i1, i1>) -> !neura.data<i1, i1>\0A      %46 = \22neura.grant_predicate\22(%44, %45) : (!neura.data<index, i1>, !neura.data<i1, i1>) -> !neura.data<index, i1>\0A      %47 = \22neura.data_mov\22(%8) : (!neura.data<index, i1>) -> !neura.data<index, i1>\0A      %48 = \22neura.data_mov\22(%34) : (!neura.data<i1, i1>) -> !neura.data<i1, i1>\0A      %49 = \22neura.grant_predicate\22(%47, %48) : (!neura.data<index, i1>, !neura.data<i1, i1>) -> !neura.data<index, i1>\0A      %50 = \22neura.data_mov\22(%17) : (!neura.data<memref<?x256x16xi32>, i1>) -> !neura.data<memref<?x256x16xi32>, i1>\0A      %51 = \22neura.data_mov\22(%20) : (!neura.data<index, i1>) -> !neura.data<index, i1>\0A      %52 = \22neura.data_mov\22(%23) : (!neura.data<index, i1>) -> !neura.data<index, i1>\0A      %53 = \22neura.data_mov\22(%26) : (!neura.data<index, i1>) -> !neura.data<index, i1>\0A      \22neura.store_indexed\22(%50, %51, %52, %53) <{operandSegmentSizes = array<i32: 0, 1, 3>}> {lhs_value = \22%input0\22} : (!neura.data<memref<?x256x16xi32>, i1>, !neura.data<index, i1>, !neura.data<index, i1>, !neura.data<index, i1>) -> ()\0A      %54 = \22neura.data_mov\22(%49) : (!neura.data<index, i1>) -> !neura.data<index, i1>\0A      %55 = \22neura.data_mov\22(%20) : (!neura.data<index, i1>) -> !neura.data<index, i1>\0A      %56 = \22neura.phi\22(%54, %55) : (!neura.data<index, i1>, !neura.data<index, i1>) -> !neura.data<index, i1>\0A      %57 = \22neura.data_mov\22(%46) : (!neura.data<index, i1>) -> !neura.data<index, i1>\0A      %58 = \22neura.data_mov\22(%26) : (!neura.data<index, i1>) -> !neura.data<index, i1>\0A      %59 = \22neura.phi\22(%57, %58) : (!neura.data<index, i1>, !neura.data<index, i1>) -> !neura.data<index, i1>\0A      %60 = \22neura.data_mov\22(%43) : (!neura.data<index, i1>) -> !neura.data<index, i1>\0A      %61 = \22neura.data_mov\22(%32) : (!neura.data<index, i1>) -> !neura.data<index, i1>\0A      %62 = \22neura.phi\22(%60, %61) : (!neura.data<index, i1>, !neura.data<index, i1>) -> !neura.data<index, i1>\0A      %63 = \22neura.data_mov\22(%40) : (!neura.data<index, i1>) -> !neura.data<index, i1>\0A      %64 = \22neura.data_mov\22(%23) : (!neura.data<index, i1>) -> !neura.data<index, i1>\0A      %65 = \22neura.phi\22(%63, %64) : (!neura.data<index, i1>, !neura.data<index, i1>) -> !neura.data<index, i1>\0A      %66 = \22neura.data_mov\22(%37) : (!neura.data<index, i1>) -> !neura.data<index, i1>\0A      %67 = \22neura.data_mov\22(%29) : (!neura.data<index, i1>) -> !neura.data<index, i1>\0A      %68 = \22neura.phi\22(%66, %67) : (!neura.data<index, i1>, !neura.data<index, i1>) -> !neura.data<index, i1>\0A      %69 = \22neura.data_mov\22(%68) : (!neura.data<index, i1>) -> !neura.data<index, i1>\0A      %70 = \22neura.data_mov\22(%65) : (!neura.data<index, i1>) -> !neura.data<index, i1>\0A      %71 = \22neura.data_mov\22(%62) : (!neura.data<index, i1>) -> !neura.data<index, i1>\0A      %72 = \22neura.load_indexed\22(%69, %70, %71) <{operandSegmentSizes = array<i32: 0, 3>}> {lhs_value = \22%input2\22} : (!neura.data<index, i1>, !neura.data<index, i1>, !neura.data<index, i1>) -> !neura.data<i32, i1>\0A      %73 = \22neura.data_mov\22(%68) : (!neura.data<index, i1>) -> !neura.data<index, i1>\0A      %74 = \22neura.data_mov\22(%62) : (!neura.data<index, i1>) -> !neura.data<index, i1>\0A      %75 = \22neura.data_mov\22(%59) : (!neura.data<index, i1>) -> !neura.data<index, i1>\0A      %76 = \22neura.load_indexed\22(%73, %74, %75) <{operandSegmentSizes = array<i32: 0, 3>}> {lhs_value = \22%input3\22} : (!neura.data<index, i1>, !neura.data<index, i1>, !neura.data<index, i1>) -> !neura.data<i32, i1>\0A      %77 = \22neura.data_mov\22(%72) : (!neura.data<i32, i1>) -> !neura.data<i32, i1>\0A      %78 = \22neura.data_mov\22(%76) : (!neura.data<i32, i1>) -> !neura.data<i32, i1>\0A      %79 = \22neura.mul\22(%77, %78) : (!neura.data<i32, i1>, !neura.data<i32, i1>) -> !neura.data<i32, i1>\0A      %80 = \22neura.data_mov\22(%56) : (!neura.data<index, i1>) -> !neura.data<index, i1>\0A      %81 = \22neura.data_mov\22(%65) : (!neura.data<index, i1>) -> !neura.data<index, i1>\0A      %82 = \22neura.data_mov\22(%59) : (!neura.data<index, i1>) -> !neura.data<index, i1>\0A      %83 = \22neura.load_indexed\22(%80, %81, %82) <{operandSegmentSizes = array<i32: 0, 3>}> {lhs_value = \22%input1\22} : (!neura.data<index, i1>, !neura.data<index, i1>, !neura.data<index, i1>) -> !neura.data<i32, i1>\0A      %84 = \22neura.data_mov\22(%83) : (!neura.data<i32, i1>) -> !neura.data<i32, i1>\0A      %85 = \22neura.data_mov\22(%79) : (!neura.data<i32, i1>) -> !neura.data<i32, i1>\0A      %86 = \22neura.add\22(%84, %85) : (!neura.data<i32, i1>, !neura.data<i32, i1>) -> !neura.data<i32, i1>\0A      %87 = \22neura.data_mov\22(%86) : (!neura.data<i32, i1>) -> !neura.data<i32, i1>\0A      %88 = \22neura.data_mov\22(%56) : (!neura.data<index, i1>) -> !neura.data<index, i1>\0A      %89 = \22neura.data_mov\22(%65) : (!neura.data<index, i1>) -> !neura.data<index, i1>\0A      %90 = \22neura.data_mov\22(%59) : (!neura.data<index, i1>) -> !neura.data<index, i1>\0A      \22neura.store_indexed\22(%87, %88, %89, %90) <{operandSegmentSizes = array<i32: 1, 0, 3>}> {rhs_value = \22%input1\22} : (!neura.data<i32, i1>, !neura.data<index, i1>, !neura.data<index, i1>, !neura.data<index, i1>) -> ()\0A      \22neura.yield\22() <{operandSegmentSizes = array<i32: 0, 0>}> {yield_type = \22void\22} : () -> ()\0A    }) {dataflow_mode = \22predicate\22} : (i32, memref<?x256x16xi32>, memref<?x256x256xi32>, memref<?x256x16xi32>, index) -> ()\0A    \22taskflow.yield\22(%arg10, %arg12) <{operandSegmentSizes = array<i32: 1, 1, 0>}> : (memref<?x256x16xi32>, memref<?x256x16xi32>) -> ()\0A  }) {dlp_replicable = true, runtime_managable = true} : (memref<?x256x256xi32>, memref<?x256x16xi32>, memref<?x256x16xi32>, memref<?x256x16xi32>, index, i32, memref<?x256x256xi32>, memref<?x256x16xi32>, memref<?x256x16xi32>, memref<?x256x16xi32>) -> (memref<?x256x16xi32>, memref<?x256x16xi32>)\0A  \22func.return\22() : () -> ()\0A}) : () -> ()", dlp_replicable = true, runtime_managable = true} : (memref<?x256x256xi32>, memref<?x256x16xi32>, memref<?x256x16xi32>, memref<?x256x16xi32>, index, i32, memref<?x256x256xi32>, memref<?x256x16xi32>, memref<?x256x16xi32>, memref<?x256x16xi32>) -> (memref<?x256x16xi32>, memref<?x256x16xi32>)
    %21:2 = "taskflow.task"(%12, %18#2, %20#1, %20#1, %4, %3, %arg10, %arg13, %arg12, %arg12) <{operandSegmentSizes = array<i32: 3, 1, 2, 3, 1>, resultSegmentSizes = array<i32: 1, 1, 0>, task_name = "Task_16"}> ({
    ^bb0(%arg139: memref<?x256x256xi32>, %arg140: memref<?x256x16xi32>, %arg141: memref<?x256x16xi32>, %arg142: memref<?x256x16xi32>, %arg143: index, %arg144: i32):
      %921 = "arith.constant"() <{value = 16 : index}> : () -> index
      %922 = "arith.constant"() <{value = 0 : index}> : () -> index
      %923 = "arith.constant"() <{value = 1 : index}> : () -> index
      %924 = "taskflow.counter"(%922, %arg143, %923) <{counter_dynamism = "symbol_bound", counter_hierarchy = "root", counter_id = 0 : i32}> : (index, index, index) -> index
      %925 = "taskflow.counter"(%924, %922, %921, %923) <{counter_dynamism = "constant_bound", counter_hierarchy = "relay", counter_id = 1 : i32}> : (index, index, index, index) -> index
      %926 = "taskflow.counter"(%925, %922, %arg143, %923) <{counter_dynamism = "symbol_bound", counter_hierarchy = "leaf", counter_id = 2 : i32}> : (index, index, index, index) -> index
      "neura.kernel"(%arg144, %arg142, %arg139, %arg140, %arg143) <{accelerator = "neura", operandSegmentSizes = array<i32: 5, 0>}> ({
      ^bb0(%arg145: !neura.data<i32, i1>, %arg146: !neura.data<memref<?x256x16xi32>, i1>, %arg147: !neura.data<memref<?x256x256xi32>, i1>, %arg148: !neura.data<memref<?x256x16xi32>, i1>, %arg149: !neura.data<index, i1>):
        %927 = "neura.constant"() <{value = "%input1"}> : () -> !neura.data<memref<?x256x16xi32>, i1>
        %928 = "neura.constant"() <{value = 5 : index}> : () -> !neura.data<index, i1>
        %929 = "neura.constant"() <{value = 0 : index}> : () -> !neura.data<index, i1>
        %930 = "neura.constant"() <{value = 1 : index}> : () -> !neura.data<index, i1>
        %931 = "neura.counter"() <{counter_dynamism = "symbol_bound", counter_hierarchy = "root", counter_id = 0 : i32, operandSegmentSizes = array<i32: 0, 0, 0>}> {lower_bound_value = 0 : index, step_value = 1 : index, upper_bound_value = "%input4"} : () -> !neura.data<index, i1>
        %932 = "neura.counter"() <{counter_dynamism = "constant_bound", counter_hierarchy = "relay", counter_id = 1 : i32, operandSegmentSizes = array<i32: 0, 0, 0>}> {lower_bound_value = 0 : index, step_value = 1 : index, upper_bound_value = 16 : index} : () -> !neura.data<index, i1>
        %933 = "neura.counter"() <{counter_dynamism = "symbol_bound", counter_hierarchy = "leaf", counter_id = 2 : i32, operandSegmentSizes = array<i32: 0, 0, 0>}> {lower_bound_value = 0 : index, step_value = 1 : index, upper_bound_value = "%input4"} : () -> !neura.data<index, i1>
        %934 = "neura.data_mov"(%933) : (!neura.data<index, i1>) -> !neura.data<index, i1>
        %935 = "neura.icmp"(%934) <{cmpType = "eq"}> {rhs_value = 0 : index} : (!neura.data<index, i1>) -> !neura.data<i1, i1>
        %936 = "neura.data_mov"(%927) : (!neura.data<memref<?x256x16xi32>, i1>) -> !neura.data<memref<?x256x16xi32>, i1>
        %937 = "neura.data_mov"(%935) : (!neura.data<i1, i1>) -> !neura.data<i1, i1>
        %938 = "neura.grant_predicate"(%936, %937) : (!neura.data<memref<?x256x16xi32>, i1>, !neura.data<i1, i1>) -> !neura.data<memref<?x256x16xi32>, i1>
        %939 = "neura.data_mov"(%928) : (!neura.data<index, i1>) -> !neura.data<index, i1>
        %940 = "neura.data_mov"(%935) : (!neura.data<i1, i1>) -> !neura.data<i1, i1>
        %941 = "neura.grant_predicate"(%939, %940) : (!neura.data<index, i1>, !neura.data<i1, i1>) -> !neura.data<index, i1>
        %942 = "neura.data_mov"(%931) : (!neura.data<index, i1>) -> !neura.data<index, i1>
        %943 = "neura.data_mov"(%935) : (!neura.data<i1, i1>) -> !neura.data<i1, i1>
        %944 = "neura.grant_predicate"(%942, %943) : (!neura.data<index, i1>, !neura.data<i1, i1>) -> !neura.data<index, i1>
        %945 = "neura.data_mov"(%932) : (!neura.data<index, i1>) -> !neura.data<index, i1>
        %946 = "neura.data_mov"(%935) : (!neura.data<i1, i1>) -> !neura.data<i1, i1>
        %947 = "neura.grant_predicate"(%945, %946) : (!neura.data<index, i1>, !neura.data<i1, i1>) -> !neura.data<index, i1>
        %948 = "neura.data_mov"(%930) : (!neura.data<index, i1>) -> !neura.data<index, i1>
        %949 = "neura.data_mov"(%935) : (!neura.data<i1, i1>) -> !neura.data<i1, i1>
        %950 = "neura.grant_predicate"(%948, %949) : (!neura.data<index, i1>, !neura.data<i1, i1>) -> !neura.data<index, i1>
        %951 = "neura.data_mov"(%933) : (!neura.data<index, i1>) -> !neura.data<index, i1>
        %952 = "neura.data_mov"(%935) : (!neura.data<i1, i1>) -> !neura.data<i1, i1>
        %953 = "neura.grant_predicate"(%951, %952) : (!neura.data<index, i1>, !neura.data<i1, i1>) -> !neura.data<index, i1>
        %954 = "neura.data_mov"(%929) : (!neura.data<index, i1>) -> !neura.data<index, i1>
        %955 = "neura.data_mov"(%935) : (!neura.data<i1, i1>) -> !neura.data<i1, i1>
        %956 = "neura.grant_predicate"(%954, %955) : (!neura.data<index, i1>, !neura.data<i1, i1>) -> !neura.data<index, i1>
        %957 = "neura.data_mov"(%935) : (!neura.data<i1, i1>) -> !neura.data<i1, i1>
        %958 = "neura.not"(%957) : (!neura.data<i1, i1>) -> !neura.data<i1, i1>
        %959 = "neura.data_mov"(%930) : (!neura.data<index, i1>) -> !neura.data<index, i1>
        %960 = "neura.data_mov"(%958) : (!neura.data<i1, i1>) -> !neura.data<i1, i1>
        %961 = "neura.grant_predicate"(%959, %960) : (!neura.data<index, i1>, !neura.data<i1, i1>) -> !neura.data<index, i1>
        %962 = "neura.data_mov"(%931) : (!neura.data<index, i1>) -> !neura.data<index, i1>
        %963 = "neura.data_mov"(%958) : (!neura.data<i1, i1>) -> !neura.data<i1, i1>
        %964 = "neura.grant_predicate"(%962, %963) : (!neura.data<index, i1>, !neura.data<i1, i1>) -> !neura.data<index, i1>
        %965 = "neura.data_mov"(%933) : (!neura.data<index, i1>) -> !neura.data<index, i1>
        %966 = "neura.data_mov"(%958) : (!neura.data<i1, i1>) -> !neura.data<i1, i1>
        %967 = "neura.grant_predicate"(%965, %966) : (!neura.data<index, i1>, !neura.data<i1, i1>) -> !neura.data<index, i1>
        %968 = "neura.data_mov"(%929) : (!neura.data<index, i1>) -> !neura.data<index, i1>
        %969 = "neura.data_mov"(%958) : (!neura.data<i1, i1>) -> !neura.data<i1, i1>
        %970 = "neura.grant_predicate"(%968, %969) : (!neura.data<index, i1>, !neura.data<i1, i1>) -> !neura.data<index, i1>
        %971 = "neura.data_mov"(%932) : (!neura.data<index, i1>) -> !neura.data<index, i1>
        %972 = "neura.data_mov"(%958) : (!neura.data<i1, i1>) -> !neura.data<i1, i1>
        %973 = "neura.grant_predicate"(%971, %972) : (!neura.data<index, i1>, !neura.data<i1, i1>) -> !neura.data<index, i1>
        %974 = "neura.data_mov"(%928) : (!neura.data<index, i1>) -> !neura.data<index, i1>
        %975 = "neura.data_mov"(%958) : (!neura.data<i1, i1>) -> !neura.data<i1, i1>
        %976 = "neura.grant_predicate"(%974, %975) : (!neura.data<index, i1>, !neura.data<i1, i1>) -> !neura.data<index, i1>
        %977 = "neura.data_mov"(%938) : (!neura.data<memref<?x256x16xi32>, i1>) -> !neura.data<memref<?x256x16xi32>, i1>
        %978 = "neura.data_mov"(%941) : (!neura.data<index, i1>) -> !neura.data<index, i1>
        %979 = "neura.data_mov"(%944) : (!neura.data<index, i1>) -> !neura.data<index, i1>
        %980 = "neura.data_mov"(%947) : (!neura.data<index, i1>) -> !neura.data<index, i1>
        "neura.store_indexed"(%977, %978, %979, %980) <{operandSegmentSizes = array<i32: 0, 1, 3>}> {lhs_value = "%input0"} : (!neura.data<memref<?x256x16xi32>, i1>, !neura.data<index, i1>, !neura.data<index, i1>, !neura.data<index, i1>) -> ()
        %981 = "neura.data_mov"(%976) : (!neura.data<index, i1>) -> !neura.data<index, i1>
        %982 = "neura.data_mov"(%941) : (!neura.data<index, i1>) -> !neura.data<index, i1>
        %983 = "neura.phi"(%981, %982) : (!neura.data<index, i1>, !neura.data<index, i1>) -> !neura.data<index, i1>
        %984 = "neura.data_mov"(%973) : (!neura.data<index, i1>) -> !neura.data<index, i1>
        %985 = "neura.data_mov"(%947) : (!neura.data<index, i1>) -> !neura.data<index, i1>
        %986 = "neura.phi"(%984, %985) : (!neura.data<index, i1>, !neura.data<index, i1>) -> !neura.data<index, i1>
        %987 = "neura.data_mov"(%970) : (!neura.data<index, i1>) -> !neura.data<index, i1>
        %988 = "neura.data_mov"(%956) : (!neura.data<index, i1>) -> !neura.data<index, i1>
        %989 = "neura.phi"(%987, %988) : (!neura.data<index, i1>, !neura.data<index, i1>) -> !neura.data<index, i1>
        %990 = "neura.data_mov"(%967) : (!neura.data<index, i1>) -> !neura.data<index, i1>
        %991 = "neura.data_mov"(%953) : (!neura.data<index, i1>) -> !neura.data<index, i1>
        %992 = "neura.phi"(%990, %991) : (!neura.data<index, i1>, !neura.data<index, i1>) -> !neura.data<index, i1>
        %993 = "neura.data_mov"(%964) : (!neura.data<index, i1>) -> !neura.data<index, i1>
        %994 = "neura.data_mov"(%944) : (!neura.data<index, i1>) -> !neura.data<index, i1>
        %995 = "neura.phi"(%993, %994) : (!neura.data<index, i1>, !neura.data<index, i1>) -> !neura.data<index, i1>
        %996 = "neura.data_mov"(%961) : (!neura.data<index, i1>) -> !neura.data<index, i1>
        %997 = "neura.data_mov"(%950) : (!neura.data<index, i1>) -> !neura.data<index, i1>
        %998 = "neura.phi"(%996, %997) : (!neura.data<index, i1>, !neura.data<index, i1>) -> !neura.data<index, i1>
        %999 = "neura.data_mov"(%998) : (!neura.data<index, i1>) -> !neura.data<index, i1>
        %1000 = "neura.data_mov"(%995) : (!neura.data<index, i1>) -> !neura.data<index, i1>
        %1001 = "neura.data_mov"(%992) : (!neura.data<index, i1>) -> !neura.data<index, i1>
        %1002 = "neura.load_indexed"(%999, %1000, %1001) <{operandSegmentSizes = array<i32: 0, 3>}> {lhs_value = "%input2"} : (!neura.data<index, i1>, !neura.data<index, i1>, !neura.data<index, i1>) -> !neura.data<i32, i1>
        %1003 = "neura.data_mov"(%989) : (!neura.data<index, i1>) -> !neura.data<index, i1>
        %1004 = "neura.data_mov"(%992) : (!neura.data<index, i1>) -> !neura.data<index, i1>
        %1005 = "neura.data_mov"(%986) : (!neura.data<index, i1>) -> !neura.data<index, i1>
        %1006 = "neura.load_indexed"(%1003, %1004, %1005) <{operandSegmentSizes = array<i32: 0, 3>}> {lhs_value = "%input3"} : (!neura.data<index, i1>, !neura.data<index, i1>, !neura.data<index, i1>) -> !neura.data<i32, i1>
        %1007 = "neura.data_mov"(%1002) : (!neura.data<i32, i1>) -> !neura.data<i32, i1>
        %1008 = "neura.data_mov"(%1006) : (!neura.data<i32, i1>) -> !neura.data<i32, i1>
        %1009 = "neura.mul"(%1007, %1008) : (!neura.data<i32, i1>, !neura.data<i32, i1>) -> !neura.data<i32, i1>
        %1010 = "neura.data_mov"(%983) : (!neura.data<index, i1>) -> !neura.data<index, i1>
        %1011 = "neura.data_mov"(%995) : (!neura.data<index, i1>) -> !neura.data<index, i1>
        %1012 = "neura.data_mov"(%986) : (!neura.data<index, i1>) -> !neura.data<index, i1>
        %1013 = "neura.load_indexed"(%1010, %1011, %1012) <{operandSegmentSizes = array<i32: 0, 3>}> {lhs_value = "%input1"} : (!neura.data<index, i1>, !neura.data<index, i1>, !neura.data<index, i1>) -> !neura.data<i32, i1>
        %1014 = "neura.data_mov"(%1013) : (!neura.data<i32, i1>) -> !neura.data<i32, i1>
        %1015 = "neura.data_mov"(%1009) : (!neura.data<i32, i1>) -> !neura.data<i32, i1>
        %1016 = "neura.add"(%1014, %1015) : (!neura.data<i32, i1>, !neura.data<i32, i1>) -> !neura.data<i32, i1>
        %1017 = "neura.data_mov"(%1016) : (!neura.data<i32, i1>) -> !neura.data<i32, i1>
        %1018 = "neura.data_mov"(%983) : (!neura.data<index, i1>) -> !neura.data<index, i1>
        %1019 = "neura.data_mov"(%995) : (!neura.data<index, i1>) -> !neura.data<index, i1>
        %1020 = "neura.data_mov"(%986) : (!neura.data<index, i1>) -> !neura.data<index, i1>
        "neura.store_indexed"(%1017, %1018, %1019, %1020) <{operandSegmentSizes = array<i32: 1, 0, 3>}> {rhs_value = "%input1"} : (!neura.data<i32, i1>, !neura.data<index, i1>, !neura.data<index, i1>, !neura.data<index, i1>) -> ()
        "neura.yield"() <{operandSegmentSizes = array<i32: 0, 0>}> {yield_type = "void"} : () -> ()
      }) {dataflow_mode = "predicate"} : (i32, memref<?x256x16xi32>, memref<?x256x256xi32>, memref<?x256x16xi32>, index) -> ()
      "taskflow.yield"(%arg140, %arg142) <{operandSegmentSizes = array<i32: 1, 1, 0>}> : (memref<?x256x16xi32>, memref<?x256x16xi32>) -> ()
    }) {amoeba.source_iteration_control_binding = "amoeba-source-iteration-domain-v1\0Adomain_witness_bytes=231:amoeba-source-iteration-domain-v1\0Acomplete=1\0Arepresented_multiplicity=400\0Ainternal_multiplicity=1\0Asource_multiplicity=400\0Aaxis_count=3\0Aaxis=T,0,0,5,1,5,0,-1,0,0\0Aaxis=T,1,0,16,1,16,0,-1,0,0\0Aaxis=T,2,0,5,1,5,0,-1,0,0\0Areason_bytes=0:\0A\0A\22func.func\22() <{function_type = (memref<?x256x256xi32>, memref<?x256x16xi32>, memref<?x256x16xi32>, index, i32, memref<?x256x256xi32>, memref<?x256x16xi32>, memref<?x256x16xi32>) -> (), sym_name = \22__source_domain_binding__\22}> ({\0A^bb0(%arg0: memref<?x256x256xi32>, %arg1: memref<?x256x16xi32>, %arg2: memref<?x256x16xi32>, %arg3: index, %arg4: i32, %arg5: memref<?x256x256xi32>, %arg6: memref<?x256x16xi32>, %arg7: memref<?x256x16xi32>):\0A  %0:2 = \22taskflow.task\22(%arg0, %arg1, %arg2, %arg2, %arg3, %arg4, %arg5, %arg6, %arg7, %arg7) <{operandSegmentSizes = array<i32: 3, 1, 2, 3, 1>, resultSegmentSizes = array<i32: 1, 1, 0>, task_name = \22Task_16\22}> ({\0A  ^bb0(%arg8: memref<?x256x256xi32>, %arg9: memref<?x256x16xi32>, %arg10: memref<?x256x16xi32>, %arg11: memref<?x256x16xi32>, %arg12: index, %arg13: i32):\0A    %1 = \22arith.constant\22() <{value = 16 : index}> : () -> index\0A    %2 = \22arith.constant\22() <{value = 0 : index}> : () -> index\0A    %3 = \22arith.constant\22() <{value = 1 : index}> : () -> index\0A    %4 = \22taskflow.counter\22(%2, %arg12, %3) <{counter_dynamism = \22symbol_bound\22, counter_hierarchy = \22root\22, counter_id = 0 : i32}> : (index, index, index) -> index\0A    %5 = \22taskflow.counter\22(%4, %2, %1, %3) <{counter_dynamism = \22constant_bound\22, counter_hierarchy = \22relay\22, counter_id = 1 : i32}> : (index, index, index, index) -> index\0A    %6 = \22taskflow.counter\22(%5, %2, %arg12, %3) <{counter_dynamism = \22symbol_bound\22, counter_hierarchy = \22leaf\22, counter_id = 2 : i32}> : (index, index, index, index) -> index\0A    \22neura.kernel\22(%arg13, %arg11, %arg8, %arg9, %arg12) <{accelerator = \22neura\22, operandSegmentSizes = array<i32: 5, 0>}> ({\0A    ^bb0(%arg14: !neura.data<i32, i1>, %arg15: !neura.data<memref<?x256x16xi32>, i1>, %arg16: !neura.data<memref<?x256x256xi32>, i1>, %arg17: !neura.data<memref<?x256x16xi32>, i1>, %arg18: !neura.data<index, i1>):\0A      %7 = \22neura.constant\22() <{value = \22%input1\22}> : () -> !neura.data<memref<?x256x16xi32>, i1>\0A      %8 = \22neura.constant\22() <{value = 5 : index}> : () -> !neura.data<index, i1>\0A      %9 = \22neura.constant\22() <{value = 0 : index}> : () -> !neura.data<index, i1>\0A      %10 = \22neura.constant\22() <{value = 1 : index}> : () -> !neura.data<index, i1>\0A      %11 = \22neura.counter\22() <{counter_dynamism = \22symbol_bound\22, counter_hierarchy = \22root\22, counter_id = 0 : i32, operandSegmentSizes = array<i32: 0, 0, 0>}> {lower_bound_value = 0 : index, step_value = 1 : index, upper_bound_value = \22%input4\22} : () -> !neura.data<index, i1>\0A      %12 = \22neura.counter\22() <{counter_dynamism = \22constant_bound\22, counter_hierarchy = \22relay\22, counter_id = 1 : i32, operandSegmentSizes = array<i32: 0, 0, 0>}> {lower_bound_value = 0 : index, step_value = 1 : index, upper_bound_value = 16 : index} : () -> !neura.data<index, i1>\0A      %13 = \22neura.counter\22() <{counter_dynamism = \22symbol_bound\22, counter_hierarchy = \22leaf\22, counter_id = 2 : i32, operandSegmentSizes = array<i32: 0, 0, 0>}> {lower_bound_value = 0 : index, step_value = 1 : index, upper_bound_value = \22%input4\22} : () -> !neura.data<index, i1>\0A      %14 = \22neura.data_mov\22(%13) : (!neura.data<index, i1>) -> !neura.data<index, i1>\0A      %15 = \22neura.icmp\22(%14) <{cmpType = \22eq\22}> {rhs_value = 0 : index} : (!neura.data<index, i1>) -> !neura.data<i1, i1>\0A      %16 = \22neura.data_mov\22(%7) : (!neura.data<memref<?x256x16xi32>, i1>) -> !neura.data<memref<?x256x16xi32>, i1>\0A      %17 = \22neura.data_mov\22(%15) : (!neura.data<i1, i1>) -> !neura.data<i1, i1>\0A      %18 = \22neura.grant_predicate\22(%16, %17) : (!neura.data<memref<?x256x16xi32>, i1>, !neura.data<i1, i1>) -> !neura.data<memref<?x256x16xi32>, i1>\0A      %19 = \22neura.data_mov\22(%8) : (!neura.data<index, i1>) -> !neura.data<index, i1>\0A      %20 = \22neura.data_mov\22(%15) : (!neura.data<i1, i1>) -> !neura.data<i1, i1>\0A      %21 = \22neura.grant_predicate\22(%19, %20) : (!neura.data<index, i1>, !neura.data<i1, i1>) -> !neura.data<index, i1>\0A      %22 = \22neura.data_mov\22(%11) : (!neura.data<index, i1>) -> !neura.data<index, i1>\0A      %23 = \22neura.data_mov\22(%15) : (!neura.data<i1, i1>) -> !neura.data<i1, i1>\0A      %24 = \22neura.grant_predicate\22(%22, %23) : (!neura.data<index, i1>, !neura.data<i1, i1>) -> !neura.data<index, i1>\0A      %25 = \22neura.data_mov\22(%12) : (!neura.data<index, i1>) -> !neura.data<index, i1>\0A      %26 = \22neura.data_mov\22(%15) : (!neura.data<i1, i1>) -> !neura.data<i1, i1>\0A      %27 = \22neura.grant_predicate\22(%25, %26) : (!neura.data<index, i1>, !neura.data<i1, i1>) -> !neura.data<index, i1>\0A      %28 = \22neura.data_mov\22(%10) : (!neura.data<index, i1>) -> !neura.data<index, i1>\0A      %29 = \22neura.data_mov\22(%15) : (!neura.data<i1, i1>) -> !neura.data<i1, i1>\0A      %30 = \22neura.grant_predicate\22(%28, %29) : (!neura.data<index, i1>, !neura.data<i1, i1>) -> !neura.data<index, i1>\0A      %31 = \22neura.data_mov\22(%13) : (!neura.data<index, i1>) -> !neura.data<index, i1>\0A      %32 = \22neura.data_mov\22(%15) : (!neura.data<i1, i1>) -> !neura.data<i1, i1>\0A      %33 = \22neura.grant_predicate\22(%31, %32) : (!neura.data<index, i1>, !neura.data<i1, i1>) -> !neura.data<index, i1>\0A      %34 = \22neura.data_mov\22(%9) : (!neura.data<index, i1>) -> !neura.data<index, i1>\0A      %35 = \22neura.data_mov\22(%15) : (!neura.data<i1, i1>) -> !neura.data<i1, i1>\0A      %36 = \22neura.grant_predicate\22(%34, %35) : (!neura.data<index, i1>, !neura.data<i1, i1>) -> !neura.data<index, i1>\0A      %37 = \22neura.data_mov\22(%15) : (!neura.data<i1, i1>) -> !neura.data<i1, i1>\0A      %38 = \22neura.not\22(%37) : (!neura.data<i1, i1>) -> !neura.data<i1, i1>\0A      %39 = \22neura.data_mov\22(%10) : (!neura.data<index, i1>) -> !neura.data<index, i1>\0A      %40 = \22neura.data_mov\22(%38) : (!neura.data<i1, i1>) -> !neura.data<i1, i1>\0A      %41 = \22neura.grant_predicate\22(%39, %40) : (!neura.data<index, i1>, !neura.data<i1, i1>) -> !neura.data<index, i1>\0A      %42 = \22neura.data_mov\22(%11) : (!neura.data<index, i1>) -> !neura.data<index, i1>\0A      %43 = \22neura.data_mov\22(%38) : (!neura.data<i1, i1>) -> !neura.data<i1, i1>\0A      %44 = \22neura.grant_predicate\22(%42, %43) : (!neura.data<index, i1>, !neura.data<i1, i1>) -> !neura.data<index, i1>\0A      %45 = \22neura.data_mov\22(%13) : (!neura.data<index, i1>) -> !neura.data<index, i1>\0A      %46 = \22neura.data_mov\22(%38) : (!neura.data<i1, i1>) -> !neura.data<i1, i1>\0A      %47 = \22neura.grant_predicate\22(%45, %46) : (!neura.data<index, i1>, !neura.data<i1, i1>) -> !neura.data<index, i1>\0A      %48 = \22neura.data_mov\22(%9) : (!neura.data<index, i1>) -> !neura.data<index, i1>\0A      %49 = \22neura.data_mov\22(%38) : (!neura.data<i1, i1>) -> !neura.data<i1, i1>\0A      %50 = \22neura.grant_predicate\22(%48, %49) : (!neura.data<index, i1>, !neura.data<i1, i1>) -> !neura.data<index, i1>\0A      %51 = \22neura.data_mov\22(%12) : (!neura.data<index, i1>) -> !neura.data<index, i1>\0A      %52 = \22neura.data_mov\22(%38) : (!neura.data<i1, i1>) -> !neura.data<i1, i1>\0A      %53 = \22neura.grant_predicate\22(%51, %52) : (!neura.data<index, i1>, !neura.data<i1, i1>) -> !neura.data<index, i1>\0A      %54 = \22neura.data_mov\22(%8) : (!neura.data<index, i1>) -> !neura.data<index, i1>\0A      %55 = \22neura.data_mov\22(%38) : (!neura.data<i1, i1>) -> !neura.data<i1, i1>\0A      %56 = \22neura.grant_predicate\22(%54, %55) : (!neura.data<index, i1>, !neura.data<i1, i1>) -> !neura.data<index, i1>\0A      %57 = \22neura.data_mov\22(%18) : (!neura.data<memref<?x256x16xi32>, i1>) -> !neura.data<memref<?x256x16xi32>, i1>\0A      %58 = \22neura.data_mov\22(%21) : (!neura.data<index, i1>) -> !neura.data<index, i1>\0A      %59 = \22neura.data_mov\22(%24) : (!neura.data<index, i1>) -> !neura.data<index, i1>\0A      %60 = \22neura.data_mov\22(%27) : (!neura.data<index, i1>) -> !neura.data<index, i1>\0A      \22neura.store_indexed\22(%57, %58, %59, %60) <{operandSegmentSizes = array<i32: 0, 1, 3>}> {lhs_value = \22%input0\22} : (!neura.data<memref<?x256x16xi32>, i1>, !neura.data<index, i1>, !neura.data<index, i1>, !neura.data<index, i1>) -> ()\0A      %61 = \22neura.data_mov\22(%56) : (!neura.data<index, i1>) -> !neura.data<index, i1>\0A      %62 = \22neura.data_mov\22(%21) : (!neura.data<index, i1>) -> !neura.data<index, i1>\0A      %63 = \22neura.phi\22(%61, %62) : (!neura.data<index, i1>, !neura.data<index, i1>) -> !neura.data<index, i1>\0A      %64 = \22neura.data_mov\22(%53) : (!neura.data<index, i1>) -> !neura.data<index, i1>\0A      %65 = \22neura.data_mov\22(%27) : (!neura.data<index, i1>) -> !neura.data<index, i1>\0A      %66 = \22neura.phi\22(%64, %65) : (!neura.data<index, i1>, !neura.data<index, i1>) -> !neura.data<index, i1>\0A      %67 = \22neura.data_mov\22(%50) : (!neura.data<index, i1>) -> !neura.data<index, i1>\0A      %68 = \22neura.data_mov\22(%36) : (!neura.data<index, i1>) -> !neura.data<index, i1>\0A      %69 = \22neura.phi\22(%67, %68) : (!neura.data<index, i1>, !neura.data<index, i1>) -> !neura.data<index, i1>\0A      %70 = \22neura.data_mov\22(%47) : (!neura.data<index, i1>) -> !neura.data<index, i1>\0A      %71 = \22neura.data_mov\22(%33) : (!neura.data<index, i1>) -> !neura.data<index, i1>\0A      %72 = \22neura.phi\22(%70, %71) : (!neura.data<index, i1>, !neura.data<index, i1>) -> !neura.data<index, i1>\0A      %73 = \22neura.data_mov\22(%44) : (!neura.data<index, i1>) -> !neura.data<index, i1>\0A      %74 = \22neura.data_mov\22(%24) : (!neura.data<index, i1>) -> !neura.data<index, i1>\0A      %75 = \22neura.phi\22(%73, %74) : (!neura.data<index, i1>, !neura.data<index, i1>) -> !neura.data<index, i1>\0A      %76 = \22neura.data_mov\22(%41) : (!neura.data<index, i1>) -> !neura.data<index, i1>\0A      %77 = \22neura.data_mov\22(%30) : (!neura.data<index, i1>) -> !neura.data<index, i1>\0A      %78 = \22neura.phi\22(%76, %77) : (!neura.data<index, i1>, !neura.data<index, i1>) -> !neura.data<index, i1>\0A      %79 = \22neura.data_mov\22(%78) : (!neura.data<index, i1>) -> !neura.data<index, i1>\0A      %80 = \22neura.data_mov\22(%75) : (!neura.data<index, i1>) -> !neura.data<index, i1>\0A      %81 = \22neura.data_mov\22(%72) : (!neura.data<index, i1>) -> !neura.data<index, i1>\0A      %82 = \22neura.load_indexed\22(%79, %80, %81) <{operandSegmentSizes = array<i32: 0, 3>}> {lhs_value = \22%input2\22} : (!neura.data<index, i1>, !neura.data<index, i1>, !neura.data<index, i1>) -> !neura.data<i32, i1>\0A      %83 = \22neura.data_mov\22(%69) : (!neura.data<index, i1>) -> !neura.data<index, i1>\0A      %84 = \22neura.data_mov\22(%72) : (!neura.data<index, i1>) -> !neura.data<index, i1>\0A      %85 = \22neura.data_mov\22(%66) : (!neura.data<index, i1>) -> !neura.data<index, i1>\0A      %86 = \22neura.load_indexed\22(%83, %84, %85) <{operandSegmentSizes = array<i32: 0, 3>}> {lhs_value = \22%input3\22} : (!neura.data<index, i1>, !neura.data<index, i1>, !neura.data<index, i1>) -> !neura.data<i32, i1>\0A      %87 = \22neura.data_mov\22(%82) : (!neura.data<i32, i1>) -> !neura.data<i32, i1>\0A      %88 = \22neura.data_mov\22(%86) : (!neura.data<i32, i1>) -> !neura.data<i32, i1>\0A      %89 = \22neura.mul\22(%87, %88) : (!neura.data<i32, i1>, !neura.data<i32, i1>) -> !neura.data<i32, i1>\0A      %90 = \22neura.data_mov\22(%63) : (!neura.data<index, i1>) -> !neura.data<index, i1>\0A      %91 = \22neura.data_mov\22(%75) : (!neura.data<index, i1>) -> !neura.data<index, i1>\0A      %92 = \22neura.data_mov\22(%66) : (!neura.data<index, i1>) -> !neura.data<index, i1>\0A      %93 = \22neura.load_indexed\22(%90, %91, %92) <{operandSegmentSizes = array<i32: 0, 3>}> {lhs_value = \22%input1\22} : (!neura.data<index, i1>, !neura.data<index, i1>, !neura.data<index, i1>) -> !neura.data<i32, i1>\0A      %94 = \22neura.data_mov\22(%93) : (!neura.data<i32, i1>) -> !neura.data<i32, i1>\0A      %95 = \22neura.data_mov\22(%89) : (!neura.data<i32, i1>) -> !neura.data<i32, i1>\0A      %96 = \22neura.add\22(%94, %95) : (!neura.data<i32, i1>, !neura.data<i32, i1>) -> !neura.data<i32, i1>\0A      %97 = \22neura.data_mov\22(%96) : (!neura.data<i32, i1>) -> !neura.data<i32, i1>\0A      %98 = \22neura.data_mov\22(%63) : (!neura.data<index, i1>) -> !neura.data<index, i1>\0A      %99 = \22neura.data_mov\22(%75) : (!neura.data<index, i1>) -> !neura.data<index, i1>\0A      %100 = \22neura.data_mov\22(%66) : (!neura.data<index, i1>) -> !neura.data<index, i1>\0A      \22neura.store_indexed\22(%97, %98, %99, %100) <{operandSegmentSizes = array<i32: 1, 0, 3>}> {rhs_value = \22%input1\22} : (!neura.data<i32, i1>, !neura.data<index, i1>, !neura.data<index, i1>, !neura.data<index, i1>) -> ()\0A      \22neura.yield\22() <{operandSegmentSizes = array<i32: 0, 0>}> {yield_type = \22void\22} : () -> ()\0A    }) {dataflow_mode = \22predicate\22} : (i32, memref<?x256x16xi32>, memref<?x256x256xi32>, memref<?x256x16xi32>, index) -> ()\0A    \22taskflow.yield\22(%arg9, %arg11) <{operandSegmentSizes = array<i32: 1, 1, 0>}> : (memref<?x256x16xi32>, memref<?x256x16xi32>) -> ()\0A  }) {dlp_replicable = true, runtime_managable = true} : (memref<?x256x256xi32>, memref<?x256x16xi32>, memref<?x256x16xi32>, memref<?x256x16xi32>, index, i32, memref<?x256x256xi32>, memref<?x256x16xi32>, memref<?x256x16xi32>, memref<?x256x16xi32>) -> (memref<?x256x16xi32>, memref<?x256x16xi32>)\0A  \22func.return\22() : () -> ()\0A}) : () -> ()", amoeba.source_iteration_domain = {axes = [{carried_values = 0 : i64, expanded_inside_mapper_firing = false, extent = 5 : i64, kind = "taskflow-counter", lower = 0 : i64, ordinal = 0 : i64, parent_counter_ordinal = -1 : i64, result_uses = 0 : i64, step = 1 : i64, upper = 5 : i64}, {carried_values = 0 : i64, expanded_inside_mapper_firing = false, extent = 16 : i64, kind = "taskflow-counter", lower = 0 : i64, ordinal = 1 : i64, parent_counter_ordinal = -1 : i64, result_uses = 0 : i64, step = 1 : i64, upper = 16 : i64}, {carried_values = 0 : i64, expanded_inside_mapper_firing = false, extent = 5 : i64, kind = "taskflow-counter", lower = 0 : i64, ordinal = 2 : i64, parent_counter_ordinal = -1 : i64, result_uses = 0 : i64, step = 1 : i64, upper = 5 : i64}], canonical_witness = "amoeba-source-iteration-domain-v1\0Acomplete=1\0Arepresented_multiplicity=400\0Ainternal_multiplicity=1\0Asource_multiplicity=400\0Aaxis_count=3\0Aaxis=T,0,0,5,1,5,0,-1,0,0\0Aaxis=T,1,0,16,1,16,0,-1,0,0\0Aaxis=T,2,0,5,1,5,0,-1,0,0\0Areason_bytes=0:\0A", complete = true, internal_multiplicity = 1 : i64, represented_multiplicity = 400 : i64, schema = "amoeba-source-iteration-domain-v1", source_multiplicity = 400 : i64}, amoeba.source_iteration_source_control_binding = "amoeba-source-iteration-domain-v1\0Adomain_witness_bytes=231:amoeba-source-iteration-domain-v1\0Acomplete=1\0Arepresented_multiplicity=400\0Ainternal_multiplicity=1\0Asource_multiplicity=400\0Aaxis_count=3\0Aaxis=T,0,0,5,1,5,0,-1,0,0\0Aaxis=T,1,0,16,1,16,0,-1,0,0\0Aaxis=T,2,0,5,1,5,0,-1,0,0\0Areason_bytes=0:\0A\0A\22func.func\22() <{function_type = (memref<?x256x256xi32>, memref<?x256x16xi32>, memref<?x256x16xi32>, index, i32, memref<?x256x256xi32>, memref<?x256x16xi32>, memref<?x256x16xi32>) -> (), sym_name = \22__source_domain_binding__\22}> ({\0A^bb0(%arg0: memref<?x256x256xi32>, %arg1: memref<?x256x16xi32>, %arg2: memref<?x256x16xi32>, %arg3: index, %arg4: i32, %arg5: memref<?x256x256xi32>, %arg6: memref<?x256x16xi32>, %arg7: memref<?x256x16xi32>):\0A  %0:2 = \22taskflow.task\22(%arg0, %arg1, %arg2, %arg2, %arg3, %arg4, %arg5, %arg6, %arg7, %arg7) <{operandSegmentSizes = array<i32: 3, 1, 2, 3, 1>, resultSegmentSizes = array<i32: 1, 1, 0>, task_name = \22Task_16\22}> ({\0A  ^bb0(%arg8: memref<?x256x256xi32>, %arg9: memref<?x256x16xi32>, %arg10: memref<?x256x16xi32>, %arg11: memref<?x256x16xi32>, %arg12: index, %arg13: i32):\0A    %1 = \22arith.constant\22() <{value = 16 : index}> : () -> index\0A    %2 = \22arith.constant\22() <{value = 0 : index}> : () -> index\0A    %3 = \22arith.constant\22() <{value = 1 : index}> : () -> index\0A    %4 = \22taskflow.counter\22(%2, %arg12, %3) <{counter_dynamism = \22symbol_bound\22, counter_hierarchy = \22root\22, counter_id = 0 : i32}> : (index, index, index) -> index\0A    %5 = \22taskflow.counter\22(%4, %2, %1, %3) <{counter_dynamism = \22constant_bound\22, counter_hierarchy = \22relay\22, counter_id = 1 : i32}> : (index, index, index, index) -> index\0A    %6 = \22taskflow.counter\22(%5, %2, %arg12, %3) <{counter_dynamism = \22symbol_bound\22, counter_hierarchy = \22leaf\22, counter_id = 2 : i32}> : (index, index, index, index) -> index\0A    \22neura.kernel\22(%arg13, %arg11, %arg8, %arg9, %arg12) <{accelerator = \22neura\22, operandSegmentSizes = array<i32: 5, 0>}> ({\0A    ^bb0(%arg14: !neura.data<i32, i1>, %arg15: !neura.data<memref<?x256x16xi32>, i1>, %arg16: !neura.data<memref<?x256x256xi32>, i1>, %arg17: !neura.data<memref<?x256x16xi32>, i1>, %arg18: !neura.data<index, i1>):\0A      %7 = \22neura.constant\22() <{value = \22%input1\22}> : () -> !neura.data<memref<?x256x16xi32>, i1>\0A      %8 = \22neura.constant\22() <{value = 5 : index}> : () -> !neura.data<index, i1>\0A      %9 = \22neura.constant\22() <{value = 0 : index}> : () -> !neura.data<index, i1>\0A      %10 = \22neura.constant\22() <{value = 1 : index}> : () -> !neura.data<index, i1>\0A      %11 = \22neura.counter\22() <{counter_dynamism = \22symbol_bound\22, counter_hierarchy = \22root\22, counter_id = 0 : i32, operandSegmentSizes = array<i32: 0, 0, 0>}> {lower_bound_value = 0 : index, step_value = 1 : index, upper_bound_value = \22%input4\22} : () -> !neura.data<index, i1>\0A      %12 = \22neura.counter\22() <{counter_dynamism = \22constant_bound\22, counter_hierarchy = \22relay\22, counter_id = 1 : i32, operandSegmentSizes = array<i32: 0, 0, 0>}> {lower_bound_value = 0 : index, step_value = 1 : index, upper_bound_value = 16 : index} : () -> !neura.data<index, i1>\0A      %13 = \22neura.counter\22() <{counter_dynamism = \22symbol_bound\22, counter_hierarchy = \22leaf\22, counter_id = 2 : i32, operandSegmentSizes = array<i32: 0, 0, 0>}> {lower_bound_value = 0 : index, step_value = 1 : index, upper_bound_value = \22%input4\22} : () -> !neura.data<index, i1>\0A      %14 = \22neura.data_mov\22(%13) : (!neura.data<index, i1>) -> !neura.data<index, i1>\0A      %15 = \22neura.icmp\22(%14) <{cmpType = \22eq\22}> {rhs_value = 0 : index} : (!neura.data<index, i1>) -> !neura.data<i1, i1>\0A      %16 = \22neura.data_mov\22(%7) : (!neura.data<memref<?x256x16xi32>, i1>) -> !neura.data<memref<?x256x16xi32>, i1>\0A      %17 = \22neura.data_mov\22(%15) : (!neura.data<i1, i1>) -> !neura.data<i1, i1>\0A      %18 = \22neura.grant_predicate\22(%16, %17) : (!neura.data<memref<?x256x16xi32>, i1>, !neura.data<i1, i1>) -> !neura.data<memref<?x256x16xi32>, i1>\0A      %19 = \22neura.data_mov\22(%8) : (!neura.data<index, i1>) -> !neura.data<index, i1>\0A      %20 = \22neura.data_mov\22(%15) : (!neura.data<i1, i1>) -> !neura.data<i1, i1>\0A      %21 = \22neura.grant_predicate\22(%19, %20) : (!neura.data<index, i1>, !neura.data<i1, i1>) -> !neura.data<index, i1>\0A      %22 = \22neura.data_mov\22(%11) : (!neura.data<index, i1>) -> !neura.data<index, i1>\0A      %23 = \22neura.data_mov\22(%15) : (!neura.data<i1, i1>) -> !neura.data<i1, i1>\0A      %24 = \22neura.grant_predicate\22(%22, %23) : (!neura.data<index, i1>, !neura.data<i1, i1>) -> !neura.data<index, i1>\0A      %25 = \22neura.data_mov\22(%12) : (!neura.data<index, i1>) -> !neura.data<index, i1>\0A      %26 = \22neura.data_mov\22(%15) : (!neura.data<i1, i1>) -> !neura.data<i1, i1>\0A      %27 = \22neura.grant_predicate\22(%25, %26) : (!neura.data<index, i1>, !neura.data<i1, i1>) -> !neura.data<index, i1>\0A      %28 = \22neura.data_mov\22(%10) : (!neura.data<index, i1>) -> !neura.data<index, i1>\0A      %29 = \22neura.data_mov\22(%15) : (!neura.data<i1, i1>) -> !neura.data<i1, i1>\0A      %30 = \22neura.grant_predicate\22(%28, %29) : (!neura.data<index, i1>, !neura.data<i1, i1>) -> !neura.data<index, i1>\0A      %31 = \22neura.data_mov\22(%13) : (!neura.data<index, i1>) -> !neura.data<index, i1>\0A      %32 = \22neura.data_mov\22(%15) : (!neura.data<i1, i1>) -> !neura.data<i1, i1>\0A      %33 = \22neura.grant_predicate\22(%31, %32) : (!neura.data<index, i1>, !neura.data<i1, i1>) -> !neura.data<index, i1>\0A      %34 = \22neura.data_mov\22(%9) : (!neura.data<index, i1>) -> !neura.data<index, i1>\0A      %35 = \22neura.data_mov\22(%15) : (!neura.data<i1, i1>) -> !neura.data<i1, i1>\0A      %36 = \22neura.grant_predicate\22(%34, %35) : (!neura.data<index, i1>, !neura.data<i1, i1>) -> !neura.data<index, i1>\0A      %37 = \22neura.data_mov\22(%15) : (!neura.data<i1, i1>) -> !neura.data<i1, i1>\0A      %38 = \22neura.not\22(%37) : (!neura.data<i1, i1>) -> !neura.data<i1, i1>\0A      %39 = \22neura.data_mov\22(%10) : (!neura.data<index, i1>) -> !neura.data<index, i1>\0A      %40 = \22neura.data_mov\22(%38) : (!neura.data<i1, i1>) -> !neura.data<i1, i1>\0A      %41 = \22neura.grant_predicate\22(%39, %40) : (!neura.data<index, i1>, !neura.data<i1, i1>) -> !neura.data<index, i1>\0A      %42 = \22neura.data_mov\22(%11) : (!neura.data<index, i1>) -> !neura.data<index, i1>\0A      %43 = \22neura.data_mov\22(%38) : (!neura.data<i1, i1>) -> !neura.data<i1, i1>\0A      %44 = \22neura.grant_predicate\22(%42, %43) : (!neura.data<index, i1>, !neura.data<i1, i1>) -> !neura.data<index, i1>\0A      %45 = \22neura.data_mov\22(%13) : (!neura.data<index, i1>) -> !neura.data<index, i1>\0A      %46 = \22neura.data_mov\22(%38) : (!neura.data<i1, i1>) -> !neura.data<i1, i1>\0A      %47 = \22neura.grant_predicate\22(%45, %46) : (!neura.data<index, i1>, !neura.data<i1, i1>) -> !neura.data<index, i1>\0A      %48 = \22neura.data_mov\22(%9) : (!neura.data<index, i1>) -> !neura.data<index, i1>\0A      %49 = \22neura.data_mov\22(%38) : (!neura.data<i1, i1>) -> !neura.data<i1, i1>\0A      %50 = \22neura.grant_predicate\22(%48, %49) : (!neura.data<index, i1>, !neura.data<i1, i1>) -> !neura.data<index, i1>\0A      %51 = \22neura.data_mov\22(%12) : (!neura.data<index, i1>) -> !neura.data<index, i1>\0A      %52 = \22neura.data_mov\22(%38) : (!neura.data<i1, i1>) -> !neura.data<i1, i1>\0A      %53 = \22neura.grant_predicate\22(%51, %52) : (!neura.data<index, i1>, !neura.data<i1, i1>) -> !neura.data<index, i1>\0A      %54 = \22neura.data_mov\22(%8) : (!neura.data<index, i1>) -> !neura.data<index, i1>\0A      %55 = \22neura.data_mov\22(%38) : (!neura.data<i1, i1>) -> !neura.data<i1, i1>\0A      %56 = \22neura.grant_predicate\22(%54, %55) : (!neura.data<index, i1>, !neura.data<i1, i1>) -> !neura.data<index, i1>\0A      %57 = \22neura.data_mov\22(%18) : (!neura.data<memref<?x256x16xi32>, i1>) -> !neura.data<memref<?x256x16xi32>, i1>\0A      %58 = \22neura.data_mov\22(%21) : (!neura.data<index, i1>) -> !neura.data<index, i1>\0A      %59 = \22neura.data_mov\22(%24) : (!neura.data<index, i1>) -> !neura.data<index, i1>\0A      %60 = \22neura.data_mov\22(%27) : (!neura.data<index, i1>) -> !neura.data<index, i1>\0A      \22neura.store_indexed\22(%57, %58, %59, %60) <{operandSegmentSizes = array<i32: 0, 1, 3>}> {lhs_value = \22%input0\22} : (!neura.data<memref<?x256x16xi32>, i1>, !neura.data<index, i1>, !neura.data<index, i1>, !neura.data<index, i1>) -> ()\0A      %61 = \22neura.data_mov\22(%56) : (!neura.data<index, i1>) -> !neura.data<index, i1>\0A      %62 = \22neura.data_mov\22(%21) : (!neura.data<index, i1>) -> !neura.data<index, i1>\0A      %63 = \22neura.phi\22(%61, %62) : (!neura.data<index, i1>, !neura.data<index, i1>) -> !neura.data<index, i1>\0A      %64 = \22neura.data_mov\22(%53) : (!neura.data<index, i1>) -> !neura.data<index, i1>\0A      %65 = \22neura.data_mov\22(%27) : (!neura.data<index, i1>) -> !neura.data<index, i1>\0A      %66 = \22neura.phi\22(%64, %65) : (!neura.data<index, i1>, !neura.data<index, i1>) -> !neura.data<index, i1>\0A      %67 = \22neura.data_mov\22(%50) : (!neura.data<index, i1>) -> !neura.data<index, i1>\0A      %68 = \22neura.data_mov\22(%36) : (!neura.data<index, i1>) -> !neura.data<index, i1>\0A      %69 = \22neura.phi\22(%67, %68) : (!neura.data<index, i1>, !neura.data<index, i1>) -> !neura.data<index, i1>\0A      %70 = \22neura.data_mov\22(%47) : (!neura.data<index, i1>) -> !neura.data<index, i1>\0A      %71 = \22neura.data_mov\22(%33) : (!neura.data<index, i1>) -> !neura.data<index, i1>\0A      %72 = \22neura.phi\22(%70, %71) : (!neura.data<index, i1>, !neura.data<index, i1>) -> !neura.data<index, i1>\0A      %73 = \22neura.data_mov\22(%44) : (!neura.data<index, i1>) -> !neura.data<index, i1>\0A      %74 = \22neura.data_mov\22(%24) : (!neura.data<index, i1>) -> !neura.data<index, i1>\0A      %75 = \22neura.phi\22(%73, %74) : (!neura.data<index, i1>, !neura.data<index, i1>) -> !neura.data<index, i1>\0A      %76 = \22neura.data_mov\22(%41) : (!neura.data<index, i1>) -> !neura.data<index, i1>\0A      %77 = \22neura.data_mov\22(%30) : (!neura.data<index, i1>) -> !neura.data<index, i1>\0A      %78 = \22neura.phi\22(%76, %77) : (!neura.data<index, i1>, !neura.data<index, i1>) -> !neura.data<index, i1>\0A      %79 = \22neura.data_mov\22(%78) : (!neura.data<index, i1>) -> !neura.data<index, i1>\0A      %80 = \22neura.data_mov\22(%75) : (!neura.data<index, i1>) -> !neura.data<index, i1>\0A      %81 = \22neura.data_mov\22(%72) : (!neura.data<index, i1>) -> !neura.data<index, i1>\0A      %82 = \22neura.load_indexed\22(%79, %80, %81) <{operandSegmentSizes = array<i32: 0, 3>}> {lhs_value = \22%input2\22} : (!neura.data<index, i1>, !neura.data<index, i1>, !neura.data<index, i1>) -> !neura.data<i32, i1>\0A      %83 = \22neura.data_mov\22(%69) : (!neura.data<index, i1>) -> !neura.data<index, i1>\0A      %84 = \22neura.data_mov\22(%72) : (!neura.data<index, i1>) -> !neura.data<index, i1>\0A      %85 = \22neura.data_mov\22(%66) : (!neura.data<index, i1>) -> !neura.data<index, i1>\0A      %86 = \22neura.load_indexed\22(%83, %84, %85) <{operandSegmentSizes = array<i32: 0, 3>}> {lhs_value = \22%input3\22} : (!neura.data<index, i1>, !neura.data<index, i1>, !neura.data<index, i1>) -> !neura.data<i32, i1>\0A      %87 = \22neura.data_mov\22(%82) : (!neura.data<i32, i1>) -> !neura.data<i32, i1>\0A      %88 = \22neura.data_mov\22(%86) : (!neura.data<i32, i1>) -> !neura.data<i32, i1>\0A      %89 = \22neura.mul\22(%87, %88) : (!neura.data<i32, i1>, !neura.data<i32, i1>) -> !neura.data<i32, i1>\0A      %90 = \22neura.data_mov\22(%63) : (!neura.data<index, i1>) -> !neura.data<index, i1>\0A      %91 = \22neura.data_mov\22(%75) : (!neura.data<index, i1>) -> !neura.data<index, i1>\0A      %92 = \22neura.data_mov\22(%66) : (!neura.data<index, i1>) -> !neura.data<index, i1>\0A      %93 = \22neura.load_indexed\22(%90, %91, %92) <{operandSegmentSizes = array<i32: 0, 3>}> {lhs_value = \22%input1\22} : (!neura.data<index, i1>, !neura.data<index, i1>, !neura.data<index, i1>) -> !neura.data<i32, i1>\0A      %94 = \22neura.data_mov\22(%93) : (!neura.data<i32, i1>) -> !neura.data<i32, i1>\0A      %95 = \22neura.data_mov\22(%89) : (!neura.data<i32, i1>) -> !neura.data<i32, i1>\0A      %96 = \22neura.add\22(%94, %95) : (!neura.data<i32, i1>, !neura.data<i32, i1>) -> !neura.data<i32, i1>\0A      %97 = \22neura.data_mov\22(%96) : (!neura.data<i32, i1>) -> !neura.data<i32, i1>\0A      %98 = \22neura.data_mov\22(%63) : (!neura.data<index, i1>) -> !neura.data<index, i1>\0A      %99 = \22neura.data_mov\22(%75) : (!neura.data<index, i1>) -> !neura.data<index, i1>\0A      %100 = \22neura.data_mov\22(%66) : (!neura.data<index, i1>) -> !neura.data<index, i1>\0A      \22neura.store_indexed\22(%97, %98, %99, %100) <{operandSegmentSizes = array<i32: 1, 0, 3>}> {rhs_value = \22%input1\22} : (!neura.data<i32, i1>, !neura.data<index, i1>, !neura.data<index, i1>, !neura.data<index, i1>) -> ()\0A      \22neura.yield\22() <{operandSegmentSizes = array<i32: 0, 0>}> {yield_type = \22void\22} : () -> ()\0A    }) {dataflow_mode = \22predicate\22} : (i32, memref<?x256x16xi32>, memref<?x256x256xi32>, memref<?x256x16xi32>, index) -> ()\0A    \22taskflow.yield\22(%arg9, %arg11) <{operandSegmentSizes = array<i32: 1, 1, 0>}> : (memref<?x256x16xi32>, memref<?x256x16xi32>) -> ()\0A  }) {dlp_replicable = true, runtime_managable = true} : (memref<?x256x256xi32>, memref<?x256x16xi32>, memref<?x256x16xi32>, memref<?x256x16xi32>, index, i32, memref<?x256x256xi32>, memref<?x256x16xi32>, memref<?x256x16xi32>, memref<?x256x16xi32>) -> (memref<?x256x16xi32>, memref<?x256x16xi32>)\0A  \22func.return\22() : () -> ()\0A}) : () -> ()", dlp_replicable = true, runtime_managable = true} : (memref<?x256x256xi32>, memref<?x256x16xi32>, memref<?x256x16xi32>, memref<?x256x16xi32>, index, i32, memref<?x256x256xi32>, memref<?x256x16xi32>, memref<?x256x16xi32>, memref<?x256x16xi32>) -> (memref<?x256x16xi32>, memref<?x256x16xi32>)
    %22:2 = "taskflow.task"(%12, %18#2, %21#1, %21#1, %4, %3, %arg10, %arg13, %arg12, %arg12) <{operandSegmentSizes = array<i32: 3, 1, 2, 3, 1>, resultSegmentSizes = array<i32: 1, 1, 0>, task_name = "Task_17"}> ({
    ^bb0(%arg128: memref<?x256x256xi32>, %arg129: memref<?x256x16xi32>, %arg130: memref<?x256x16xi32>, %arg131: memref<?x256x16xi32>, %arg132: index, %arg133: i32):
      %821 = "arith.constant"() <{value = 16 : index}> : () -> index
      %822 = "arith.constant"() <{value = 0 : index}> : () -> index
      %823 = "arith.constant"() <{value = 1 : index}> : () -> index
      %824 = "taskflow.counter"(%822, %arg132, %823) <{counter_dynamism = "symbol_bound", counter_hierarchy = "root", counter_id = 0 : i32}> : (index, index, index) -> index
      %825 = "taskflow.counter"(%824, %822, %821, %823) <{counter_dynamism = "constant_bound", counter_hierarchy = "relay", counter_id = 1 : i32}> : (index, index, index, index) -> index
      %826 = "taskflow.counter"(%825, %822, %arg132, %823) <{counter_dynamism = "symbol_bound", counter_hierarchy = "leaf", counter_id = 2 : i32}> : (index, index, index, index) -> index
      "neura.kernel"(%arg133, %arg131, %arg128, %arg129, %arg132) <{accelerator = "neura", operandSegmentSizes = array<i32: 5, 0>}> ({
      ^bb0(%arg134: !neura.data<i32, i1>, %arg135: !neura.data<memref<?x256x16xi32>, i1>, %arg136: !neura.data<memref<?x256x256xi32>, i1>, %arg137: !neura.data<memref<?x256x16xi32>, i1>, %arg138: !neura.data<index, i1>):
        %827 = "neura.constant"() <{value = "%input1"}> : () -> !neura.data<memref<?x256x16xi32>, i1>
        %828 = "neura.constant"() <{value = 6 : index}> : () -> !neura.data<index, i1>
        %829 = "neura.constant"() <{value = 2 : index}> : () -> !neura.data<index, i1>
        %830 = "neura.constant"() <{value = 0 : index}> : () -> !neura.data<index, i1>
        %831 = "neura.counter"() <{counter_dynamism = "symbol_bound", counter_hierarchy = "root", counter_id = 0 : i32, operandSegmentSizes = array<i32: 0, 0, 0>}> {lower_bound_value = 0 : index, step_value = 1 : index, upper_bound_value = "%input4"} : () -> !neura.data<index, i1>
        %832 = "neura.counter"() <{counter_dynamism = "constant_bound", counter_hierarchy = "relay", counter_id = 1 : i32, operandSegmentSizes = array<i32: 0, 0, 0>}> {lower_bound_value = 0 : index, step_value = 1 : index, upper_bound_value = 16 : index} : () -> !neura.data<index, i1>
        %833 = "neura.counter"() <{counter_dynamism = "symbol_bound", counter_hierarchy = "leaf", counter_id = 2 : i32, operandSegmentSizes = array<i32: 0, 0, 0>}> {lower_bound_value = 0 : index, step_value = 1 : index, upper_bound_value = "%input4"} : () -> !neura.data<index, i1>
        %834 = "neura.data_mov"(%833) : (!neura.data<index, i1>) -> !neura.data<index, i1>
        %835 = "neura.icmp"(%834) <{cmpType = "eq"}> {rhs_value = 0 : index} : (!neura.data<index, i1>) -> !neura.data<i1, i1>
        %836 = "neura.data_mov"(%827) : (!neura.data<memref<?x256x16xi32>, i1>) -> !neura.data<memref<?x256x16xi32>, i1>
        %837 = "neura.data_mov"(%835) : (!neura.data<i1, i1>) -> !neura.data<i1, i1>
        %838 = "neura.grant_predicate"(%836, %837) : (!neura.data<memref<?x256x16xi32>, i1>, !neura.data<i1, i1>) -> !neura.data<memref<?x256x16xi32>, i1>
        %839 = "neura.data_mov"(%828) : (!neura.data<index, i1>) -> !neura.data<index, i1>
        %840 = "neura.data_mov"(%835) : (!neura.data<i1, i1>) -> !neura.data<i1, i1>
        %841 = "neura.grant_predicate"(%839, %840) : (!neura.data<index, i1>, !neura.data<i1, i1>) -> !neura.data<index, i1>
        %842 = "neura.data_mov"(%831) : (!neura.data<index, i1>) -> !neura.data<index, i1>
        %843 = "neura.data_mov"(%835) : (!neura.data<i1, i1>) -> !neura.data<i1, i1>
        %844 = "neura.grant_predicate"(%842, %843) : (!neura.data<index, i1>, !neura.data<i1, i1>) -> !neura.data<index, i1>
        %845 = "neura.data_mov"(%832) : (!neura.data<index, i1>) -> !neura.data<index, i1>
        %846 = "neura.data_mov"(%835) : (!neura.data<i1, i1>) -> !neura.data<i1, i1>
        %847 = "neura.grant_predicate"(%845, %846) : (!neura.data<index, i1>, !neura.data<i1, i1>) -> !neura.data<index, i1>
        %848 = "neura.data_mov"(%829) : (!neura.data<index, i1>) -> !neura.data<index, i1>
        %849 = "neura.data_mov"(%835) : (!neura.data<i1, i1>) -> !neura.data<i1, i1>
        %850 = "neura.grant_predicate"(%848, %849) : (!neura.data<index, i1>, !neura.data<i1, i1>) -> !neura.data<index, i1>
        %851 = "neura.data_mov"(%833) : (!neura.data<index, i1>) -> !neura.data<index, i1>
        %852 = "neura.data_mov"(%835) : (!neura.data<i1, i1>) -> !neura.data<i1, i1>
        %853 = "neura.grant_predicate"(%851, %852) : (!neura.data<index, i1>, !neura.data<i1, i1>) -> !neura.data<index, i1>
        %854 = "neura.data_mov"(%830) : (!neura.data<index, i1>) -> !neura.data<index, i1>
        %855 = "neura.data_mov"(%835) : (!neura.data<i1, i1>) -> !neura.data<i1, i1>
        %856 = "neura.grant_predicate"(%854, %855) : (!neura.data<index, i1>, !neura.data<i1, i1>) -> !neura.data<index, i1>
        %857 = "neura.data_mov"(%835) : (!neura.data<i1, i1>) -> !neura.data<i1, i1>
        %858 = "neura.not"(%857) : (!neura.data<i1, i1>) -> !neura.data<i1, i1>
        %859 = "neura.data_mov"(%829) : (!neura.data<index, i1>) -> !neura.data<index, i1>
        %860 = "neura.data_mov"(%858) : (!neura.data<i1, i1>) -> !neura.data<i1, i1>
        %861 = "neura.grant_predicate"(%859, %860) : (!neura.data<index, i1>, !neura.data<i1, i1>) -> !neura.data<index, i1>
        %862 = "neura.data_mov"(%831) : (!neura.data<index, i1>) -> !neura.data<index, i1>
        %863 = "neura.data_mov"(%858) : (!neura.data<i1, i1>) -> !neura.data<i1, i1>
        %864 = "neura.grant_predicate"(%862, %863) : (!neura.data<index, i1>, !neura.data<i1, i1>) -> !neura.data<index, i1>
        %865 = "neura.data_mov"(%833) : (!neura.data<index, i1>) -> !neura.data<index, i1>
        %866 = "neura.data_mov"(%858) : (!neura.data<i1, i1>) -> !neura.data<i1, i1>
        %867 = "neura.grant_predicate"(%865, %866) : (!neura.data<index, i1>, !neura.data<i1, i1>) -> !neura.data<index, i1>
        %868 = "neura.data_mov"(%830) : (!neura.data<index, i1>) -> !neura.data<index, i1>
        %869 = "neura.data_mov"(%858) : (!neura.data<i1, i1>) -> !neura.data<i1, i1>
        %870 = "neura.grant_predicate"(%868, %869) : (!neura.data<index, i1>, !neura.data<i1, i1>) -> !neura.data<index, i1>
        %871 = "neura.data_mov"(%832) : (!neura.data<index, i1>) -> !neura.data<index, i1>
        %872 = "neura.data_mov"(%858) : (!neura.data<i1, i1>) -> !neura.data<i1, i1>
        %873 = "neura.grant_predicate"(%871, %872) : (!neura.data<index, i1>, !neura.data<i1, i1>) -> !neura.data<index, i1>
        %874 = "neura.data_mov"(%828) : (!neura.data<index, i1>) -> !neura.data<index, i1>
        %875 = "neura.data_mov"(%858) : (!neura.data<i1, i1>) -> !neura.data<i1, i1>
        %876 = "neura.grant_predicate"(%874, %875) : (!neura.data<index, i1>, !neura.data<i1, i1>) -> !neura.data<index, i1>
        %877 = "neura.data_mov"(%838) : (!neura.data<memref<?x256x16xi32>, i1>) -> !neura.data<memref<?x256x16xi32>, i1>
        %878 = "neura.data_mov"(%841) : (!neura.data<index, i1>) -> !neura.data<index, i1>
        %879 = "neura.data_mov"(%844) : (!neura.data<index, i1>) -> !neura.data<index, i1>
        %880 = "neura.data_mov"(%847) : (!neura.data<index, i1>) -> !neura.data<index, i1>
        "neura.store_indexed"(%877, %878, %879, %880) <{operandSegmentSizes = array<i32: 0, 1, 3>}> {lhs_value = "%input0"} : (!neura.data<memref<?x256x16xi32>, i1>, !neura.data<index, i1>, !neura.data<index, i1>, !neura.data<index, i1>) -> ()
        %881 = "neura.data_mov"(%876) : (!neura.data<index, i1>) -> !neura.data<index, i1>
        %882 = "neura.data_mov"(%841) : (!neura.data<index, i1>) -> !neura.data<index, i1>
        %883 = "neura.phi"(%881, %882) : (!neura.data<index, i1>, !neura.data<index, i1>) -> !neura.data<index, i1>
        %884 = "neura.data_mov"(%873) : (!neura.data<index, i1>) -> !neura.data<index, i1>
        %885 = "neura.data_mov"(%847) : (!neura.data<index, i1>) -> !neura.data<index, i1>
        %886 = "neura.phi"(%884, %885) : (!neura.data<index, i1>, !neura.data<index, i1>) -> !neura.data<index, i1>
        %887 = "neura.data_mov"(%870) : (!neura.data<index, i1>) -> !neura.data<index, i1>
        %888 = "neura.data_mov"(%856) : (!neura.data<index, i1>) -> !neura.data<index, i1>
        %889 = "neura.phi"(%887, %888) : (!neura.data<index, i1>, !neura.data<index, i1>) -> !neura.data<index, i1>
        %890 = "neura.data_mov"(%867) : (!neura.data<index, i1>) -> !neura.data<index, i1>
        %891 = "neura.data_mov"(%853) : (!neura.data<index, i1>) -> !neura.data<index, i1>
        %892 = "neura.phi"(%890, %891) : (!neura.data<index, i1>, !neura.data<index, i1>) -> !neura.data<index, i1>
        %893 = "neura.data_mov"(%864) : (!neura.data<index, i1>) -> !neura.data<index, i1>
        %894 = "neura.data_mov"(%844) : (!neura.data<index, i1>) -> !neura.data<index, i1>
        %895 = "neura.phi"(%893, %894) : (!neura.data<index, i1>, !neura.data<index, i1>) -> !neura.data<index, i1>
        %896 = "neura.data_mov"(%861) : (!neura.data<index, i1>) -> !neura.data<index, i1>
        %897 = "neura.data_mov"(%850) : (!neura.data<index, i1>) -> !neura.data<index, i1>
        %898 = "neura.phi"(%896, %897) : (!neura.data<index, i1>, !neura.data<index, i1>) -> !neura.data<index, i1>
        %899 = "neura.data_mov"(%898) : (!neura.data<index, i1>) -> !neura.data<index, i1>
        %900 = "neura.data_mov"(%895) : (!neura.data<index, i1>) -> !neura.data<index, i1>
        %901 = "neura.data_mov"(%892) : (!neura.data<index, i1>) -> !neura.data<index, i1>
        %902 = "neura.load_indexed"(%899, %900, %901) <{operandSegmentSizes = array<i32: 0, 3>}> {lhs_value = "%input2"} : (!neura.data<index, i1>, !neura.data<index, i1>, !neura.data<index, i1>) -> !neura.data<i32, i1>
        %903 = "neura.data_mov"(%889) : (!neura.data<index, i1>) -> !neura.data<index, i1>
        %904 = "neura.data_mov"(%892) : (!neura.data<index, i1>) -> !neura.data<index, i1>
        %905 = "neura.data_mov"(%886) : (!neura.data<index, i1>) -> !neura.data<index, i1>
        %906 = "neura.load_indexed"(%903, %904, %905) <{operandSegmentSizes = array<i32: 0, 3>}> {lhs_value = "%input3"} : (!neura.data<index, i1>, !neura.data<index, i1>, !neura.data<index, i1>) -> !neura.data<i32, i1>
        %907 = "neura.data_mov"(%902) : (!neura.data<i32, i1>) -> !neura.data<i32, i1>
        %908 = "neura.data_mov"(%906) : (!neura.data<i32, i1>) -> !neura.data<i32, i1>
        %909 = "neura.mul"(%907, %908) : (!neura.data<i32, i1>, !neura.data<i32, i1>) -> !neura.data<i32, i1>
        %910 = "neura.data_mov"(%883) : (!neura.data<index, i1>) -> !neura.data<index, i1>
        %911 = "neura.data_mov"(%895) : (!neura.data<index, i1>) -> !neura.data<index, i1>
        %912 = "neura.data_mov"(%886) : (!neura.data<index, i1>) -> !neura.data<index, i1>
        %913 = "neura.load_indexed"(%910, %911, %912) <{operandSegmentSizes = array<i32: 0, 3>}> {lhs_value = "%input1"} : (!neura.data<index, i1>, !neura.data<index, i1>, !neura.data<index, i1>) -> !neura.data<i32, i1>
        %914 = "neura.data_mov"(%913) : (!neura.data<i32, i1>) -> !neura.data<i32, i1>
        %915 = "neura.data_mov"(%909) : (!neura.data<i32, i1>) -> !neura.data<i32, i1>
        %916 = "neura.add"(%914, %915) : (!neura.data<i32, i1>, !neura.data<i32, i1>) -> !neura.data<i32, i1>
        %917 = "neura.data_mov"(%916) : (!neura.data<i32, i1>) -> !neura.data<i32, i1>
        %918 = "neura.data_mov"(%883) : (!neura.data<index, i1>) -> !neura.data<index, i1>
        %919 = "neura.data_mov"(%895) : (!neura.data<index, i1>) -> !neura.data<index, i1>
        %920 = "neura.data_mov"(%886) : (!neura.data<index, i1>) -> !neura.data<index, i1>
        "neura.store_indexed"(%917, %918, %919, %920) <{operandSegmentSizes = array<i32: 1, 0, 3>}> {rhs_value = "%input1"} : (!neura.data<i32, i1>, !neura.data<index, i1>, !neura.data<index, i1>, !neura.data<index, i1>) -> ()
        "neura.yield"() <{operandSegmentSizes = array<i32: 0, 0>}> {yield_type = "void"} : () -> ()
      }) {dataflow_mode = "predicate"} : (i32, memref<?x256x16xi32>, memref<?x256x256xi32>, memref<?x256x16xi32>, index) -> ()
      "taskflow.yield"(%arg129, %arg131) <{operandSegmentSizes = array<i32: 1, 1, 0>}> : (memref<?x256x16xi32>, memref<?x256x16xi32>) -> ()
    }) {amoeba.source_iteration_control_binding = "amoeba-source-iteration-domain-v1\0Adomain_witness_bytes=231:amoeba-source-iteration-domain-v1\0Acomplete=1\0Arepresented_multiplicity=400\0Ainternal_multiplicity=1\0Asource_multiplicity=400\0Aaxis_count=3\0Aaxis=T,0,0,5,1,5,0,-1,0,0\0Aaxis=T,1,0,16,1,16,0,-1,0,0\0Aaxis=T,2,0,5,1,5,0,-1,0,0\0Areason_bytes=0:\0A\0A\22func.func\22() <{function_type = (memref<?x256x256xi32>, memref<?x256x16xi32>, memref<?x256x16xi32>, index, i32, memref<?x256x256xi32>, memref<?x256x16xi32>, memref<?x256x16xi32>) -> (), sym_name = \22__source_domain_binding__\22}> ({\0A^bb0(%arg0: memref<?x256x256xi32>, %arg1: memref<?x256x16xi32>, %arg2: memref<?x256x16xi32>, %arg3: index, %arg4: i32, %arg5: memref<?x256x256xi32>, %arg6: memref<?x256x16xi32>, %arg7: memref<?x256x16xi32>):\0A  %0:2 = \22taskflow.task\22(%arg0, %arg1, %arg2, %arg2, %arg3, %arg4, %arg5, %arg6, %arg7, %arg7) <{operandSegmentSizes = array<i32: 3, 1, 2, 3, 1>, resultSegmentSizes = array<i32: 1, 1, 0>, task_name = \22Task_17\22}> ({\0A  ^bb0(%arg8: memref<?x256x256xi32>, %arg9: memref<?x256x16xi32>, %arg10: memref<?x256x16xi32>, %arg11: memref<?x256x16xi32>, %arg12: index, %arg13: i32):\0A    %1 = \22arith.constant\22() <{value = 16 : index}> : () -> index\0A    %2 = \22arith.constant\22() <{value = 0 : index}> : () -> index\0A    %3 = \22arith.constant\22() <{value = 1 : index}> : () -> index\0A    %4 = \22taskflow.counter\22(%2, %arg12, %3) <{counter_dynamism = \22symbol_bound\22, counter_hierarchy = \22root\22, counter_id = 0 : i32}> : (index, index, index) -> index\0A    %5 = \22taskflow.counter\22(%4, %2, %1, %3) <{counter_dynamism = \22constant_bound\22, counter_hierarchy = \22relay\22, counter_id = 1 : i32}> : (index, index, index, index) -> index\0A    %6 = \22taskflow.counter\22(%5, %2, %arg12, %3) <{counter_dynamism = \22symbol_bound\22, counter_hierarchy = \22leaf\22, counter_id = 2 : i32}> : (index, index, index, index) -> index\0A    \22neura.kernel\22(%arg13, %arg11, %arg8, %arg9, %arg12) <{accelerator = \22neura\22, operandSegmentSizes = array<i32: 5, 0>}> ({\0A    ^bb0(%arg14: !neura.data<i32, i1>, %arg15: !neura.data<memref<?x256x16xi32>, i1>, %arg16: !neura.data<memref<?x256x256xi32>, i1>, %arg17: !neura.data<memref<?x256x16xi32>, i1>, %arg18: !neura.data<index, i1>):\0A      %7 = \22neura.constant\22() <{value = \22%input1\22}> : () -> !neura.data<memref<?x256x16xi32>, i1>\0A      %8 = \22neura.constant\22() <{value = 6 : index}> : () -> !neura.data<index, i1>\0A      %9 = \22neura.constant\22() <{value = 2 : index}> : () -> !neura.data<index, i1>\0A      %10 = \22neura.constant\22() <{value = 0 : index}> : () -> !neura.data<index, i1>\0A      %11 = \22neura.counter\22() <{counter_dynamism = \22symbol_bound\22, counter_hierarchy = \22root\22, counter_id = 0 : i32, operandSegmentSizes = array<i32: 0, 0, 0>}> {lower_bound_value = 0 : index, step_value = 1 : index, upper_bound_value = \22%input4\22} : () -> !neura.data<index, i1>\0A      %12 = \22neura.counter\22() <{counter_dynamism = \22constant_bound\22, counter_hierarchy = \22relay\22, counter_id = 1 : i32, operandSegmentSizes = array<i32: 0, 0, 0>}> {lower_bound_value = 0 : index, step_value = 1 : index, upper_bound_value = 16 : index} : () -> !neura.data<index, i1>\0A      %13 = \22neura.counter\22() <{counter_dynamism = \22symbol_bound\22, counter_hierarchy = \22leaf\22, counter_id = 2 : i32, operandSegmentSizes = array<i32: 0, 0, 0>}> {lower_bound_value = 0 : index, step_value = 1 : index, upper_bound_value = \22%input4\22} : () -> !neura.data<index, i1>\0A      %14 = \22neura.data_mov\22(%13) : (!neura.data<index, i1>) -> !neura.data<index, i1>\0A      %15 = \22neura.icmp\22(%14) <{cmpType = \22eq\22}> {rhs_value = 0 : index} : (!neura.data<index, i1>) -> !neura.data<i1, i1>\0A      %16 = \22neura.data_mov\22(%7) : (!neura.data<memref<?x256x16xi32>, i1>) -> !neura.data<memref<?x256x16xi32>, i1>\0A      %17 = \22neura.data_mov\22(%15) : (!neura.data<i1, i1>) -> !neura.data<i1, i1>\0A      %18 = \22neura.grant_predicate\22(%16, %17) : (!neura.data<memref<?x256x16xi32>, i1>, !neura.data<i1, i1>) -> !neura.data<memref<?x256x16xi32>, i1>\0A      %19 = \22neura.data_mov\22(%8) : (!neura.data<index, i1>) -> !neura.data<index, i1>\0A      %20 = \22neura.data_mov\22(%15) : (!neura.data<i1, i1>) -> !neura.data<i1, i1>\0A      %21 = \22neura.grant_predicate\22(%19, %20) : (!neura.data<index, i1>, !neura.data<i1, i1>) -> !neura.data<index, i1>\0A      %22 = \22neura.data_mov\22(%11) : (!neura.data<index, i1>) -> !neura.data<index, i1>\0A      %23 = \22neura.data_mov\22(%15) : (!neura.data<i1, i1>) -> !neura.data<i1, i1>\0A      %24 = \22neura.grant_predicate\22(%22, %23) : (!neura.data<index, i1>, !neura.data<i1, i1>) -> !neura.data<index, i1>\0A      %25 = \22neura.data_mov\22(%12) : (!neura.data<index, i1>) -> !neura.data<index, i1>\0A      %26 = \22neura.data_mov\22(%15) : (!neura.data<i1, i1>) -> !neura.data<i1, i1>\0A      %27 = \22neura.grant_predicate\22(%25, %26) : (!neura.data<index, i1>, !neura.data<i1, i1>) -> !neura.data<index, i1>\0A      %28 = \22neura.data_mov\22(%9) : (!neura.data<index, i1>) -> !neura.data<index, i1>\0A      %29 = \22neura.data_mov\22(%15) : (!neura.data<i1, i1>) -> !neura.data<i1, i1>\0A      %30 = \22neura.grant_predicate\22(%28, %29) : (!neura.data<index, i1>, !neura.data<i1, i1>) -> !neura.data<index, i1>\0A      %31 = \22neura.data_mov\22(%13) : (!neura.data<index, i1>) -> !neura.data<index, i1>\0A      %32 = \22neura.data_mov\22(%15) : (!neura.data<i1, i1>) -> !neura.data<i1, i1>\0A      %33 = \22neura.grant_predicate\22(%31, %32) : (!neura.data<index, i1>, !neura.data<i1, i1>) -> !neura.data<index, i1>\0A      %34 = \22neura.data_mov\22(%10) : (!neura.data<index, i1>) -> !neura.data<index, i1>\0A      %35 = \22neura.data_mov\22(%15) : (!neura.data<i1, i1>) -> !neura.data<i1, i1>\0A      %36 = \22neura.grant_predicate\22(%34, %35) : (!neura.data<index, i1>, !neura.data<i1, i1>) -> !neura.data<index, i1>\0A      %37 = \22neura.data_mov\22(%15) : (!neura.data<i1, i1>) -> !neura.data<i1, i1>\0A      %38 = \22neura.not\22(%37) : (!neura.data<i1, i1>) -> !neura.data<i1, i1>\0A      %39 = \22neura.data_mov\22(%9) : (!neura.data<index, i1>) -> !neura.data<index, i1>\0A      %40 = \22neura.data_mov\22(%38) : (!neura.data<i1, i1>) -> !neura.data<i1, i1>\0A      %41 = \22neura.grant_predicate\22(%39, %40) : (!neura.data<index, i1>, !neura.data<i1, i1>) -> !neura.data<index, i1>\0A      %42 = \22neura.data_mov\22(%11) : (!neura.data<index, i1>) -> !neura.data<index, i1>\0A      %43 = \22neura.data_mov\22(%38) : (!neura.data<i1, i1>) -> !neura.data<i1, i1>\0A      %44 = \22neura.grant_predicate\22(%42, %43) : (!neura.data<index, i1>, !neura.data<i1, i1>) -> !neura.data<index, i1>\0A      %45 = \22neura.data_mov\22(%13) : (!neura.data<index, i1>) -> !neura.data<index, i1>\0A      %46 = \22neura.data_mov\22(%38) : (!neura.data<i1, i1>) -> !neura.data<i1, i1>\0A      %47 = \22neura.grant_predicate\22(%45, %46) : (!neura.data<index, i1>, !neura.data<i1, i1>) -> !neura.data<index, i1>\0A      %48 = \22neura.data_mov\22(%10) : (!neura.data<index, i1>) -> !neura.data<index, i1>\0A      %49 = \22neura.data_mov\22(%38) : (!neura.data<i1, i1>) -> !neura.data<i1, i1>\0A      %50 = \22neura.grant_predicate\22(%48, %49) : (!neura.data<index, i1>, !neura.data<i1, i1>) -> !neura.data<index, i1>\0A      %51 = \22neura.data_mov\22(%12) : (!neura.data<index, i1>) -> !neura.data<index, i1>\0A      %52 = \22neura.data_mov\22(%38) : (!neura.data<i1, i1>) -> !neura.data<i1, i1>\0A      %53 = \22neura.grant_predicate\22(%51, %52) : (!neura.data<index, i1>, !neura.data<i1, i1>) -> !neura.data<index, i1>\0A      %54 = \22neura.data_mov\22(%8) : (!neura.data<index, i1>) -> !neura.data<index, i1>\0A      %55 = \22neura.data_mov\22(%38) : (!neura.data<i1, i1>) -> !neura.data<i1, i1>\0A      %56 = \22neura.grant_predicate\22(%54, %55) : (!neura.data<index, i1>, !neura.data<i1, i1>) -> !neura.data<index, i1>\0A      %57 = \22neura.data_mov\22(%18) : (!neura.data<memref<?x256x16xi32>, i1>) -> !neura.data<memref<?x256x16xi32>, i1>\0A      %58 = \22neura.data_mov\22(%21) : (!neura.data<index, i1>) -> !neura.data<index, i1>\0A      %59 = \22neura.data_mov\22(%24) : (!neura.data<index, i1>) -> !neura.data<index, i1>\0A      %60 = \22neura.data_mov\22(%27) : (!neura.data<index, i1>) -> !neura.data<index, i1>\0A      \22neura.store_indexed\22(%57, %58, %59, %60) <{operandSegmentSizes = array<i32: 0, 1, 3>}> {lhs_value = \22%input0\22} : (!neura.data<memref<?x256x16xi32>, i1>, !neura.data<index, i1>, !neura.data<index, i1>, !neura.data<index, i1>) -> ()\0A      %61 = \22neura.data_mov\22(%56) : (!neura.data<index, i1>) -> !neura.data<index, i1>\0A      %62 = \22neura.data_mov\22(%21) : (!neura.data<index, i1>) -> !neura.data<index, i1>\0A      %63 = \22neura.phi\22(%61, %62) : (!neura.data<index, i1>, !neura.data<index, i1>) -> !neura.data<index, i1>\0A      %64 = \22neura.data_mov\22(%53) : (!neura.data<index, i1>) -> !neura.data<index, i1>\0A      %65 = \22neura.data_mov\22(%27) : (!neura.data<index, i1>) -> !neura.data<index, i1>\0A      %66 = \22neura.phi\22(%64, %65) : (!neura.data<index, i1>, !neura.data<index, i1>) -> !neura.data<index, i1>\0A      %67 = \22neura.data_mov\22(%50) : (!neura.data<index, i1>) -> !neura.data<index, i1>\0A      %68 = \22neura.data_mov\22(%36) : (!neura.data<index, i1>) -> !neura.data<index, i1>\0A      %69 = \22neura.phi\22(%67, %68) : (!neura.data<index, i1>, !neura.data<index, i1>) -> !neura.data<index, i1>\0A      %70 = \22neura.data_mov\22(%47) : (!neura.data<index, i1>) -> !neura.data<index, i1>\0A      %71 = \22neura.data_mov\22(%33) : (!neura.data<index, i1>) -> !neura.data<index, i1>\0A      %72 = \22neura.phi\22(%70, %71) : (!neura.data<index, i1>, !neura.data<index, i1>) -> !neura.data<index, i1>\0A      %73 = \22neura.data_mov\22(%44) : (!neura.data<index, i1>) -> !neura.data<index, i1>\0A      %74 = \22neura.data_mov\22(%24) : (!neura.data<index, i1>) -> !neura.data<index, i1>\0A      %75 = \22neura.phi\22(%73, %74) : (!neura.data<index, i1>, !neura.data<index, i1>) -> !neura.data<index, i1>\0A      %76 = \22neura.data_mov\22(%41) : (!neura.data<index, i1>) -> !neura.data<index, i1>\0A      %77 = \22neura.data_mov\22(%30) : (!neura.data<index, i1>) -> !neura.data<index, i1>\0A      %78 = \22neura.phi\22(%76, %77) : (!neura.data<index, i1>, !neura.data<index, i1>) -> !neura.data<index, i1>\0A      %79 = \22neura.data_mov\22(%78) : (!neura.data<index, i1>) -> !neura.data<index, i1>\0A      %80 = \22neura.data_mov\22(%75) : (!neura.data<index, i1>) -> !neura.data<index, i1>\0A      %81 = \22neura.data_mov\22(%72) : (!neura.data<index, i1>) -> !neura.data<index, i1>\0A      %82 = \22neura.load_indexed\22(%79, %80, %81) <{operandSegmentSizes = array<i32: 0, 3>}> {lhs_value = \22%input2\22} : (!neura.data<index, i1>, !neura.data<index, i1>, !neura.data<index, i1>) -> !neura.data<i32, i1>\0A      %83 = \22neura.data_mov\22(%69) : (!neura.data<index, i1>) -> !neura.data<index, i1>\0A      %84 = \22neura.data_mov\22(%72) : (!neura.data<index, i1>) -> !neura.data<index, i1>\0A      %85 = \22neura.data_mov\22(%66) : (!neura.data<index, i1>) -> !neura.data<index, i1>\0A      %86 = \22neura.load_indexed\22(%83, %84, %85) <{operandSegmentSizes = array<i32: 0, 3>}> {lhs_value = \22%input3\22} : (!neura.data<index, i1>, !neura.data<index, i1>, !neura.data<index, i1>) -> !neura.data<i32, i1>\0A      %87 = \22neura.data_mov\22(%82) : (!neura.data<i32, i1>) -> !neura.data<i32, i1>\0A      %88 = \22neura.data_mov\22(%86) : (!neura.data<i32, i1>) -> !neura.data<i32, i1>\0A      %89 = \22neura.mul\22(%87, %88) : (!neura.data<i32, i1>, !neura.data<i32, i1>) -> !neura.data<i32, i1>\0A      %90 = \22neura.data_mov\22(%63) : (!neura.data<index, i1>) -> !neura.data<index, i1>\0A      %91 = \22neura.data_mov\22(%75) : (!neura.data<index, i1>) -> !neura.data<index, i1>\0A      %92 = \22neura.data_mov\22(%66) : (!neura.data<index, i1>) -> !neura.data<index, i1>\0A      %93 = \22neura.load_indexed\22(%90, %91, %92) <{operandSegmentSizes = array<i32: 0, 3>}> {lhs_value = \22%input1\22} : (!neura.data<index, i1>, !neura.data<index, i1>, !neura.data<index, i1>) -> !neura.data<i32, i1>\0A      %94 = \22neura.data_mov\22(%93) : (!neura.data<i32, i1>) -> !neura.data<i32, i1>\0A      %95 = \22neura.data_mov\22(%89) : (!neura.data<i32, i1>) -> !neura.data<i32, i1>\0A      %96 = \22neura.add\22(%94, %95) : (!neura.data<i32, i1>, !neura.data<i32, i1>) -> !neura.data<i32, i1>\0A      %97 = \22neura.data_mov\22(%96) : (!neura.data<i32, i1>) -> !neura.data<i32, i1>\0A      %98 = \22neura.data_mov\22(%63) : (!neura.data<index, i1>) -> !neura.data<index, i1>\0A      %99 = \22neura.data_mov\22(%75) : (!neura.data<index, i1>) -> !neura.data<index, i1>\0A      %100 = \22neura.data_mov\22(%66) : (!neura.data<index, i1>) -> !neura.data<index, i1>\0A      \22neura.store_indexed\22(%97, %98, %99, %100) <{operandSegmentSizes = array<i32: 1, 0, 3>}> {rhs_value = \22%input1\22} : (!neura.data<i32, i1>, !neura.data<index, i1>, !neura.data<index, i1>, !neura.data<index, i1>) -> ()\0A      \22neura.yield\22() <{operandSegmentSizes = array<i32: 0, 0>}> {yield_type = \22void\22} : () -> ()\0A    }) {dataflow_mode = \22predicate\22} : (i32, memref<?x256x16xi32>, memref<?x256x256xi32>, memref<?x256x16xi32>, index) -> ()\0A    \22taskflow.yield\22(%arg9, %arg11) <{operandSegmentSizes = array<i32: 1, 1, 0>}> : (memref<?x256x16xi32>, memref<?x256x16xi32>) -> ()\0A  }) {dlp_replicable = true, runtime_managable = true} : (memref<?x256x256xi32>, memref<?x256x16xi32>, memref<?x256x16xi32>, memref<?x256x16xi32>, index, i32, memref<?x256x256xi32>, memref<?x256x16xi32>, memref<?x256x16xi32>, memref<?x256x16xi32>) -> (memref<?x256x16xi32>, memref<?x256x16xi32>)\0A  \22func.return\22() : () -> ()\0A}) : () -> ()", amoeba.source_iteration_domain = {axes = [{carried_values = 0 : i64, expanded_inside_mapper_firing = false, extent = 5 : i64, kind = "taskflow-counter", lower = 0 : i64, ordinal = 0 : i64, parent_counter_ordinal = -1 : i64, result_uses = 0 : i64, step = 1 : i64, upper = 5 : i64}, {carried_values = 0 : i64, expanded_inside_mapper_firing = false, extent = 16 : i64, kind = "taskflow-counter", lower = 0 : i64, ordinal = 1 : i64, parent_counter_ordinal = -1 : i64, result_uses = 0 : i64, step = 1 : i64, upper = 16 : i64}, {carried_values = 0 : i64, expanded_inside_mapper_firing = false, extent = 5 : i64, kind = "taskflow-counter", lower = 0 : i64, ordinal = 2 : i64, parent_counter_ordinal = -1 : i64, result_uses = 0 : i64, step = 1 : i64, upper = 5 : i64}], canonical_witness = "amoeba-source-iteration-domain-v1\0Acomplete=1\0Arepresented_multiplicity=400\0Ainternal_multiplicity=1\0Asource_multiplicity=400\0Aaxis_count=3\0Aaxis=T,0,0,5,1,5,0,-1,0,0\0Aaxis=T,1,0,16,1,16,0,-1,0,0\0Aaxis=T,2,0,5,1,5,0,-1,0,0\0Areason_bytes=0:\0A", complete = true, internal_multiplicity = 1 : i64, represented_multiplicity = 400 : i64, schema = "amoeba-source-iteration-domain-v1", source_multiplicity = 400 : i64}, amoeba.source_iteration_source_control_binding = "amoeba-source-iteration-domain-v1\0Adomain_witness_bytes=231:amoeba-source-iteration-domain-v1\0Acomplete=1\0Arepresented_multiplicity=400\0Ainternal_multiplicity=1\0Asource_multiplicity=400\0Aaxis_count=3\0Aaxis=T,0,0,5,1,5,0,-1,0,0\0Aaxis=T,1,0,16,1,16,0,-1,0,0\0Aaxis=T,2,0,5,1,5,0,-1,0,0\0Areason_bytes=0:\0A\0A\22func.func\22() <{function_type = (memref<?x256x256xi32>, memref<?x256x16xi32>, memref<?x256x16xi32>, index, i32, memref<?x256x256xi32>, memref<?x256x16xi32>, memref<?x256x16xi32>) -> (), sym_name = \22__source_domain_binding__\22}> ({\0A^bb0(%arg0: memref<?x256x256xi32>, %arg1: memref<?x256x16xi32>, %arg2: memref<?x256x16xi32>, %arg3: index, %arg4: i32, %arg5: memref<?x256x256xi32>, %arg6: memref<?x256x16xi32>, %arg7: memref<?x256x16xi32>):\0A  %0:2 = \22taskflow.task\22(%arg0, %arg1, %arg2, %arg2, %arg3, %arg4, %arg5, %arg6, %arg7, %arg7) <{operandSegmentSizes = array<i32: 3, 1, 2, 3, 1>, resultSegmentSizes = array<i32: 1, 1, 0>, task_name = \22Task_17\22}> ({\0A  ^bb0(%arg8: memref<?x256x256xi32>, %arg9: memref<?x256x16xi32>, %arg10: memref<?x256x16xi32>, %arg11: memref<?x256x16xi32>, %arg12: index, %arg13: i32):\0A    %1 = \22arith.constant\22() <{value = 16 : index}> : () -> index\0A    %2 = \22arith.constant\22() <{value = 0 : index}> : () -> index\0A    %3 = \22arith.constant\22() <{value = 1 : index}> : () -> index\0A    %4 = \22taskflow.counter\22(%2, %arg12, %3) <{counter_dynamism = \22symbol_bound\22, counter_hierarchy = \22root\22, counter_id = 0 : i32}> : (index, index, index) -> index\0A    %5 = \22taskflow.counter\22(%4, %2, %1, %3) <{counter_dynamism = \22constant_bound\22, counter_hierarchy = \22relay\22, counter_id = 1 : i32}> : (index, index, index, index) -> index\0A    %6 = \22taskflow.counter\22(%5, %2, %arg12, %3) <{counter_dynamism = \22symbol_bound\22, counter_hierarchy = \22leaf\22, counter_id = 2 : i32}> : (index, index, index, index) -> index\0A    \22neura.kernel\22(%arg13, %arg11, %arg8, %arg9, %arg12) <{accelerator = \22neura\22, operandSegmentSizes = array<i32: 5, 0>}> ({\0A    ^bb0(%arg14: !neura.data<i32, i1>, %arg15: !neura.data<memref<?x256x16xi32>, i1>, %arg16: !neura.data<memref<?x256x256xi32>, i1>, %arg17: !neura.data<memref<?x256x16xi32>, i1>, %arg18: !neura.data<index, i1>):\0A      %7 = \22neura.constant\22() <{value = \22%input1\22}> : () -> !neura.data<memref<?x256x16xi32>, i1>\0A      %8 = \22neura.constant\22() <{value = 6 : index}> : () -> !neura.data<index, i1>\0A      %9 = \22neura.constant\22() <{value = 2 : index}> : () -> !neura.data<index, i1>\0A      %10 = \22neura.constant\22() <{value = 0 : index}> : () -> !neura.data<index, i1>\0A      %11 = \22neura.counter\22() <{counter_dynamism = \22symbol_bound\22, counter_hierarchy = \22root\22, counter_id = 0 : i32, operandSegmentSizes = array<i32: 0, 0, 0>}> {lower_bound_value = 0 : index, step_value = 1 : index, upper_bound_value = \22%input4\22} : () -> !neura.data<index, i1>\0A      %12 = \22neura.counter\22() <{counter_dynamism = \22constant_bound\22, counter_hierarchy = \22relay\22, counter_id = 1 : i32, operandSegmentSizes = array<i32: 0, 0, 0>}> {lower_bound_value = 0 : index, step_value = 1 : index, upper_bound_value = 16 : index} : () -> !neura.data<index, i1>\0A      %13 = \22neura.counter\22() <{counter_dynamism = \22symbol_bound\22, counter_hierarchy = \22leaf\22, counter_id = 2 : i32, operandSegmentSizes = array<i32: 0, 0, 0>}> {lower_bound_value = 0 : index, step_value = 1 : index, upper_bound_value = \22%input4\22} : () -> !neura.data<index, i1>\0A      %14 = \22neura.data_mov\22(%13) : (!neura.data<index, i1>) -> !neura.data<index, i1>\0A      %15 = \22neura.icmp\22(%14) <{cmpType = \22eq\22}> {rhs_value = 0 : index} : (!neura.data<index, i1>) -> !neura.data<i1, i1>\0A      %16 = \22neura.data_mov\22(%7) : (!neura.data<memref<?x256x16xi32>, i1>) -> !neura.data<memref<?x256x16xi32>, i1>\0A      %17 = \22neura.data_mov\22(%15) : (!neura.data<i1, i1>) -> !neura.data<i1, i1>\0A      %18 = \22neura.grant_predicate\22(%16, %17) : (!neura.data<memref<?x256x16xi32>, i1>, !neura.data<i1, i1>) -> !neura.data<memref<?x256x16xi32>, i1>\0A      %19 = \22neura.data_mov\22(%8) : (!neura.data<index, i1>) -> !neura.data<index, i1>\0A      %20 = \22neura.data_mov\22(%15) : (!neura.data<i1, i1>) -> !neura.data<i1, i1>\0A      %21 = \22neura.grant_predicate\22(%19, %20) : (!neura.data<index, i1>, !neura.data<i1, i1>) -> !neura.data<index, i1>\0A      %22 = \22neura.data_mov\22(%11) : (!neura.data<index, i1>) -> !neura.data<index, i1>\0A      %23 = \22neura.data_mov\22(%15) : (!neura.data<i1, i1>) -> !neura.data<i1, i1>\0A      %24 = \22neura.grant_predicate\22(%22, %23) : (!neura.data<index, i1>, !neura.data<i1, i1>) -> !neura.data<index, i1>\0A      %25 = \22neura.data_mov\22(%12) : (!neura.data<index, i1>) -> !neura.data<index, i1>\0A      %26 = \22neura.data_mov\22(%15) : (!neura.data<i1, i1>) -> !neura.data<i1, i1>\0A      %27 = \22neura.grant_predicate\22(%25, %26) : (!neura.data<index, i1>, !neura.data<i1, i1>) -> !neura.data<index, i1>\0A      %28 = \22neura.data_mov\22(%9) : (!neura.data<index, i1>) -> !neura.data<index, i1>\0A      %29 = \22neura.data_mov\22(%15) : (!neura.data<i1, i1>) -> !neura.data<i1, i1>\0A      %30 = \22neura.grant_predicate\22(%28, %29) : (!neura.data<index, i1>, !neura.data<i1, i1>) -> !neura.data<index, i1>\0A      %31 = \22neura.data_mov\22(%13) : (!neura.data<index, i1>) -> !neura.data<index, i1>\0A      %32 = \22neura.data_mov\22(%15) : (!neura.data<i1, i1>) -> !neura.data<i1, i1>\0A      %33 = \22neura.grant_predicate\22(%31, %32) : (!neura.data<index, i1>, !neura.data<i1, i1>) -> !neura.data<index, i1>\0A      %34 = \22neura.data_mov\22(%10) : (!neura.data<index, i1>) -> !neura.data<index, i1>\0A      %35 = \22neura.data_mov\22(%15) : (!neura.data<i1, i1>) -> !neura.data<i1, i1>\0A      %36 = \22neura.grant_predicate\22(%34, %35) : (!neura.data<index, i1>, !neura.data<i1, i1>) -> !neura.data<index, i1>\0A      %37 = \22neura.data_mov\22(%15) : (!neura.data<i1, i1>) -> !neura.data<i1, i1>\0A      %38 = \22neura.not\22(%37) : (!neura.data<i1, i1>) -> !neura.data<i1, i1>\0A      %39 = \22neura.data_mov\22(%9) : (!neura.data<index, i1>) -> !neura.data<index, i1>\0A      %40 = \22neura.data_mov\22(%38) : (!neura.data<i1, i1>) -> !neura.data<i1, i1>\0A      %41 = \22neura.grant_predicate\22(%39, %40) : (!neura.data<index, i1>, !neura.data<i1, i1>) -> !neura.data<index, i1>\0A      %42 = \22neura.data_mov\22(%11) : (!neura.data<index, i1>) -> !neura.data<index, i1>\0A      %43 = \22neura.data_mov\22(%38) : (!neura.data<i1, i1>) -> !neura.data<i1, i1>\0A      %44 = \22neura.grant_predicate\22(%42, %43) : (!neura.data<index, i1>, !neura.data<i1, i1>) -> !neura.data<index, i1>\0A      %45 = \22neura.data_mov\22(%13) : (!neura.data<index, i1>) -> !neura.data<index, i1>\0A      %46 = \22neura.data_mov\22(%38) : (!neura.data<i1, i1>) -> !neura.data<i1, i1>\0A      %47 = \22neura.grant_predicate\22(%45, %46) : (!neura.data<index, i1>, !neura.data<i1, i1>) -> !neura.data<index, i1>\0A      %48 = \22neura.data_mov\22(%10) : (!neura.data<index, i1>) -> !neura.data<index, i1>\0A      %49 = \22neura.data_mov\22(%38) : (!neura.data<i1, i1>) -> !neura.data<i1, i1>\0A      %50 = \22neura.grant_predicate\22(%48, %49) : (!neura.data<index, i1>, !neura.data<i1, i1>) -> !neura.data<index, i1>\0A      %51 = \22neura.data_mov\22(%12) : (!neura.data<index, i1>) -> !neura.data<index, i1>\0A      %52 = \22neura.data_mov\22(%38) : (!neura.data<i1, i1>) -> !neura.data<i1, i1>\0A      %53 = \22neura.grant_predicate\22(%51, %52) : (!neura.data<index, i1>, !neura.data<i1, i1>) -> !neura.data<index, i1>\0A      %54 = \22neura.data_mov\22(%8) : (!neura.data<index, i1>) -> !neura.data<index, i1>\0A      %55 = \22neura.data_mov\22(%38) : (!neura.data<i1, i1>) -> !neura.data<i1, i1>\0A      %56 = \22neura.grant_predicate\22(%54, %55) : (!neura.data<index, i1>, !neura.data<i1, i1>) -> !neura.data<index, i1>\0A      %57 = \22neura.data_mov\22(%18) : (!neura.data<memref<?x256x16xi32>, i1>) -> !neura.data<memref<?x256x16xi32>, i1>\0A      %58 = \22neura.data_mov\22(%21) : (!neura.data<index, i1>) -> !neura.data<index, i1>\0A      %59 = \22neura.data_mov\22(%24) : (!neura.data<index, i1>) -> !neura.data<index, i1>\0A      %60 = \22neura.data_mov\22(%27) : (!neura.data<index, i1>) -> !neura.data<index, i1>\0A      \22neura.store_indexed\22(%57, %58, %59, %60) <{operandSegmentSizes = array<i32: 0, 1, 3>}> {lhs_value = \22%input0\22} : (!neura.data<memref<?x256x16xi32>, i1>, !neura.data<index, i1>, !neura.data<index, i1>, !neura.data<index, i1>) -> ()\0A      %61 = \22neura.data_mov\22(%56) : (!neura.data<index, i1>) -> !neura.data<index, i1>\0A      %62 = \22neura.data_mov\22(%21) : (!neura.data<index, i1>) -> !neura.data<index, i1>\0A      %63 = \22neura.phi\22(%61, %62) : (!neura.data<index, i1>, !neura.data<index, i1>) -> !neura.data<index, i1>\0A      %64 = \22neura.data_mov\22(%53) : (!neura.data<index, i1>) -> !neura.data<index, i1>\0A      %65 = \22neura.data_mov\22(%27) : (!neura.data<index, i1>) -> !neura.data<index, i1>\0A      %66 = \22neura.phi\22(%64, %65) : (!neura.data<index, i1>, !neura.data<index, i1>) -> !neura.data<index, i1>\0A      %67 = \22neura.data_mov\22(%50) : (!neura.data<index, i1>) -> !neura.data<index, i1>\0A      %68 = \22neura.data_mov\22(%36) : (!neura.data<index, i1>) -> !neura.data<index, i1>\0A      %69 = \22neura.phi\22(%67, %68) : (!neura.data<index, i1>, !neura.data<index, i1>) -> !neura.data<index, i1>\0A      %70 = \22neura.data_mov\22(%47) : (!neura.data<index, i1>) -> !neura.data<index, i1>\0A      %71 = \22neura.data_mov\22(%33) : (!neura.data<index, i1>) -> !neura.data<index, i1>\0A      %72 = \22neura.phi\22(%70, %71) : (!neura.data<index, i1>, !neura.data<index, i1>) -> !neura.data<index, i1>\0A      %73 = \22neura.data_mov\22(%44) : (!neura.data<index, i1>) -> !neura.data<index, i1>\0A      %74 = \22neura.data_mov\22(%24) : (!neura.data<index, i1>) -> !neura.data<index, i1>\0A      %75 = \22neura.phi\22(%73, %74) : (!neura.data<index, i1>, !neura.data<index, i1>) -> !neura.data<index, i1>\0A      %76 = \22neura.data_mov\22(%41) : (!neura.data<index, i1>) -> !neura.data<index, i1>\0A      %77 = \22neura.data_mov\22(%30) : (!neura.data<index, i1>) -> !neura.data<index, i1>\0A      %78 = \22neura.phi\22(%76, %77) : (!neura.data<index, i1>, !neura.data<index, i1>) -> !neura.data<index, i1>\0A      %79 = \22neura.data_mov\22(%78) : (!neura.data<index, i1>) -> !neura.data<index, i1>\0A      %80 = \22neura.data_mov\22(%75) : (!neura.data<index, i1>) -> !neura.data<index, i1>\0A      %81 = \22neura.data_mov\22(%72) : (!neura.data<index, i1>) -> !neura.data<index, i1>\0A      %82 = \22neura.load_indexed\22(%79, %80, %81) <{operandSegmentSizes = array<i32: 0, 3>}> {lhs_value = \22%input2\22} : (!neura.data<index, i1>, !neura.data<index, i1>, !neura.data<index, i1>) -> !neura.data<i32, i1>\0A      %83 = \22neura.data_mov\22(%69) : (!neura.data<index, i1>) -> !neura.data<index, i1>\0A      %84 = \22neura.data_mov\22(%72) : (!neura.data<index, i1>) -> !neura.data<index, i1>\0A      %85 = \22neura.data_mov\22(%66) : (!neura.data<index, i1>) -> !neura.data<index, i1>\0A      %86 = \22neura.load_indexed\22(%83, %84, %85) <{operandSegmentSizes = array<i32: 0, 3>}> {lhs_value = \22%input3\22} : (!neura.data<index, i1>, !neura.data<index, i1>, !neura.data<index, i1>) -> !neura.data<i32, i1>\0A      %87 = \22neura.data_mov\22(%82) : (!neura.data<i32, i1>) -> !neura.data<i32, i1>\0A      %88 = \22neura.data_mov\22(%86) : (!neura.data<i32, i1>) -> !neura.data<i32, i1>\0A      %89 = \22neura.mul\22(%87, %88) : (!neura.data<i32, i1>, !neura.data<i32, i1>) -> !neura.data<i32, i1>\0A      %90 = \22neura.data_mov\22(%63) : (!neura.data<index, i1>) -> !neura.data<index, i1>\0A      %91 = \22neura.data_mov\22(%75) : (!neura.data<index, i1>) -> !neura.data<index, i1>\0A      %92 = \22neura.data_mov\22(%66) : (!neura.data<index, i1>) -> !neura.data<index, i1>\0A      %93 = \22neura.load_indexed\22(%90, %91, %92) <{operandSegmentSizes = array<i32: 0, 3>}> {lhs_value = \22%input1\22} : (!neura.data<index, i1>, !neura.data<index, i1>, !neura.data<index, i1>) -> !neura.data<i32, i1>\0A      %94 = \22neura.data_mov\22(%93) : (!neura.data<i32, i1>) -> !neura.data<i32, i1>\0A      %95 = \22neura.data_mov\22(%89) : (!neura.data<i32, i1>) -> !neura.data<i32, i1>\0A      %96 = \22neura.add\22(%94, %95) : (!neura.data<i32, i1>, !neura.data<i32, i1>) -> !neura.data<i32, i1>\0A      %97 = \22neura.data_mov\22(%96) : (!neura.data<i32, i1>) -> !neura.data<i32, i1>\0A      %98 = \22neura.data_mov\22(%63) : (!neura.data<index, i1>) -> !neura.data<index, i1>\0A      %99 = \22neura.data_mov\22(%75) : (!neura.data<index, i1>) -> !neura.data<index, i1>\0A      %100 = \22neura.data_mov\22(%66) : (!neura.data<index, i1>) -> !neura.data<index, i1>\0A      \22neura.store_indexed\22(%97, %98, %99, %100) <{operandSegmentSizes = array<i32: 1, 0, 3>}> {rhs_value = \22%input1\22} : (!neura.data<i32, i1>, !neura.data<index, i1>, !neura.data<index, i1>, !neura.data<index, i1>) -> ()\0A      \22neura.yield\22() <{operandSegmentSizes = array<i32: 0, 0>}> {yield_type = \22void\22} : () -> ()\0A    }) {dataflow_mode = \22predicate\22} : (i32, memref<?x256x16xi32>, memref<?x256x256xi32>, memref<?x256x16xi32>, index) -> ()\0A    \22taskflow.yield\22(%arg9, %arg11) <{operandSegmentSizes = array<i32: 1, 1, 0>}> : (memref<?x256x16xi32>, memref<?x256x16xi32>) -> ()\0A  }) {dlp_replicable = true, runtime_managable = true} : (memref<?x256x256xi32>, memref<?x256x16xi32>, memref<?x256x16xi32>, memref<?x256x16xi32>, index, i32, memref<?x256x256xi32>, memref<?x256x16xi32>, memref<?x256x16xi32>, memref<?x256x16xi32>) -> (memref<?x256x16xi32>, memref<?x256x16xi32>)\0A  \22func.return\22() : () -> ()\0A}) : () -> ()", dlp_replicable = true, runtime_managable = true} : (memref<?x256x256xi32>, memref<?x256x16xi32>, memref<?x256x16xi32>, memref<?x256x16xi32>, index, i32, memref<?x256x256xi32>, memref<?x256x16xi32>, memref<?x256x16xi32>, memref<?x256x16xi32>) -> (memref<?x256x16xi32>, memref<?x256x16xi32>)
    %23:2 = "taskflow.task"(%12, %18#2, %22#1, %22#1, %4, %3, %arg10, %arg13, %arg12, %arg12) <{operandSegmentSizes = array<i32: 3, 1, 2, 3, 1>, resultSegmentSizes = array<i32: 1, 1, 0>, task_name = "Task_18"}> ({
    ^bb0(%arg117: memref<?x256x256xi32>, %arg118: memref<?x256x16xi32>, %arg119: memref<?x256x16xi32>, %arg120: memref<?x256x16xi32>, %arg121: index, %arg122: i32):
      %721 = "arith.constant"() <{value = 16 : index}> : () -> index
      %722 = "arith.constant"() <{value = 0 : index}> : () -> index
      %723 = "arith.constant"() <{value = 1 : index}> : () -> index
      %724 = "taskflow.counter"(%722, %arg121, %723) <{counter_dynamism = "symbol_bound", counter_hierarchy = "root", counter_id = 0 : i32}> : (index, index, index) -> index
      %725 = "taskflow.counter"(%724, %722, %721, %723) <{counter_dynamism = "constant_bound", counter_hierarchy = "relay", counter_id = 1 : i32}> : (index, index, index, index) -> index
      %726 = "taskflow.counter"(%725, %722, %arg121, %723) <{counter_dynamism = "symbol_bound", counter_hierarchy = "leaf", counter_id = 2 : i32}> : (index, index, index, index) -> index
      "neura.kernel"(%arg122, %arg120, %arg117, %arg118, %arg121) <{accelerator = "neura", operandSegmentSizes = array<i32: 5, 0>}> ({
      ^bb0(%arg123: !neura.data<i32, i1>, %arg124: !neura.data<memref<?x256x16xi32>, i1>, %arg125: !neura.data<memref<?x256x256xi32>, i1>, %arg126: !neura.data<memref<?x256x16xi32>, i1>, %arg127: !neura.data<index, i1>):
        %727 = "neura.constant"() <{value = "%input1"}> : () -> !neura.data<memref<?x256x16xi32>, i1>
        %728 = "neura.constant"() <{value = 7 : index}> : () -> !neura.data<index, i1>
        %729 = "neura.constant"() <{value = 3 : index}> : () -> !neura.data<index, i1>
        %730 = "neura.constant"() <{value = 0 : index}> : () -> !neura.data<index, i1>
        %731 = "neura.counter"() <{counter_dynamism = "symbol_bound", counter_hierarchy = "root", counter_id = 0 : i32, operandSegmentSizes = array<i32: 0, 0, 0>}> {lower_bound_value = 0 : index, step_value = 1 : index, upper_bound_value = "%input4"} : () -> !neura.data<index, i1>
        %732 = "neura.counter"() <{counter_dynamism = "constant_bound", counter_hierarchy = "relay", counter_id = 1 : i32, operandSegmentSizes = array<i32: 0, 0, 0>}> {lower_bound_value = 0 : index, step_value = 1 : index, upper_bound_value = 16 : index} : () -> !neura.data<index, i1>
        %733 = "neura.counter"() <{counter_dynamism = "symbol_bound", counter_hierarchy = "leaf", counter_id = 2 : i32, operandSegmentSizes = array<i32: 0, 0, 0>}> {lower_bound_value = 0 : index, step_value = 1 : index, upper_bound_value = "%input4"} : () -> !neura.data<index, i1>
        %734 = "neura.data_mov"(%733) : (!neura.data<index, i1>) -> !neura.data<index, i1>
        %735 = "neura.icmp"(%734) <{cmpType = "eq"}> {rhs_value = 0 : index} : (!neura.data<index, i1>) -> !neura.data<i1, i1>
        %736 = "neura.data_mov"(%727) : (!neura.data<memref<?x256x16xi32>, i1>) -> !neura.data<memref<?x256x16xi32>, i1>
        %737 = "neura.data_mov"(%735) : (!neura.data<i1, i1>) -> !neura.data<i1, i1>
        %738 = "neura.grant_predicate"(%736, %737) : (!neura.data<memref<?x256x16xi32>, i1>, !neura.data<i1, i1>) -> !neura.data<memref<?x256x16xi32>, i1>
        %739 = "neura.data_mov"(%728) : (!neura.data<index, i1>) -> !neura.data<index, i1>
        %740 = "neura.data_mov"(%735) : (!neura.data<i1, i1>) -> !neura.data<i1, i1>
        %741 = "neura.grant_predicate"(%739, %740) : (!neura.data<index, i1>, !neura.data<i1, i1>) -> !neura.data<index, i1>
        %742 = "neura.data_mov"(%731) : (!neura.data<index, i1>) -> !neura.data<index, i1>
        %743 = "neura.data_mov"(%735) : (!neura.data<i1, i1>) -> !neura.data<i1, i1>
        %744 = "neura.grant_predicate"(%742, %743) : (!neura.data<index, i1>, !neura.data<i1, i1>) -> !neura.data<index, i1>
        %745 = "neura.data_mov"(%732) : (!neura.data<index, i1>) -> !neura.data<index, i1>
        %746 = "neura.data_mov"(%735) : (!neura.data<i1, i1>) -> !neura.data<i1, i1>
        %747 = "neura.grant_predicate"(%745, %746) : (!neura.data<index, i1>, !neura.data<i1, i1>) -> !neura.data<index, i1>
        %748 = "neura.data_mov"(%729) : (!neura.data<index, i1>) -> !neura.data<index, i1>
        %749 = "neura.data_mov"(%735) : (!neura.data<i1, i1>) -> !neura.data<i1, i1>
        %750 = "neura.grant_predicate"(%748, %749) : (!neura.data<index, i1>, !neura.data<i1, i1>) -> !neura.data<index, i1>
        %751 = "neura.data_mov"(%733) : (!neura.data<index, i1>) -> !neura.data<index, i1>
        %752 = "neura.data_mov"(%735) : (!neura.data<i1, i1>) -> !neura.data<i1, i1>
        %753 = "neura.grant_predicate"(%751, %752) : (!neura.data<index, i1>, !neura.data<i1, i1>) -> !neura.data<index, i1>
        %754 = "neura.data_mov"(%730) : (!neura.data<index, i1>) -> !neura.data<index, i1>
        %755 = "neura.data_mov"(%735) : (!neura.data<i1, i1>) -> !neura.data<i1, i1>
        %756 = "neura.grant_predicate"(%754, %755) : (!neura.data<index, i1>, !neura.data<i1, i1>) -> !neura.data<index, i1>
        %757 = "neura.data_mov"(%735) : (!neura.data<i1, i1>) -> !neura.data<i1, i1>
        %758 = "neura.not"(%757) : (!neura.data<i1, i1>) -> !neura.data<i1, i1>
        %759 = "neura.data_mov"(%729) : (!neura.data<index, i1>) -> !neura.data<index, i1>
        %760 = "neura.data_mov"(%758) : (!neura.data<i1, i1>) -> !neura.data<i1, i1>
        %761 = "neura.grant_predicate"(%759, %760) : (!neura.data<index, i1>, !neura.data<i1, i1>) -> !neura.data<index, i1>
        %762 = "neura.data_mov"(%731) : (!neura.data<index, i1>) -> !neura.data<index, i1>
        %763 = "neura.data_mov"(%758) : (!neura.data<i1, i1>) -> !neura.data<i1, i1>
        %764 = "neura.grant_predicate"(%762, %763) : (!neura.data<index, i1>, !neura.data<i1, i1>) -> !neura.data<index, i1>
        %765 = "neura.data_mov"(%733) : (!neura.data<index, i1>) -> !neura.data<index, i1>
        %766 = "neura.data_mov"(%758) : (!neura.data<i1, i1>) -> !neura.data<i1, i1>
        %767 = "neura.grant_predicate"(%765, %766) : (!neura.data<index, i1>, !neura.data<i1, i1>) -> !neura.data<index, i1>
        %768 = "neura.data_mov"(%730) : (!neura.data<index, i1>) -> !neura.data<index, i1>
        %769 = "neura.data_mov"(%758) : (!neura.data<i1, i1>) -> !neura.data<i1, i1>
        %770 = "neura.grant_predicate"(%768, %769) : (!neura.data<index, i1>, !neura.data<i1, i1>) -> !neura.data<index, i1>
        %771 = "neura.data_mov"(%732) : (!neura.data<index, i1>) -> !neura.data<index, i1>
        %772 = "neura.data_mov"(%758) : (!neura.data<i1, i1>) -> !neura.data<i1, i1>
        %773 = "neura.grant_predicate"(%771, %772) : (!neura.data<index, i1>, !neura.data<i1, i1>) -> !neura.data<index, i1>
        %774 = "neura.data_mov"(%728) : (!neura.data<index, i1>) -> !neura.data<index, i1>
        %775 = "neura.data_mov"(%758) : (!neura.data<i1, i1>) -> !neura.data<i1, i1>
        %776 = "neura.grant_predicate"(%774, %775) : (!neura.data<index, i1>, !neura.data<i1, i1>) -> !neura.data<index, i1>
        %777 = "neura.data_mov"(%738) : (!neura.data<memref<?x256x16xi32>, i1>) -> !neura.data<memref<?x256x16xi32>, i1>
        %778 = "neura.data_mov"(%741) : (!neura.data<index, i1>) -> !neura.data<index, i1>
        %779 = "neura.data_mov"(%744) : (!neura.data<index, i1>) -> !neura.data<index, i1>
        %780 = "neura.data_mov"(%747) : (!neura.data<index, i1>) -> !neura.data<index, i1>
        "neura.store_indexed"(%777, %778, %779, %780) <{operandSegmentSizes = array<i32: 0, 1, 3>}> {lhs_value = "%input0"} : (!neura.data<memref<?x256x16xi32>, i1>, !neura.data<index, i1>, !neura.data<index, i1>, !neura.data<index, i1>) -> ()
        %781 = "neura.data_mov"(%776) : (!neura.data<index, i1>) -> !neura.data<index, i1>
        %782 = "neura.data_mov"(%741) : (!neura.data<index, i1>) -> !neura.data<index, i1>
        %783 = "neura.phi"(%781, %782) : (!neura.data<index, i1>, !neura.data<index, i1>) -> !neura.data<index, i1>
        %784 = "neura.data_mov"(%773) : (!neura.data<index, i1>) -> !neura.data<index, i1>
        %785 = "neura.data_mov"(%747) : (!neura.data<index, i1>) -> !neura.data<index, i1>
        %786 = "neura.phi"(%784, %785) : (!neura.data<index, i1>, !neura.data<index, i1>) -> !neura.data<index, i1>
        %787 = "neura.data_mov"(%770) : (!neura.data<index, i1>) -> !neura.data<index, i1>
        %788 = "neura.data_mov"(%756) : (!neura.data<index, i1>) -> !neura.data<index, i1>
        %789 = "neura.phi"(%787, %788) : (!neura.data<index, i1>, !neura.data<index, i1>) -> !neura.data<index, i1>
        %790 = "neura.data_mov"(%767) : (!neura.data<index, i1>) -> !neura.data<index, i1>
        %791 = "neura.data_mov"(%753) : (!neura.data<index, i1>) -> !neura.data<index, i1>
        %792 = "neura.phi"(%790, %791) : (!neura.data<index, i1>, !neura.data<index, i1>) -> !neura.data<index, i1>
        %793 = "neura.data_mov"(%764) : (!neura.data<index, i1>) -> !neura.data<index, i1>
        %794 = "neura.data_mov"(%744) : (!neura.data<index, i1>) -> !neura.data<index, i1>
        %795 = "neura.phi"(%793, %794) : (!neura.data<index, i1>, !neura.data<index, i1>) -> !neura.data<index, i1>
        %796 = "neura.data_mov"(%761) : (!neura.data<index, i1>) -> !neura.data<index, i1>
        %797 = "neura.data_mov"(%750) : (!neura.data<index, i1>) -> !neura.data<index, i1>
        %798 = "neura.phi"(%796, %797) : (!neura.data<index, i1>, !neura.data<index, i1>) -> !neura.data<index, i1>
        %799 = "neura.data_mov"(%798) : (!neura.data<index, i1>) -> !neura.data<index, i1>
        %800 = "neura.data_mov"(%795) : (!neura.data<index, i1>) -> !neura.data<index, i1>
        %801 = "neura.data_mov"(%792) : (!neura.data<index, i1>) -> !neura.data<index, i1>
        %802 = "neura.load_indexed"(%799, %800, %801) <{operandSegmentSizes = array<i32: 0, 3>}> {lhs_value = "%input2"} : (!neura.data<index, i1>, !neura.data<index, i1>, !neura.data<index, i1>) -> !neura.data<i32, i1>
        %803 = "neura.data_mov"(%789) : (!neura.data<index, i1>) -> !neura.data<index, i1>
        %804 = "neura.data_mov"(%792) : (!neura.data<index, i1>) -> !neura.data<index, i1>
        %805 = "neura.data_mov"(%786) : (!neura.data<index, i1>) -> !neura.data<index, i1>
        %806 = "neura.load_indexed"(%803, %804, %805) <{operandSegmentSizes = array<i32: 0, 3>}> {lhs_value = "%input3"} : (!neura.data<index, i1>, !neura.data<index, i1>, !neura.data<index, i1>) -> !neura.data<i32, i1>
        %807 = "neura.data_mov"(%802) : (!neura.data<i32, i1>) -> !neura.data<i32, i1>
        %808 = "neura.data_mov"(%806) : (!neura.data<i32, i1>) -> !neura.data<i32, i1>
        %809 = "neura.mul"(%807, %808) : (!neura.data<i32, i1>, !neura.data<i32, i1>) -> !neura.data<i32, i1>
        %810 = "neura.data_mov"(%783) : (!neura.data<index, i1>) -> !neura.data<index, i1>
        %811 = "neura.data_mov"(%795) : (!neura.data<index, i1>) -> !neura.data<index, i1>
        %812 = "neura.data_mov"(%786) : (!neura.data<index, i1>) -> !neura.data<index, i1>
        %813 = "neura.load_indexed"(%810, %811, %812) <{operandSegmentSizes = array<i32: 0, 3>}> {lhs_value = "%input1"} : (!neura.data<index, i1>, !neura.data<index, i1>, !neura.data<index, i1>) -> !neura.data<i32, i1>
        %814 = "neura.data_mov"(%813) : (!neura.data<i32, i1>) -> !neura.data<i32, i1>
        %815 = "neura.data_mov"(%809) : (!neura.data<i32, i1>) -> !neura.data<i32, i1>
        %816 = "neura.add"(%814, %815) : (!neura.data<i32, i1>, !neura.data<i32, i1>) -> !neura.data<i32, i1>
        %817 = "neura.data_mov"(%816) : (!neura.data<i32, i1>) -> !neura.data<i32, i1>
        %818 = "neura.data_mov"(%783) : (!neura.data<index, i1>) -> !neura.data<index, i1>
        %819 = "neura.data_mov"(%795) : (!neura.data<index, i1>) -> !neura.data<index, i1>
        %820 = "neura.data_mov"(%786) : (!neura.data<index, i1>) -> !neura.data<index, i1>
        "neura.store_indexed"(%817, %818, %819, %820) <{operandSegmentSizes = array<i32: 1, 0, 3>}> {rhs_value = "%input1"} : (!neura.data<i32, i1>, !neura.data<index, i1>, !neura.data<index, i1>, !neura.data<index, i1>) -> ()
        "neura.yield"() <{operandSegmentSizes = array<i32: 0, 0>}> {yield_type = "void"} : () -> ()
      }) {dataflow_mode = "predicate"} : (i32, memref<?x256x16xi32>, memref<?x256x256xi32>, memref<?x256x16xi32>, index) -> ()
      "taskflow.yield"(%arg118, %arg120) <{operandSegmentSizes = array<i32: 1, 1, 0>}> : (memref<?x256x16xi32>, memref<?x256x16xi32>) -> ()
    }) {amoeba.source_iteration_control_binding = "amoeba-source-iteration-domain-v1\0Adomain_witness_bytes=231:amoeba-source-iteration-domain-v1\0Acomplete=1\0Arepresented_multiplicity=400\0Ainternal_multiplicity=1\0Asource_multiplicity=400\0Aaxis_count=3\0Aaxis=T,0,0,5,1,5,0,-1,0,0\0Aaxis=T,1,0,16,1,16,0,-1,0,0\0Aaxis=T,2,0,5,1,5,0,-1,0,0\0Areason_bytes=0:\0A\0A\22func.func\22() <{function_type = (memref<?x256x256xi32>, memref<?x256x16xi32>, memref<?x256x16xi32>, index, i32, memref<?x256x256xi32>, memref<?x256x16xi32>, memref<?x256x16xi32>) -> (), sym_name = \22__source_domain_binding__\22}> ({\0A^bb0(%arg0: memref<?x256x256xi32>, %arg1: memref<?x256x16xi32>, %arg2: memref<?x256x16xi32>, %arg3: index, %arg4: i32, %arg5: memref<?x256x256xi32>, %arg6: memref<?x256x16xi32>, %arg7: memref<?x256x16xi32>):\0A  %0:2 = \22taskflow.task\22(%arg0, %arg1, %arg2, %arg2, %arg3, %arg4, %arg5, %arg6, %arg7, %arg7) <{operandSegmentSizes = array<i32: 3, 1, 2, 3, 1>, resultSegmentSizes = array<i32: 1, 1, 0>, task_name = \22Task_18\22}> ({\0A  ^bb0(%arg8: memref<?x256x256xi32>, %arg9: memref<?x256x16xi32>, %arg10: memref<?x256x16xi32>, %arg11: memref<?x256x16xi32>, %arg12: index, %arg13: i32):\0A    %1 = \22arith.constant\22() <{value = 16 : index}> : () -> index\0A    %2 = \22arith.constant\22() <{value = 0 : index}> : () -> index\0A    %3 = \22arith.constant\22() <{value = 1 : index}> : () -> index\0A    %4 = \22taskflow.counter\22(%2, %arg12, %3) <{counter_dynamism = \22symbol_bound\22, counter_hierarchy = \22root\22, counter_id = 0 : i32}> : (index, index, index) -> index\0A    %5 = \22taskflow.counter\22(%4, %2, %1, %3) <{counter_dynamism = \22constant_bound\22, counter_hierarchy = \22relay\22, counter_id = 1 : i32}> : (index, index, index, index) -> index\0A    %6 = \22taskflow.counter\22(%5, %2, %arg12, %3) <{counter_dynamism = \22symbol_bound\22, counter_hierarchy = \22leaf\22, counter_id = 2 : i32}> : (index, index, index, index) -> index\0A    \22neura.kernel\22(%arg13, %arg11, %arg8, %arg9, %arg12) <{accelerator = \22neura\22, operandSegmentSizes = array<i32: 5, 0>}> ({\0A    ^bb0(%arg14: !neura.data<i32, i1>, %arg15: !neura.data<memref<?x256x16xi32>, i1>, %arg16: !neura.data<memref<?x256x256xi32>, i1>, %arg17: !neura.data<memref<?x256x16xi32>, i1>, %arg18: !neura.data<index, i1>):\0A      %7 = \22neura.constant\22() <{value = \22%input1\22}> : () -> !neura.data<memref<?x256x16xi32>, i1>\0A      %8 = \22neura.constant\22() <{value = 7 : index}> : () -> !neura.data<index, i1>\0A      %9 = \22neura.constant\22() <{value = 3 : index}> : () -> !neura.data<index, i1>\0A      %10 = \22neura.constant\22() <{value = 0 : index}> : () -> !neura.data<index, i1>\0A      %11 = \22neura.counter\22() <{counter_dynamism = \22symbol_bound\22, counter_hierarchy = \22root\22, counter_id = 0 : i32, operandSegmentSizes = array<i32: 0, 0, 0>}> {lower_bound_value = 0 : index, step_value = 1 : index, upper_bound_value = \22%input4\22} : () -> !neura.data<index, i1>\0A      %12 = \22neura.counter\22() <{counter_dynamism = \22constant_bound\22, counter_hierarchy = \22relay\22, counter_id = 1 : i32, operandSegmentSizes = array<i32: 0, 0, 0>}> {lower_bound_value = 0 : index, step_value = 1 : index, upper_bound_value = 16 : index} : () -> !neura.data<index, i1>\0A      %13 = \22neura.counter\22() <{counter_dynamism = \22symbol_bound\22, counter_hierarchy = \22leaf\22, counter_id = 2 : i32, operandSegmentSizes = array<i32: 0, 0, 0>}> {lower_bound_value = 0 : index, step_value = 1 : index, upper_bound_value = \22%input4\22} : () -> !neura.data<index, i1>\0A      %14 = \22neura.data_mov\22(%13) : (!neura.data<index, i1>) -> !neura.data<index, i1>\0A      %15 = \22neura.icmp\22(%14) <{cmpType = \22eq\22}> {rhs_value = 0 : index} : (!neura.data<index, i1>) -> !neura.data<i1, i1>\0A      %16 = \22neura.data_mov\22(%7) : (!neura.data<memref<?x256x16xi32>, i1>) -> !neura.data<memref<?x256x16xi32>, i1>\0A      %17 = \22neura.data_mov\22(%15) : (!neura.data<i1, i1>) -> !neura.data<i1, i1>\0A      %18 = \22neura.grant_predicate\22(%16, %17) : (!neura.data<memref<?x256x16xi32>, i1>, !neura.data<i1, i1>) -> !neura.data<memref<?x256x16xi32>, i1>\0A      %19 = \22neura.data_mov\22(%8) : (!neura.data<index, i1>) -> !neura.data<index, i1>\0A      %20 = \22neura.data_mov\22(%15) : (!neura.data<i1, i1>) -> !neura.data<i1, i1>\0A      %21 = \22neura.grant_predicate\22(%19, %20) : (!neura.data<index, i1>, !neura.data<i1, i1>) -> !neura.data<index, i1>\0A      %22 = \22neura.data_mov\22(%11) : (!neura.data<index, i1>) -> !neura.data<index, i1>\0A      %23 = \22neura.data_mov\22(%15) : (!neura.data<i1, i1>) -> !neura.data<i1, i1>\0A      %24 = \22neura.grant_predicate\22(%22, %23) : (!neura.data<index, i1>, !neura.data<i1, i1>) -> !neura.data<index, i1>\0A      %25 = \22neura.data_mov\22(%12) : (!neura.data<index, i1>) -> !neura.data<index, i1>\0A      %26 = \22neura.data_mov\22(%15) : (!neura.data<i1, i1>) -> !neura.data<i1, i1>\0A      %27 = \22neura.grant_predicate\22(%25, %26) : (!neura.data<index, i1>, !neura.data<i1, i1>) -> !neura.data<index, i1>\0A      %28 = \22neura.data_mov\22(%9) : (!neura.data<index, i1>) -> !neura.data<index, i1>\0A      %29 = \22neura.data_mov\22(%15) : (!neura.data<i1, i1>) -> !neura.data<i1, i1>\0A      %30 = \22neura.grant_predicate\22(%28, %29) : (!neura.data<index, i1>, !neura.data<i1, i1>) -> !neura.data<index, i1>\0A      %31 = \22neura.data_mov\22(%13) : (!neura.data<index, i1>) -> !neura.data<index, i1>\0A      %32 = \22neura.data_mov\22(%15) : (!neura.data<i1, i1>) -> !neura.data<i1, i1>\0A      %33 = \22neura.grant_predicate\22(%31, %32) : (!neura.data<index, i1>, !neura.data<i1, i1>) -> !neura.data<index, i1>\0A      %34 = \22neura.data_mov\22(%10) : (!neura.data<index, i1>) -> !neura.data<index, i1>\0A      %35 = \22neura.data_mov\22(%15) : (!neura.data<i1, i1>) -> !neura.data<i1, i1>\0A      %36 = \22neura.grant_predicate\22(%34, %35) : (!neura.data<index, i1>, !neura.data<i1, i1>) -> !neura.data<index, i1>\0A      %37 = \22neura.data_mov\22(%15) : (!neura.data<i1, i1>) -> !neura.data<i1, i1>\0A      %38 = \22neura.not\22(%37) : (!neura.data<i1, i1>) -> !neura.data<i1, i1>\0A      %39 = \22neura.data_mov\22(%9) : (!neura.data<index, i1>) -> !neura.data<index, i1>\0A      %40 = \22neura.data_mov\22(%38) : (!neura.data<i1, i1>) -> !neura.data<i1, i1>\0A      %41 = \22neura.grant_predicate\22(%39, %40) : (!neura.data<index, i1>, !neura.data<i1, i1>) -> !neura.data<index, i1>\0A      %42 = \22neura.data_mov\22(%11) : (!neura.data<index, i1>) -> !neura.data<index, i1>\0A      %43 = \22neura.data_mov\22(%38) : (!neura.data<i1, i1>) -> !neura.data<i1, i1>\0A      %44 = \22neura.grant_predicate\22(%42, %43) : (!neura.data<index, i1>, !neura.data<i1, i1>) -> !neura.data<index, i1>\0A      %45 = \22neura.data_mov\22(%13) : (!neura.data<index, i1>) -> !neura.data<index, i1>\0A      %46 = \22neura.data_mov\22(%38) : (!neura.data<i1, i1>) -> !neura.data<i1, i1>\0A      %47 = \22neura.grant_predicate\22(%45, %46) : (!neura.data<index, i1>, !neura.data<i1, i1>) -> !neura.data<index, i1>\0A      %48 = \22neura.data_mov\22(%10) : (!neura.data<index, i1>) -> !neura.data<index, i1>\0A      %49 = \22neura.data_mov\22(%38) : (!neura.data<i1, i1>) -> !neura.data<i1, i1>\0A      %50 = \22neura.grant_predicate\22(%48, %49) : (!neura.data<index, i1>, !neura.data<i1, i1>) -> !neura.data<index, i1>\0A      %51 = \22neura.data_mov\22(%12) : (!neura.data<index, i1>) -> !neura.data<index, i1>\0A      %52 = \22neura.data_mov\22(%38) : (!neura.data<i1, i1>) -> !neura.data<i1, i1>\0A      %53 = \22neura.grant_predicate\22(%51, %52) : (!neura.data<index, i1>, !neura.data<i1, i1>) -> !neura.data<index, i1>\0A      %54 = \22neura.data_mov\22(%8) : (!neura.data<index, i1>) -> !neura.data<index, i1>\0A      %55 = \22neura.data_mov\22(%38) : (!neura.data<i1, i1>) -> !neura.data<i1, i1>\0A      %56 = \22neura.grant_predicate\22(%54, %55) : (!neura.data<index, i1>, !neura.data<i1, i1>) -> !neura.data<index, i1>\0A      %57 = \22neura.data_mov\22(%18) : (!neura.data<memref<?x256x16xi32>, i1>) -> !neura.data<memref<?x256x16xi32>, i1>\0A      %58 = \22neura.data_mov\22(%21) : (!neura.data<index, i1>) -> !neura.data<index, i1>\0A      %59 = \22neura.data_mov\22(%24) : (!neura.data<index, i1>) -> !neura.data<index, i1>\0A      %60 = \22neura.data_mov\22(%27) : (!neura.data<index, i1>) -> !neura.data<index, i1>\0A      \22neura.store_indexed\22(%57, %58, %59, %60) <{operandSegmentSizes = array<i32: 0, 1, 3>}> {lhs_value = \22%input0\22} : (!neura.data<memref<?x256x16xi32>, i1>, !neura.data<index, i1>, !neura.data<index, i1>, !neura.data<index, i1>) -> ()\0A      %61 = \22neura.data_mov\22(%56) : (!neura.data<index, i1>) -> !neura.data<index, i1>\0A      %62 = \22neura.data_mov\22(%21) : (!neura.data<index, i1>) -> !neura.data<index, i1>\0A      %63 = \22neura.phi\22(%61, %62) : (!neura.data<index, i1>, !neura.data<index, i1>) -> !neura.data<index, i1>\0A      %64 = \22neura.data_mov\22(%53) : (!neura.data<index, i1>) -> !neura.data<index, i1>\0A      %65 = \22neura.data_mov\22(%27) : (!neura.data<index, i1>) -> !neura.data<index, i1>\0A      %66 = \22neura.phi\22(%64, %65) : (!neura.data<index, i1>, !neura.data<index, i1>) -> !neura.data<index, i1>\0A      %67 = \22neura.data_mov\22(%50) : (!neura.data<index, i1>) -> !neura.data<index, i1>\0A      %68 = \22neura.data_mov\22(%36) : (!neura.data<index, i1>) -> !neura.data<index, i1>\0A      %69 = \22neura.phi\22(%67, %68) : (!neura.data<index, i1>, !neura.data<index, i1>) -> !neura.data<index, i1>\0A      %70 = \22neura.data_mov\22(%47) : (!neura.data<index, i1>) -> !neura.data<index, i1>\0A      %71 = \22neura.data_mov\22(%33) : (!neura.data<index, i1>) -> !neura.data<index, i1>\0A      %72 = \22neura.phi\22(%70, %71) : (!neura.data<index, i1>, !neura.data<index, i1>) -> !neura.data<index, i1>\0A      %73 = \22neura.data_mov\22(%44) : (!neura.data<index, i1>) -> !neura.data<index, i1>\0A      %74 = \22neura.data_mov\22(%24) : (!neura.data<index, i1>) -> !neura.data<index, i1>\0A      %75 = \22neura.phi\22(%73, %74) : (!neura.data<index, i1>, !neura.data<index, i1>) -> !neura.data<index, i1>\0A      %76 = \22neura.data_mov\22(%41) : (!neura.data<index, i1>) -> !neura.data<index, i1>\0A      %77 = \22neura.data_mov\22(%30) : (!neura.data<index, i1>) -> !neura.data<index, i1>\0A      %78 = \22neura.phi\22(%76, %77) : (!neura.data<index, i1>, !neura.data<index, i1>) -> !neura.data<index, i1>\0A      %79 = \22neura.data_mov\22(%78) : (!neura.data<index, i1>) -> !neura.data<index, i1>\0A      %80 = \22neura.data_mov\22(%75) : (!neura.data<index, i1>) -> !neura.data<index, i1>\0A      %81 = \22neura.data_mov\22(%72) : (!neura.data<index, i1>) -> !neura.data<index, i1>\0A      %82 = \22neura.load_indexed\22(%79, %80, %81) <{operandSegmentSizes = array<i32: 0, 3>}> {lhs_value = \22%input2\22} : (!neura.data<index, i1>, !neura.data<index, i1>, !neura.data<index, i1>) -> !neura.data<i32, i1>\0A      %83 = \22neura.data_mov\22(%69) : (!neura.data<index, i1>) -> !neura.data<index, i1>\0A      %84 = \22neura.data_mov\22(%72) : (!neura.data<index, i1>) -> !neura.data<index, i1>\0A      %85 = \22neura.data_mov\22(%66) : (!neura.data<index, i1>) -> !neura.data<index, i1>\0A      %86 = \22neura.load_indexed\22(%83, %84, %85) <{operandSegmentSizes = array<i32: 0, 3>}> {lhs_value = \22%input3\22} : (!neura.data<index, i1>, !neura.data<index, i1>, !neura.data<index, i1>) -> !neura.data<i32, i1>\0A      %87 = \22neura.data_mov\22(%82) : (!neura.data<i32, i1>) -> !neura.data<i32, i1>\0A      %88 = \22neura.data_mov\22(%86) : (!neura.data<i32, i1>) -> !neura.data<i32, i1>\0A      %89 = \22neura.mul\22(%87, %88) : (!neura.data<i32, i1>, !neura.data<i32, i1>) -> !neura.data<i32, i1>\0A      %90 = \22neura.data_mov\22(%63) : (!neura.data<index, i1>) -> !neura.data<index, i1>\0A      %91 = \22neura.data_mov\22(%75) : (!neura.data<index, i1>) -> !neura.data<index, i1>\0A      %92 = \22neura.data_mov\22(%66) : (!neura.data<index, i1>) -> !neura.data<index, i1>\0A      %93 = \22neura.load_indexed\22(%90, %91, %92) <{operandSegmentSizes = array<i32: 0, 3>}> {lhs_value = \22%input1\22} : (!neura.data<index, i1>, !neura.data<index, i1>, !neura.data<index, i1>) -> !neura.data<i32, i1>\0A      %94 = \22neura.data_mov\22(%93) : (!neura.data<i32, i1>) -> !neura.data<i32, i1>\0A      %95 = \22neura.data_mov\22(%89) : (!neura.data<i32, i1>) -> !neura.data<i32, i1>\0A      %96 = \22neura.add\22(%94, %95) : (!neura.data<i32, i1>, !neura.data<i32, i1>) -> !neura.data<i32, i1>\0A      %97 = \22neura.data_mov\22(%96) : (!neura.data<i32, i1>) -> !neura.data<i32, i1>\0A      %98 = \22neura.data_mov\22(%63) : (!neura.data<index, i1>) -> !neura.data<index, i1>\0A      %99 = \22neura.data_mov\22(%75) : (!neura.data<index, i1>) -> !neura.data<index, i1>\0A      %100 = \22neura.data_mov\22(%66) : (!neura.data<index, i1>) -> !neura.data<index, i1>\0A      \22neura.store_indexed\22(%97, %98, %99, %100) <{operandSegmentSizes = array<i32: 1, 0, 3>}> {rhs_value = \22%input1\22} : (!neura.data<i32, i1>, !neura.data<index, i1>, !neura.data<index, i1>, !neura.data<index, i1>) -> ()\0A      \22neura.yield\22() <{operandSegmentSizes = array<i32: 0, 0>}> {yield_type = \22void\22} : () -> ()\0A    }) {dataflow_mode = \22predicate\22} : (i32, memref<?x256x16xi32>, memref<?x256x256xi32>, memref<?x256x16xi32>, index) -> ()\0A    \22taskflow.yield\22(%arg9, %arg11) <{operandSegmentSizes = array<i32: 1, 1, 0>}> : (memref<?x256x16xi32>, memref<?x256x16xi32>) -> ()\0A  }) {dlp_replicable = true, runtime_managable = true} : (memref<?x256x256xi32>, memref<?x256x16xi32>, memref<?x256x16xi32>, memref<?x256x16xi32>, index, i32, memref<?x256x256xi32>, memref<?x256x16xi32>, memref<?x256x16xi32>, memref<?x256x16xi32>) -> (memref<?x256x16xi32>, memref<?x256x16xi32>)\0A  \22func.return\22() : () -> ()\0A}) : () -> ()", amoeba.source_iteration_domain = {axes = [{carried_values = 0 : i64, expanded_inside_mapper_firing = false, extent = 5 : i64, kind = "taskflow-counter", lower = 0 : i64, ordinal = 0 : i64, parent_counter_ordinal = -1 : i64, result_uses = 0 : i64, step = 1 : i64, upper = 5 : i64}, {carried_values = 0 : i64, expanded_inside_mapper_firing = false, extent = 16 : i64, kind = "taskflow-counter", lower = 0 : i64, ordinal = 1 : i64, parent_counter_ordinal = -1 : i64, result_uses = 0 : i64, step = 1 : i64, upper = 16 : i64}, {carried_values = 0 : i64, expanded_inside_mapper_firing = false, extent = 5 : i64, kind = "taskflow-counter", lower = 0 : i64, ordinal = 2 : i64, parent_counter_ordinal = -1 : i64, result_uses = 0 : i64, step = 1 : i64, upper = 5 : i64}], canonical_witness = "amoeba-source-iteration-domain-v1\0Acomplete=1\0Arepresented_multiplicity=400\0Ainternal_multiplicity=1\0Asource_multiplicity=400\0Aaxis_count=3\0Aaxis=T,0,0,5,1,5,0,-1,0,0\0Aaxis=T,1,0,16,1,16,0,-1,0,0\0Aaxis=T,2,0,5,1,5,0,-1,0,0\0Areason_bytes=0:\0A", complete = true, internal_multiplicity = 1 : i64, represented_multiplicity = 400 : i64, schema = "amoeba-source-iteration-domain-v1", source_multiplicity = 400 : i64}, amoeba.source_iteration_source_control_binding = "amoeba-source-iteration-domain-v1\0Adomain_witness_bytes=231:amoeba-source-iteration-domain-v1\0Acomplete=1\0Arepresented_multiplicity=400\0Ainternal_multiplicity=1\0Asource_multiplicity=400\0Aaxis_count=3\0Aaxis=T,0,0,5,1,5,0,-1,0,0\0Aaxis=T,1,0,16,1,16,0,-1,0,0\0Aaxis=T,2,0,5,1,5,0,-1,0,0\0Areason_bytes=0:\0A\0A\22func.func\22() <{function_type = (memref<?x256x256xi32>, memref<?x256x16xi32>, memref<?x256x16xi32>, index, i32, memref<?x256x256xi32>, memref<?x256x16xi32>, memref<?x256x16xi32>) -> (), sym_name = \22__source_domain_binding__\22}> ({\0A^bb0(%arg0: memref<?x256x256xi32>, %arg1: memref<?x256x16xi32>, %arg2: memref<?x256x16xi32>, %arg3: index, %arg4: i32, %arg5: memref<?x256x256xi32>, %arg6: memref<?x256x16xi32>, %arg7: memref<?x256x16xi32>):\0A  %0:2 = \22taskflow.task\22(%arg0, %arg1, %arg2, %arg2, %arg3, %arg4, %arg5, %arg6, %arg7, %arg7) <{operandSegmentSizes = array<i32: 3, 1, 2, 3, 1>, resultSegmentSizes = array<i32: 1, 1, 0>, task_name = \22Task_18\22}> ({\0A  ^bb0(%arg8: memref<?x256x256xi32>, %arg9: memref<?x256x16xi32>, %arg10: memref<?x256x16xi32>, %arg11: memref<?x256x16xi32>, %arg12: index, %arg13: i32):\0A    %1 = \22arith.constant\22() <{value = 16 : index}> : () -> index\0A    %2 = \22arith.constant\22() <{value = 0 : index}> : () -> index\0A    %3 = \22arith.constant\22() <{value = 1 : index}> : () -> index\0A    %4 = \22taskflow.counter\22(%2, %arg12, %3) <{counter_dynamism = \22symbol_bound\22, counter_hierarchy = \22root\22, counter_id = 0 : i32}> : (index, index, index) -> index\0A    %5 = \22taskflow.counter\22(%4, %2, %1, %3) <{counter_dynamism = \22constant_bound\22, counter_hierarchy = \22relay\22, counter_id = 1 : i32}> : (index, index, index, index) -> index\0A    %6 = \22taskflow.counter\22(%5, %2, %arg12, %3) <{counter_dynamism = \22symbol_bound\22, counter_hierarchy = \22leaf\22, counter_id = 2 : i32}> : (index, index, index, index) -> index\0A    \22neura.kernel\22(%arg13, %arg11, %arg8, %arg9, %arg12) <{accelerator = \22neura\22, operandSegmentSizes = array<i32: 5, 0>}> ({\0A    ^bb0(%arg14: !neura.data<i32, i1>, %arg15: !neura.data<memref<?x256x16xi32>, i1>, %arg16: !neura.data<memref<?x256x256xi32>, i1>, %arg17: !neura.data<memref<?x256x16xi32>, i1>, %arg18: !neura.data<index, i1>):\0A      %7 = \22neura.constant\22() <{value = \22%input1\22}> : () -> !neura.data<memref<?x256x16xi32>, i1>\0A      %8 = \22neura.constant\22() <{value = 7 : index}> : () -> !neura.data<index, i1>\0A      %9 = \22neura.constant\22() <{value = 3 : index}> : () -> !neura.data<index, i1>\0A      %10 = \22neura.constant\22() <{value = 0 : index}> : () -> !neura.data<index, i1>\0A      %11 = \22neura.counter\22() <{counter_dynamism = \22symbol_bound\22, counter_hierarchy = \22root\22, counter_id = 0 : i32, operandSegmentSizes = array<i32: 0, 0, 0>}> {lower_bound_value = 0 : index, step_value = 1 : index, upper_bound_value = \22%input4\22} : () -> !neura.data<index, i1>\0A      %12 = \22neura.counter\22() <{counter_dynamism = \22constant_bound\22, counter_hierarchy = \22relay\22, counter_id = 1 : i32, operandSegmentSizes = array<i32: 0, 0, 0>}> {lower_bound_value = 0 : index, step_value = 1 : index, upper_bound_value = 16 : index} : () -> !neura.data<index, i1>\0A      %13 = \22neura.counter\22() <{counter_dynamism = \22symbol_bound\22, counter_hierarchy = \22leaf\22, counter_id = 2 : i32, operandSegmentSizes = array<i32: 0, 0, 0>}> {lower_bound_value = 0 : index, step_value = 1 : index, upper_bound_value = \22%input4\22} : () -> !neura.data<index, i1>\0A      %14 = \22neura.data_mov\22(%13) : (!neura.data<index, i1>) -> !neura.data<index, i1>\0A      %15 = \22neura.icmp\22(%14) <{cmpType = \22eq\22}> {rhs_value = 0 : index} : (!neura.data<index, i1>) -> !neura.data<i1, i1>\0A      %16 = \22neura.data_mov\22(%7) : (!neura.data<memref<?x256x16xi32>, i1>) -> !neura.data<memref<?x256x16xi32>, i1>\0A      %17 = \22neura.data_mov\22(%15) : (!neura.data<i1, i1>) -> !neura.data<i1, i1>\0A      %18 = \22neura.grant_predicate\22(%16, %17) : (!neura.data<memref<?x256x16xi32>, i1>, !neura.data<i1, i1>) -> !neura.data<memref<?x256x16xi32>, i1>\0A      %19 = \22neura.data_mov\22(%8) : (!neura.data<index, i1>) -> !neura.data<index, i1>\0A      %20 = \22neura.data_mov\22(%15) : (!neura.data<i1, i1>) -> !neura.data<i1, i1>\0A      %21 = \22neura.grant_predicate\22(%19, %20) : (!neura.data<index, i1>, !neura.data<i1, i1>) -> !neura.data<index, i1>\0A      %22 = \22neura.data_mov\22(%11) : (!neura.data<index, i1>) -> !neura.data<index, i1>\0A      %23 = \22neura.data_mov\22(%15) : (!neura.data<i1, i1>) -> !neura.data<i1, i1>\0A      %24 = \22neura.grant_predicate\22(%22, %23) : (!neura.data<index, i1>, !neura.data<i1, i1>) -> !neura.data<index, i1>\0A      %25 = \22neura.data_mov\22(%12) : (!neura.data<index, i1>) -> !neura.data<index, i1>\0A      %26 = \22neura.data_mov\22(%15) : (!neura.data<i1, i1>) -> !neura.data<i1, i1>\0A      %27 = \22neura.grant_predicate\22(%25, %26) : (!neura.data<index, i1>, !neura.data<i1, i1>) -> !neura.data<index, i1>\0A      %28 = \22neura.data_mov\22(%9) : (!neura.data<index, i1>) -> !neura.data<index, i1>\0A      %29 = \22neura.data_mov\22(%15) : (!neura.data<i1, i1>) -> !neura.data<i1, i1>\0A      %30 = \22neura.grant_predicate\22(%28, %29) : (!neura.data<index, i1>, !neura.data<i1, i1>) -> !neura.data<index, i1>\0A      %31 = \22neura.data_mov\22(%13) : (!neura.data<index, i1>) -> !neura.data<index, i1>\0A      %32 = \22neura.data_mov\22(%15) : (!neura.data<i1, i1>) -> !neura.data<i1, i1>\0A      %33 = \22neura.grant_predicate\22(%31, %32) : (!neura.data<index, i1>, !neura.data<i1, i1>) -> !neura.data<index, i1>\0A      %34 = \22neura.data_mov\22(%10) : (!neura.data<index, i1>) -> !neura.data<index, i1>\0A      %35 = \22neura.data_mov\22(%15) : (!neura.data<i1, i1>) -> !neura.data<i1, i1>\0A      %36 = \22neura.grant_predicate\22(%34, %35) : (!neura.data<index, i1>, !neura.data<i1, i1>) -> !neura.data<index, i1>\0A      %37 = \22neura.data_mov\22(%15) : (!neura.data<i1, i1>) -> !neura.data<i1, i1>\0A      %38 = \22neura.not\22(%37) : (!neura.data<i1, i1>) -> !neura.data<i1, i1>\0A      %39 = \22neura.data_mov\22(%9) : (!neura.data<index, i1>) -> !neura.data<index, i1>\0A      %40 = \22neura.data_mov\22(%38) : (!neura.data<i1, i1>) -> !neura.data<i1, i1>\0A      %41 = \22neura.grant_predicate\22(%39, %40) : (!neura.data<index, i1>, !neura.data<i1, i1>) -> !neura.data<index, i1>\0A      %42 = \22neura.data_mov\22(%11) : (!neura.data<index, i1>) -> !neura.data<index, i1>\0A      %43 = \22neura.data_mov\22(%38) : (!neura.data<i1, i1>) -> !neura.data<i1, i1>\0A      %44 = \22neura.grant_predicate\22(%42, %43) : (!neura.data<index, i1>, !neura.data<i1, i1>) -> !neura.data<index, i1>\0A      %45 = \22neura.data_mov\22(%13) : (!neura.data<index, i1>) -> !neura.data<index, i1>\0A      %46 = \22neura.data_mov\22(%38) : (!neura.data<i1, i1>) -> !neura.data<i1, i1>\0A      %47 = \22neura.grant_predicate\22(%45, %46) : (!neura.data<index, i1>, !neura.data<i1, i1>) -> !neura.data<index, i1>\0A      %48 = \22neura.data_mov\22(%10) : (!neura.data<index, i1>) -> !neura.data<index, i1>\0A      %49 = \22neura.data_mov\22(%38) : (!neura.data<i1, i1>) -> !neura.data<i1, i1>\0A      %50 = \22neura.grant_predicate\22(%48, %49) : (!neura.data<index, i1>, !neura.data<i1, i1>) -> !neura.data<index, i1>\0A      %51 = \22neura.data_mov\22(%12) : (!neura.data<index, i1>) -> !neura.data<index, i1>\0A      %52 = \22neura.data_mov\22(%38) : (!neura.data<i1, i1>) -> !neura.data<i1, i1>\0A      %53 = \22neura.grant_predicate\22(%51, %52) : (!neura.data<index, i1>, !neura.data<i1, i1>) -> !neura.data<index, i1>\0A      %54 = \22neura.data_mov\22(%8) : (!neura.data<index, i1>) -> !neura.data<index, i1>\0A      %55 = \22neura.data_mov\22(%38) : (!neura.data<i1, i1>) -> !neura.data<i1, i1>\0A      %56 = \22neura.grant_predicate\22(%54, %55) : (!neura.data<index, i1>, !neura.data<i1, i1>) -> !neura.data<index, i1>\0A      %57 = \22neura.data_mov\22(%18) : (!neura.data<memref<?x256x16xi32>, i1>) -> !neura.data<memref<?x256x16xi32>, i1>\0A      %58 = \22neura.data_mov\22(%21) : (!neura.data<index, i1>) -> !neura.data<index, i1>\0A      %59 = \22neura.data_mov\22(%24) : (!neura.data<index, i1>) -> !neura.data<index, i1>\0A      %60 = \22neura.data_mov\22(%27) : (!neura.data<index, i1>) -> !neura.data<index, i1>\0A      \22neura.store_indexed\22(%57, %58, %59, %60) <{operandSegmentSizes = array<i32: 0, 1, 3>}> {lhs_value = \22%input0\22} : (!neura.data<memref<?x256x16xi32>, i1>, !neura.data<index, i1>, !neura.data<index, i1>, !neura.data<index, i1>) -> ()\0A      %61 = \22neura.data_mov\22(%56) : (!neura.data<index, i1>) -> !neura.data<index, i1>\0A      %62 = \22neura.data_mov\22(%21) : (!neura.data<index, i1>) -> !neura.data<index, i1>\0A      %63 = \22neura.phi\22(%61, %62) : (!neura.data<index, i1>, !neura.data<index, i1>) -> !neura.data<index, i1>\0A      %64 = \22neura.data_mov\22(%53) : (!neura.data<index, i1>) -> !neura.data<index, i1>\0A      %65 = \22neura.data_mov\22(%27) : (!neura.data<index, i1>) -> !neura.data<index, i1>\0A      %66 = \22neura.phi\22(%64, %65) : (!neura.data<index, i1>, !neura.data<index, i1>) -> !neura.data<index, i1>\0A      %67 = \22neura.data_mov\22(%50) : (!neura.data<index, i1>) -> !neura.data<index, i1>\0A      %68 = \22neura.data_mov\22(%36) : (!neura.data<index, i1>) -> !neura.data<index, i1>\0A      %69 = \22neura.phi\22(%67, %68) : (!neura.data<index, i1>, !neura.data<index, i1>) -> !neura.data<index, i1>\0A      %70 = \22neura.data_mov\22(%47) : (!neura.data<index, i1>) -> !neura.data<index, i1>\0A      %71 = \22neura.data_mov\22(%33) : (!neura.data<index, i1>) -> !neura.data<index, i1>\0A      %72 = \22neura.phi\22(%70, %71) : (!neura.data<index, i1>, !neura.data<index, i1>) -> !neura.data<index, i1>\0A      %73 = \22neura.data_mov\22(%44) : (!neura.data<index, i1>) -> !neura.data<index, i1>\0A      %74 = \22neura.data_mov\22(%24) : (!neura.data<index, i1>) -> !neura.data<index, i1>\0A      %75 = \22neura.phi\22(%73, %74) : (!neura.data<index, i1>, !neura.data<index, i1>) -> !neura.data<index, i1>\0A      %76 = \22neura.data_mov\22(%41) : (!neura.data<index, i1>) -> !neura.data<index, i1>\0A      %77 = \22neura.data_mov\22(%30) : (!neura.data<index, i1>) -> !neura.data<index, i1>\0A      %78 = \22neura.phi\22(%76, %77) : (!neura.data<index, i1>, !neura.data<index, i1>) -> !neura.data<index, i1>\0A      %79 = \22neura.data_mov\22(%78) : (!neura.data<index, i1>) -> !neura.data<index, i1>\0A      %80 = \22neura.data_mov\22(%75) : (!neura.data<index, i1>) -> !neura.data<index, i1>\0A      %81 = \22neura.data_mov\22(%72) : (!neura.data<index, i1>) -> !neura.data<index, i1>\0A      %82 = \22neura.load_indexed\22(%79, %80, %81) <{operandSegmentSizes = array<i32: 0, 3>}> {lhs_value = \22%input2\22} : (!neura.data<index, i1>, !neura.data<index, i1>, !neura.data<index, i1>) -> !neura.data<i32, i1>\0A      %83 = \22neura.data_mov\22(%69) : (!neura.data<index, i1>) -> !neura.data<index, i1>\0A      %84 = \22neura.data_mov\22(%72) : (!neura.data<index, i1>) -> !neura.data<index, i1>\0A      %85 = \22neura.data_mov\22(%66) : (!neura.data<index, i1>) -> !neura.data<index, i1>\0A      %86 = \22neura.load_indexed\22(%83, %84, %85) <{operandSegmentSizes = array<i32: 0, 3>}> {lhs_value = \22%input3\22} : (!neura.data<index, i1>, !neura.data<index, i1>, !neura.data<index, i1>) -> !neura.data<i32, i1>\0A      %87 = \22neura.data_mov\22(%82) : (!neura.data<i32, i1>) -> !neura.data<i32, i1>\0A      %88 = \22neura.data_mov\22(%86) : (!neura.data<i32, i1>) -> !neura.data<i32, i1>\0A      %89 = \22neura.mul\22(%87, %88) : (!neura.data<i32, i1>, !neura.data<i32, i1>) -> !neura.data<i32, i1>\0A      %90 = \22neura.data_mov\22(%63) : (!neura.data<index, i1>) -> !neura.data<index, i1>\0A      %91 = \22neura.data_mov\22(%75) : (!neura.data<index, i1>) -> !neura.data<index, i1>\0A      %92 = \22neura.data_mov\22(%66) : (!neura.data<index, i1>) -> !neura.data<index, i1>\0A      %93 = \22neura.load_indexed\22(%90, %91, %92) <{operandSegmentSizes = array<i32: 0, 3>}> {lhs_value = \22%input1\22} : (!neura.data<index, i1>, !neura.data<index, i1>, !neura.data<index, i1>) -> !neura.data<i32, i1>\0A      %94 = \22neura.data_mov\22(%93) : (!neura.data<i32, i1>) -> !neura.data<i32, i1>\0A      %95 = \22neura.data_mov\22(%89) : (!neura.data<i32, i1>) -> !neura.data<i32, i1>\0A      %96 = \22neura.add\22(%94, %95) : (!neura.data<i32, i1>, !neura.data<i32, i1>) -> !neura.data<i32, i1>\0A      %97 = \22neura.data_mov\22(%96) : (!neura.data<i32, i1>) -> !neura.data<i32, i1>\0A      %98 = \22neura.data_mov\22(%63) : (!neura.data<index, i1>) -> !neura.data<index, i1>\0A      %99 = \22neura.data_mov\22(%75) : (!neura.data<index, i1>) -> !neura.data<index, i1>\0A      %100 = \22neura.data_mov\22(%66) : (!neura.data<index, i1>) -> !neura.data<index, i1>\0A      \22neura.store_indexed\22(%97, %98, %99, %100) <{operandSegmentSizes = array<i32: 1, 0, 3>}> {rhs_value = \22%input1\22} : (!neura.data<i32, i1>, !neura.data<index, i1>, !neura.data<index, i1>, !neura.data<index, i1>) -> ()\0A      \22neura.yield\22() <{operandSegmentSizes = array<i32: 0, 0>}> {yield_type = \22void\22} : () -> ()\0A    }) {dataflow_mode = \22predicate\22} : (i32, memref<?x256x16xi32>, memref<?x256x256xi32>, memref<?x256x16xi32>, index) -> ()\0A    \22taskflow.yield\22(%arg9, %arg11) <{operandSegmentSizes = array<i32: 1, 1, 0>}> : (memref<?x256x16xi32>, memref<?x256x16xi32>) -> ()\0A  }) {dlp_replicable = true, runtime_managable = true} : (memref<?x256x256xi32>, memref<?x256x16xi32>, memref<?x256x16xi32>, memref<?x256x16xi32>, index, i32, memref<?x256x256xi32>, memref<?x256x16xi32>, memref<?x256x16xi32>, memref<?x256x16xi32>) -> (memref<?x256x16xi32>, memref<?x256x16xi32>)\0A  \22func.return\22() : () -> ()\0A}) : () -> ()", dlp_replicable = true, runtime_managable = true} : (memref<?x256x256xi32>, memref<?x256x16xi32>, memref<?x256x16xi32>, memref<?x256x16xi32>, index, i32, memref<?x256x256xi32>, memref<?x256x16xi32>, memref<?x256x16xi32>, memref<?x256x16xi32>) -> (memref<?x256x16xi32>, memref<?x256x16xi32>)
    %24:3 = "taskflow.task"(%19#1, %23#1, %18#2, %19#0, %20#0, %21#0, %22#0, %23#0, %4, %3, %arg11, %arg12, %arg13, %arg13) <{operandSegmentSizes = array<i32: 3, 5, 2, 3, 1>, resultSegmentSizes = array<i32: 2, 1, 0>, task_name = "Task_19"}> ({
    ^bb0(%arg102: memref<?x256x16xi32>, %arg103: memref<?x256x16xi32>, %arg104: memref<?x256x16xi32>, %arg105: memref<?x256x16xi32>, %arg106: memref<?x256x16xi32>, %arg107: memref<?x256x16xi32>, %arg108: memref<?x256x16xi32>, %arg109: memref<?x256x16xi32>, %arg110: index, %arg111: i32):
      %658 = "arith.constant"() <{value = 16 : index}> : () -> index
      %659 = "arith.constant"() <{value = 0 : index}> : () -> index
      %660 = "arith.constant"() <{value = 1 : index}> : () -> index
      %661 = "taskflow.counter"(%659, %arg110, %660) <{counter_dynamism = "symbol_bound", counter_hierarchy = "root", counter_id = 0 : i32}> : (index, index, index) -> index
      %662 = "taskflow.counter"(%661, %659, %658, %660) <{counter_dynamism = "constant_bound", counter_hierarchy = "leaf", counter_id = 1 : i32}> : (index, index, index, index) -> index
      "neura.kernel"(%arg102, %arg103, %arg109, %arg111, %arg110) <{accelerator = "neura", operandSegmentSizes = array<i32: 5, 0>}> ({
      ^bb0(%arg112: !neura.data<memref<?x256x16xi32>, i1>, %arg113: !neura.data<memref<?x256x16xi32>, i1>, %arg114: !neura.data<memref<?x256x16xi32>, i1>, %arg115: !neura.data<i32, i1>, %arg116: !neura.data<index, i1>):
        %663 = "neura.constant"() <{value = "%input3"}> : () -> !neura.data<i32, i1>
        %664 = "neura.constant"() <{value = 7 : index}> : () -> !neura.data<index, i1>
        %665 = "neura.constant"() <{value = 6 : index}> : () -> !neura.data<index, i1>
        %666 = "neura.constant"() <{value = 5 : index}> : () -> !neura.data<index, i1>
        %667 = "neura.constant"() <{value = 4 : index}> : () -> !neura.data<index, i1>
        %668 = "neura.constant"() <{value = 0 : index}> : () -> !neura.data<index, i1>
        %669 = "neura.constant"() <{value = 1 : index}> : () -> !neura.data<index, i1>
        %670 = "neura.counter"() <{counter_dynamism = "symbol_bound", counter_hierarchy = "root", counter_id = 0 : i32, operandSegmentSizes = array<i32: 0, 0, 0>}> {lower_bound_value = 0 : index, step_value = 1 : index, upper_bound_value = "%input4"} : () -> !neura.data<index, i1>
        %671 = "neura.counter"() <{counter_dynamism = "constant_bound", counter_hierarchy = "leaf", counter_id = 1 : i32, operandSegmentSizes = array<i32: 0, 0, 0>}> {lower_bound_value = 0 : index, step_value = 1 : index, upper_bound_value = 16 : index} : () -> !neura.data<index, i1>
        %672 = "neura.data_mov"(%669) : (!neura.data<index, i1>) -> !neura.data<index, i1>
        %673 = "neura.data_mov"(%670) : (!neura.data<index, i1>) -> !neura.data<index, i1>
        %674 = "neura.data_mov"(%671) : (!neura.data<index, i1>) -> !neura.data<index, i1>
        %675 = "neura.load_indexed"(%672, %673, %674) <{operandSegmentSizes = array<i32: 0, 3>}> {lhs_value = "%input0"} : (!neura.data<index, i1>, !neura.data<index, i1>, !neura.data<index, i1>) -> !neura.data<i32, i1>
        %676 = "neura.data_mov"(%667) : (!neura.data<index, i1>) -> !neura.data<index, i1>
        %677 = "neura.data_mov"(%670) : (!neura.data<index, i1>) -> !neura.data<index, i1>
        %678 = "neura.data_mov"(%671) : (!neura.data<index, i1>) -> !neura.data<index, i1>
        %679 = "neura.load_indexed"(%676, %677, %678) <{operandSegmentSizes = array<i32: 0, 3>}> {lhs_value = "%input1"} : (!neura.data<index, i1>, !neura.data<index, i1>, !neura.data<index, i1>) -> !neura.data<i32, i1>
        %680 = "neura.data_mov"(%675) : (!neura.data<i32, i1>) -> !neura.data<i32, i1>
        %681 = "neura.data_mov"(%679) : (!neura.data<i32, i1>) -> !neura.data<i32, i1>
        %682 = "neura.add"(%680, %681) : (!neura.data<i32, i1>, !neura.data<i32, i1>) -> !neura.data<i32, i1>
        %683 = "neura.data_mov"(%666) : (!neura.data<index, i1>) -> !neura.data<index, i1>
        %684 = "neura.data_mov"(%670) : (!neura.data<index, i1>) -> !neura.data<index, i1>
        %685 = "neura.data_mov"(%671) : (!neura.data<index, i1>) -> !neura.data<index, i1>
        %686 = "neura.load_indexed"(%683, %684, %685) <{operandSegmentSizes = array<i32: 0, 3>}> {lhs_value = "%input1"} : (!neura.data<index, i1>, !neura.data<index, i1>, !neura.data<index, i1>) -> !neura.data<i32, i1>
        %687 = "neura.data_mov"(%682) : (!neura.data<i32, i1>) -> !neura.data<i32, i1>
        %688 = "neura.data_mov"(%686) : (!neura.data<i32, i1>) -> !neura.data<i32, i1>
        %689 = "neura.add"(%687, %688) : (!neura.data<i32, i1>, !neura.data<i32, i1>) -> !neura.data<i32, i1>
        %690 = "neura.data_mov"(%665) : (!neura.data<index, i1>) -> !neura.data<index, i1>
        %691 = "neura.data_mov"(%670) : (!neura.data<index, i1>) -> !neura.data<index, i1>
        %692 = "neura.data_mov"(%671) : (!neura.data<index, i1>) -> !neura.data<index, i1>
        %693 = "neura.load_indexed"(%690, %691, %692) <{operandSegmentSizes = array<i32: 0, 3>}> {lhs_value = "%input1"} : (!neura.data<index, i1>, !neura.data<index, i1>, !neura.data<index, i1>) -> !neura.data<i32, i1>
        %694 = "neura.data_mov"(%689) : (!neura.data<i32, i1>) -> !neura.data<i32, i1>
        %695 = "neura.data_mov"(%693) : (!neura.data<i32, i1>) -> !neura.data<i32, i1>
        %696 = "neura.add"(%694, %695) : (!neura.data<i32, i1>, !neura.data<i32, i1>) -> !neura.data<i32, i1>
        %697 = "neura.data_mov"(%664) : (!neura.data<index, i1>) -> !neura.data<index, i1>
        %698 = "neura.data_mov"(%670) : (!neura.data<index, i1>) -> !neura.data<index, i1>
        %699 = "neura.data_mov"(%671) : (!neura.data<index, i1>) -> !neura.data<index, i1>
        %700 = "neura.load_indexed"(%697, %698, %699) <{operandSegmentSizes = array<i32: 0, 3>}> {lhs_value = "%input1"} : (!neura.data<index, i1>, !neura.data<index, i1>, !neura.data<index, i1>) -> !neura.data<i32, i1>
        %701 = "neura.data_mov"(%696) : (!neura.data<i32, i1>) -> !neura.data<i32, i1>
        %702 = "neura.data_mov"(%700) : (!neura.data<i32, i1>) -> !neura.data<i32, i1>
        %703 = "neura.add"(%701, %702) : (!neura.data<i32, i1>, !neura.data<i32, i1>) -> !neura.data<i32, i1>
        %704 = "neura.data_mov"(%668) : (!neura.data<index, i1>) -> !neura.data<index, i1>
        %705 = "neura.data_mov"(%670) : (!neura.data<index, i1>) -> !neura.data<index, i1>
        %706 = "neura.data_mov"(%671) : (!neura.data<index, i1>) -> !neura.data<index, i1>
        %707 = "neura.load_indexed"(%704, %705, %706) <{operandSegmentSizes = array<i32: 0, 3>}> {lhs_value = "%input2"} : (!neura.data<index, i1>, !neura.data<index, i1>, !neura.data<index, i1>) -> !neura.data<i32, i1>
        %708 = "neura.data_mov"(%703) : (!neura.data<i32, i1>) -> !neura.data<i32, i1>
        %709 = "neura.data_mov"(%707) : (!neura.data<i32, i1>) -> !neura.data<i32, i1>
        %710 = "neura.add"(%708, %709) : (!neura.data<i32, i1>, !neura.data<i32, i1>) -> !neura.data<i32, i1>
        %711 = "neura.data_mov"(%710) : (!neura.data<i32, i1>) -> !neura.data<i32, i1>
        %712 = "neura.icmp"(%711) <{cmpType = "sgt"}> {rhs_value = "%input3"} : (!neura.data<i32, i1>) -> !neura.data<i1, i1>
        %713 = "neura.data_mov"(%712) : (!neura.data<i1, i1>) -> !neura.data<i1, i1>
        %714 = "neura.data_mov"(%710) : (!neura.data<i32, i1>) -> !neura.data<i32, i1>
        %715 = "neura.data_mov"(%663) : (!neura.data<i32, i1>) -> !neura.data<i32, i1>
        %716 = "neura.sel"(%713, %714, %715) : (!neura.data<i1, i1>, !neura.data<i32, i1>, !neura.data<i32, i1>) -> !neura.data<i32, i1>
        %717 = "neura.data_mov"(%716) : (!neura.data<i32, i1>) -> !neura.data<i32, i1>
        %718 = "neura.data_mov"(%669) : (!neura.data<index, i1>) -> !neura.data<index, i1>
        %719 = "neura.data_mov"(%670) : (!neura.data<index, i1>) -> !neura.data<index, i1>
        %720 = "neura.data_mov"(%671) : (!neura.data<index, i1>) -> !neura.data<index, i1>
        "neura.store_indexed"(%717, %718, %719, %720) <{operandSegmentSizes = array<i32: 1, 0, 3>}> {rhs_value = "%input2"} : (!neura.data<i32, i1>, !neura.data<index, i1>, !neura.data<index, i1>, !neura.data<index, i1>) -> ()
        "neura.yield"() <{operandSegmentSizes = array<i32: 0, 0>}> {yield_type = "void"} : () -> ()
      }) {dataflow_mode = "predicate"} : (memref<?x256x16xi32>, memref<?x256x16xi32>, memref<?x256x16xi32>, i32, index) -> ()
      "taskflow.yield"(%arg102, %arg103, %arg109) <{operandSegmentSizes = array<i32: 2, 1, 0>}> : (memref<?x256x16xi32>, memref<?x256x16xi32>, memref<?x256x16xi32>) -> ()
    }) {amoeba.source_iteration_control_binding = "amoeba-source-iteration-domain-v1\0Adomain_witness_bytes=203:amoeba-source-iteration-domain-v1\0Acomplete=1\0Arepresented_multiplicity=80\0Ainternal_multiplicity=1\0Asource_multiplicity=80\0Aaxis_count=2\0Aaxis=T,0,0,5,1,5,0,-1,0,0\0Aaxis=T,1,0,16,1,16,0,-1,0,0\0Areason_bytes=0:\0A\0A\22func.func\22() <{function_type = (memref<?x256x16xi32>, memref<?x256x16xi32>, memref<?x256x16xi32>, memref<?x256x16xi32>, memref<?x256x16xi32>, memref<?x256x16xi32>, memref<?x256x16xi32>, memref<?x256x16xi32>, index, i32, memref<?x256x16xi32>, memref<?x256x16xi32>, memref<?x256x16xi32>) -> (), sym_name = \22__source_domain_binding__\22}> ({\0A^bb0(%arg0: memref<?x256x16xi32>, %arg1: memref<?x256x16xi32>, %arg2: memref<?x256x16xi32>, %arg3: memref<?x256x16xi32>, %arg4: memref<?x256x16xi32>, %arg5: memref<?x256x16xi32>, %arg6: memref<?x256x16xi32>, %arg7: memref<?x256x16xi32>, %arg8: index, %arg9: i32, %arg10: memref<?x256x16xi32>, %arg11: memref<?x256x16xi32>, %arg12: memref<?x256x16xi32>):\0A  %0:3 = \22taskflow.task\22(%arg0, %arg1, %arg2, %arg3, %arg4, %arg5, %arg6, %arg7, %arg8, %arg9, %arg10, %arg11, %arg12, %arg12) <{operandSegmentSizes = array<i32: 3, 5, 2, 3, 1>, resultSegmentSizes = array<i32: 2, 1, 0>, task_name = \22Task_19\22}> ({\0A  ^bb0(%arg13: memref<?x256x16xi32>, %arg14: memref<?x256x16xi32>, %arg15: memref<?x256x16xi32>, %arg16: memref<?x256x16xi32>, %arg17: memref<?x256x16xi32>, %arg18: memref<?x256x16xi32>, %arg19: memref<?x256x16xi32>, %arg20: memref<?x256x16xi32>, %arg21: index, %arg22: i32):\0A    %1 = \22arith.constant\22() <{value = 16 : index}> : () -> index\0A    %2 = \22arith.constant\22() <{value = 0 : index}> : () -> index\0A    %3 = \22arith.constant\22() <{value = 1 : index}> : () -> index\0A    %4 = \22taskflow.counter\22(%2, %arg21, %3) <{counter_dynamism = \22symbol_bound\22, counter_hierarchy = \22root\22, counter_id = 0 : i32}> : (index, index, index) -> index\0A    %5 = \22taskflow.counter\22(%4, %2, %1, %3) <{counter_dynamism = \22constant_bound\22, counter_hierarchy = \22leaf\22, counter_id = 1 : i32}> : (index, index, index, index) -> index\0A    \22neura.kernel\22(%arg13, %arg14, %arg20, %arg22, %arg21) <{accelerator = \22neura\22, operandSegmentSizes = array<i32: 5, 0>}> ({\0A    ^bb0(%arg23: !neura.data<memref<?x256x16xi32>, i1>, %arg24: !neura.data<memref<?x256x16xi32>, i1>, %arg25: !neura.data<memref<?x256x16xi32>, i1>, %arg26: !neura.data<i32, i1>, %arg27: !neura.data<index, i1>):\0A      %6 = \22neura.constant\22() <{value = \22%input3\22}> : () -> !neura.data<i32, i1>\0A      %7 = \22neura.constant\22() <{value = 7 : index}> : () -> !neura.data<index, i1>\0A      %8 = \22neura.constant\22() <{value = 6 : index}> : () -> !neura.data<index, i1>\0A      %9 = \22neura.constant\22() <{value = 5 : index}> : () -> !neura.data<index, i1>\0A      %10 = \22neura.constant\22() <{value = 4 : index}> : () -> !neura.data<index, i1>\0A      %11 = \22neura.constant\22() <{value = 0 : index}> : () -> !neura.data<index, i1>\0A      %12 = \22neura.constant\22() <{value = 1 : index}> : () -> !neura.data<index, i1>\0A      %13 = \22neura.counter\22() <{counter_dynamism = \22symbol_bound\22, counter_hierarchy = \22root\22, counter_id = 0 : i32, operandSegmentSizes = array<i32: 0, 0, 0>}> {lower_bound_value = 0 : index, step_value = 1 : index, upper_bound_value = \22%input4\22} : () -> !neura.data<index, i1>\0A      %14 = \22neura.counter\22() <{counter_dynamism = \22constant_bound\22, counter_hierarchy = \22leaf\22, counter_id = 1 : i32, operandSegmentSizes = array<i32: 0, 0, 0>}> {lower_bound_value = 0 : index, step_value = 1 : index, upper_bound_value = 16 : index} : () -> !neura.data<index, i1>\0A      %15 = \22neura.data_mov\22(%12) : (!neura.data<index, i1>) -> !neura.data<index, i1>\0A      %16 = \22neura.data_mov\22(%13) : (!neura.data<index, i1>) -> !neura.data<index, i1>\0A      %17 = \22neura.data_mov\22(%14) : (!neura.data<index, i1>) -> !neura.data<index, i1>\0A      %18 = \22neura.load_indexed\22(%15, %16, %17) <{operandSegmentSizes = array<i32: 0, 3>}> {lhs_value = \22%input0\22} : (!neura.data<index, i1>, !neura.data<index, i1>, !neura.data<index, i1>) -> !neura.data<i32, i1>\0A      %19 = \22neura.data_mov\22(%10) : (!neura.data<index, i1>) -> !neura.data<index, i1>\0A      %20 = \22neura.data_mov\22(%13) : (!neura.data<index, i1>) -> !neura.data<index, i1>\0A      %21 = \22neura.data_mov\22(%14) : (!neura.data<index, i1>) -> !neura.data<index, i1>\0A      %22 = \22neura.load_indexed\22(%19, %20, %21) <{operandSegmentSizes = array<i32: 0, 3>}> {lhs_value = \22%input1\22} : (!neura.data<index, i1>, !neura.data<index, i1>, !neura.data<index, i1>) -> !neura.data<i32, i1>\0A      %23 = \22neura.data_mov\22(%18) : (!neura.data<i32, i1>) -> !neura.data<i32, i1>\0A      %24 = \22neura.data_mov\22(%22) : (!neura.data<i32, i1>) -> !neura.data<i32, i1>\0A      %25 = \22neura.add\22(%23, %24) : (!neura.data<i32, i1>, !neura.data<i32, i1>) -> !neura.data<i32, i1>\0A      %26 = \22neura.data_mov\22(%9) : (!neura.data<index, i1>) -> !neura.data<index, i1>\0A      %27 = \22neura.data_mov\22(%13) : (!neura.data<index, i1>) -> !neura.data<index, i1>\0A      %28 = \22neura.data_mov\22(%14) : (!neura.data<index, i1>) -> !neura.data<index, i1>\0A      %29 = \22neura.load_indexed\22(%26, %27, %28) <{operandSegmentSizes = array<i32: 0, 3>}> {lhs_value = \22%input1\22} : (!neura.data<index, i1>, !neura.data<index, i1>, !neura.data<index, i1>) -> !neura.data<i32, i1>\0A      %30 = \22neura.data_mov\22(%25) : (!neura.data<i32, i1>) -> !neura.data<i32, i1>\0A      %31 = \22neura.data_mov\22(%29) : (!neura.data<i32, i1>) -> !neura.data<i32, i1>\0A      %32 = \22neura.add\22(%30, %31) : (!neura.data<i32, i1>, !neura.data<i32, i1>) -> !neura.data<i32, i1>\0A      %33 = \22neura.data_mov\22(%8) : (!neura.data<index, i1>) -> !neura.data<index, i1>\0A      %34 = \22neura.data_mov\22(%13) : (!neura.data<index, i1>) -> !neura.data<index, i1>\0A      %35 = \22neura.data_mov\22(%14) : (!neura.data<index, i1>) -> !neura.data<index, i1>\0A      %36 = \22neura.load_indexed\22(%33, %34, %35) <{operandSegmentSizes = array<i32: 0, 3>}> {lhs_value = \22%input1\22} : (!neura.data<index, i1>, !neura.data<index, i1>, !neura.data<index, i1>) -> !neura.data<i32, i1>\0A      %37 = \22neura.data_mov\22(%32) : (!neura.data<i32, i1>) -> !neura.data<i32, i1>\0A      %38 = \22neura.data_mov\22(%36) : (!neura.data<i32, i1>) -> !neura.data<i32, i1>\0A      %39 = \22neura.add\22(%37, %38) : (!neura.data<i32, i1>, !neura.data<i32, i1>) -> !neura.data<i32, i1>\0A      %40 = \22neura.data_mov\22(%7) : (!neura.data<index, i1>) -> !neura.data<index, i1>\0A      %41 = \22neura.data_mov\22(%13) : (!neura.data<index, i1>) -> !neura.data<index, i1>\0A      %42 = \22neura.data_mov\22(%14) : (!neura.data<index, i1>) -> !neura.data<index, i1>\0A      %43 = \22neura.load_indexed\22(%40, %41, %42) <{operandSegmentSizes = array<i32: 0, 3>}> {lhs_value = \22%input1\22} : (!neura.data<index, i1>, !neura.data<index, i1>, !neura.data<index, i1>) -> !neura.data<i32, i1>\0A      %44 = \22neura.data_mov\22(%39) : (!neura.data<i32, i1>) -> !neura.data<i32, i1>\0A      %45 = \22neura.data_mov\22(%43) : (!neura.data<i32, i1>) -> !neura.data<i32, i1>\0A      %46 = \22neura.add\22(%44, %45) : (!neura.data<i32, i1>, !neura.data<i32, i1>) -> !neura.data<i32, i1>\0A      %47 = \22neura.data_mov\22(%11) : (!neura.data<index, i1>) -> !neura.data<index, i1>\0A      %48 = \22neura.data_mov\22(%13) : (!neura.data<index, i1>) -> !neura.data<index, i1>\0A      %49 = \22neura.data_mov\22(%14) : (!neura.data<index, i1>) -> !neura.data<index, i1>\0A      %50 = \22neura.load_indexed\22(%47, %48, %49) <{operandSegmentSizes = array<i32: 0, 3>}> {lhs_value = \22%input2\22} : (!neura.data<index, i1>, !neura.data<index, i1>, !neura.data<index, i1>) -> !neura.data<i32, i1>\0A      %51 = \22neura.data_mov\22(%46) : (!neura.data<i32, i1>) -> !neura.data<i32, i1>\0A      %52 = \22neura.data_mov\22(%50) : (!neura.data<i32, i1>) -> !neura.data<i32, i1>\0A      %53 = \22neura.add\22(%51, %52) : (!neura.data<i32, i1>, !neura.data<i32, i1>) -> !neura.data<i32, i1>\0A      %54 = \22neura.data_mov\22(%53) : (!neura.data<i32, i1>) -> !neura.data<i32, i1>\0A      %55 = \22neura.icmp\22(%54) <{cmpType = \22sgt\22}> {rhs_value = \22%input3\22} : (!neura.data<i32, i1>) -> !neura.data<i1, i1>\0A      %56 = \22neura.data_mov\22(%55) : (!neura.data<i1, i1>) -> !neura.data<i1, i1>\0A      %57 = \22neura.data_mov\22(%53) : (!neura.data<i32, i1>) -> !neura.data<i32, i1>\0A      %58 = \22neura.data_mov\22(%6) : (!neura.data<i32, i1>) -> !neura.data<i32, i1>\0A      %59 = \22neura.sel\22(%56, %57, %58) : (!neura.data<i1, i1>, !neura.data<i32, i1>, !neura.data<i32, i1>) -> !neura.data<i32, i1>\0A      %60 = \22neura.data_mov\22(%59) : (!neura.data<i32, i1>) -> !neura.data<i32, i1>\0A      %61 = \22neura.data_mov\22(%12) : (!neura.data<index, i1>) -> !neura.data<index, i1>\0A      %62 = \22neura.data_mov\22(%13) : (!neura.data<index, i1>) -> !neura.data<index, i1>\0A      %63 = \22neura.data_mov\22(%14) : (!neura.data<index, i1>) -> !neura.data<index, i1>\0A      \22neura.store_indexed\22(%60, %61, %62, %63) <{operandSegmentSizes = array<i32: 1, 0, 3>}> {rhs_value = \22%input2\22} : (!neura.data<i32, i1>, !neura.data<index, i1>, !neura.data<index, i1>, !neura.data<index, i1>) -> ()\0A      \22neura.yield\22() <{operandSegmentSizes = array<i32: 0, 0>}> {yield_type = \22void\22} : () -> ()\0A    }) {dataflow_mode = \22predicate\22} : (memref<?x256x16xi32>, memref<?x256x16xi32>, memref<?x256x16xi32>, i32, index) -> ()\0A    \22taskflow.yield\22(%arg13, %arg14, %arg20) <{operandSegmentSizes = array<i32: 2, 1, 0>}> : (memref<?x256x16xi32>, memref<?x256x16xi32>, memref<?x256x16xi32>) -> ()\0A  }) {dlp_replicable = true, runtime_managable = true} : (memref<?x256x16xi32>, memref<?x256x16xi32>, memref<?x256x16xi32>, memref<?x256x16xi32>, memref<?x256x16xi32>, memref<?x256x16xi32>, memref<?x256x16xi32>, memref<?x256x16xi32>, index, i32, memref<?x256x16xi32>, memref<?x256x16xi32>, memref<?x256x16xi32>, memref<?x256x16xi32>) -> (memref<?x256x16xi32>, memref<?x256x16xi32>, memref<?x256x16xi32>)\0A  \22func.return\22() : () -> ()\0A}) : () -> ()", amoeba.source_iteration_domain = {axes = [{carried_values = 0 : i64, expanded_inside_mapper_firing = false, extent = 5 : i64, kind = "taskflow-counter", lower = 0 : i64, ordinal = 0 : i64, parent_counter_ordinal = -1 : i64, result_uses = 0 : i64, step = 1 : i64, upper = 5 : i64}, {carried_values = 0 : i64, expanded_inside_mapper_firing = false, extent = 16 : i64, kind = "taskflow-counter", lower = 0 : i64, ordinal = 1 : i64, parent_counter_ordinal = -1 : i64, result_uses = 0 : i64, step = 1 : i64, upper = 16 : i64}], canonical_witness = "amoeba-source-iteration-domain-v1\0Acomplete=1\0Arepresented_multiplicity=80\0Ainternal_multiplicity=1\0Asource_multiplicity=80\0Aaxis_count=2\0Aaxis=T,0,0,5,1,5,0,-1,0,0\0Aaxis=T,1,0,16,1,16,0,-1,0,0\0Areason_bytes=0:\0A", complete = true, internal_multiplicity = 1 : i64, represented_multiplicity = 80 : i64, schema = "amoeba-source-iteration-domain-v1", source_multiplicity = 80 : i64}, amoeba.source_iteration_source_control_binding = "amoeba-source-iteration-domain-v1\0Adomain_witness_bytes=203:amoeba-source-iteration-domain-v1\0Acomplete=1\0Arepresented_multiplicity=80\0Ainternal_multiplicity=1\0Asource_multiplicity=80\0Aaxis_count=2\0Aaxis=T,0,0,5,1,5,0,-1,0,0\0Aaxis=T,1,0,16,1,16,0,-1,0,0\0Areason_bytes=0:\0A\0A\22func.func\22() <{function_type = (memref<?x256x16xi32>, memref<?x256x16xi32>, memref<?x256x16xi32>, memref<?x256x16xi32>, memref<?x256x16xi32>, memref<?x256x16xi32>, memref<?x256x16xi32>, memref<?x256x16xi32>, index, i32, memref<?x256x16xi32>, memref<?x256x16xi32>, memref<?x256x16xi32>) -> (), sym_name = \22__source_domain_binding__\22}> ({\0A^bb0(%arg0: memref<?x256x16xi32>, %arg1: memref<?x256x16xi32>, %arg2: memref<?x256x16xi32>, %arg3: memref<?x256x16xi32>, %arg4: memref<?x256x16xi32>, %arg5: memref<?x256x16xi32>, %arg6: memref<?x256x16xi32>, %arg7: memref<?x256x16xi32>, %arg8: index, %arg9: i32, %arg10: memref<?x256x16xi32>, %arg11: memref<?x256x16xi32>, %arg12: memref<?x256x16xi32>):\0A  %0:3 = \22taskflow.task\22(%arg0, %arg1, %arg2, %arg3, %arg4, %arg5, %arg6, %arg7, %arg8, %arg9, %arg10, %arg11, %arg12, %arg12) <{operandSegmentSizes = array<i32: 3, 5, 2, 3, 1>, resultSegmentSizes = array<i32: 2, 1, 0>, task_name = \22Task_19\22}> ({\0A  ^bb0(%arg13: memref<?x256x16xi32>, %arg14: memref<?x256x16xi32>, %arg15: memref<?x256x16xi32>, %arg16: memref<?x256x16xi32>, %arg17: memref<?x256x16xi32>, %arg18: memref<?x256x16xi32>, %arg19: memref<?x256x16xi32>, %arg20: memref<?x256x16xi32>, %arg21: index, %arg22: i32):\0A    %1 = \22arith.constant\22() <{value = 16 : index}> : () -> index\0A    %2 = \22arith.constant\22() <{value = 0 : index}> : () -> index\0A    %3 = \22arith.constant\22() <{value = 1 : index}> : () -> index\0A    %4 = \22taskflow.counter\22(%2, %arg21, %3) <{counter_dynamism = \22symbol_bound\22, counter_hierarchy = \22root\22, counter_id = 0 : i32}> : (index, index, index) -> index\0A    %5 = \22taskflow.counter\22(%4, %2, %1, %3) <{counter_dynamism = \22constant_bound\22, counter_hierarchy = \22leaf\22, counter_id = 1 : i32}> : (index, index, index, index) -> index\0A    \22neura.kernel\22(%arg13, %arg14, %arg20, %arg22, %arg21) <{accelerator = \22neura\22, operandSegmentSizes = array<i32: 5, 0>}> ({\0A    ^bb0(%arg23: !neura.data<memref<?x256x16xi32>, i1>, %arg24: !neura.data<memref<?x256x16xi32>, i1>, %arg25: !neura.data<memref<?x256x16xi32>, i1>, %arg26: !neura.data<i32, i1>, %arg27: !neura.data<index, i1>):\0A      %6 = \22neura.constant\22() <{value = \22%input3\22}> : () -> !neura.data<i32, i1>\0A      %7 = \22neura.constant\22() <{value = 7 : index}> : () -> !neura.data<index, i1>\0A      %8 = \22neura.constant\22() <{value = 6 : index}> : () -> !neura.data<index, i1>\0A      %9 = \22neura.constant\22() <{value = 5 : index}> : () -> !neura.data<index, i1>\0A      %10 = \22neura.constant\22() <{value = 4 : index}> : () -> !neura.data<index, i1>\0A      %11 = \22neura.constant\22() <{value = 0 : index}> : () -> !neura.data<index, i1>\0A      %12 = \22neura.constant\22() <{value = 1 : index}> : () -> !neura.data<index, i1>\0A      %13 = \22neura.counter\22() <{counter_dynamism = \22symbol_bound\22, counter_hierarchy = \22root\22, counter_id = 0 : i32, operandSegmentSizes = array<i32: 0, 0, 0>}> {lower_bound_value = 0 : index, step_value = 1 : index, upper_bound_value = \22%input4\22} : () -> !neura.data<index, i1>\0A      %14 = \22neura.counter\22() <{counter_dynamism = \22constant_bound\22, counter_hierarchy = \22leaf\22, counter_id = 1 : i32, operandSegmentSizes = array<i32: 0, 0, 0>}> {lower_bound_value = 0 : index, step_value = 1 : index, upper_bound_value = 16 : index} : () -> !neura.data<index, i1>\0A      %15 = \22neura.data_mov\22(%12) : (!neura.data<index, i1>) -> !neura.data<index, i1>\0A      %16 = \22neura.data_mov\22(%13) : (!neura.data<index, i1>) -> !neura.data<index, i1>\0A      %17 = \22neura.data_mov\22(%14) : (!neura.data<index, i1>) -> !neura.data<index, i1>\0A      %18 = \22neura.load_indexed\22(%15, %16, %17) <{operandSegmentSizes = array<i32: 0, 3>}> {lhs_value = \22%input0\22} : (!neura.data<index, i1>, !neura.data<index, i1>, !neura.data<index, i1>) -> !neura.data<i32, i1>\0A      %19 = \22neura.data_mov\22(%10) : (!neura.data<index, i1>) -> !neura.data<index, i1>\0A      %20 = \22neura.data_mov\22(%13) : (!neura.data<index, i1>) -> !neura.data<index, i1>\0A      %21 = \22neura.data_mov\22(%14) : (!neura.data<index, i1>) -> !neura.data<index, i1>\0A      %22 = \22neura.load_indexed\22(%19, %20, %21) <{operandSegmentSizes = array<i32: 0, 3>}> {lhs_value = \22%input1\22} : (!neura.data<index, i1>, !neura.data<index, i1>, !neura.data<index, i1>) -> !neura.data<i32, i1>\0A      %23 = \22neura.data_mov\22(%18) : (!neura.data<i32, i1>) -> !neura.data<i32, i1>\0A      %24 = \22neura.data_mov\22(%22) : (!neura.data<i32, i1>) -> !neura.data<i32, i1>\0A      %25 = \22neura.add\22(%23, %24) : (!neura.data<i32, i1>, !neura.data<i32, i1>) -> !neura.data<i32, i1>\0A      %26 = \22neura.data_mov\22(%9) : (!neura.data<index, i1>) -> !neura.data<index, i1>\0A      %27 = \22neura.data_mov\22(%13) : (!neura.data<index, i1>) -> !neura.data<index, i1>\0A      %28 = \22neura.data_mov\22(%14) : (!neura.data<index, i1>) -> !neura.data<index, i1>\0A      %29 = \22neura.load_indexed\22(%26, %27, %28) <{operandSegmentSizes = array<i32: 0, 3>}> {lhs_value = \22%input1\22} : (!neura.data<index, i1>, !neura.data<index, i1>, !neura.data<index, i1>) -> !neura.data<i32, i1>\0A      %30 = \22neura.data_mov\22(%25) : (!neura.data<i32, i1>) -> !neura.data<i32, i1>\0A      %31 = \22neura.data_mov\22(%29) : (!neura.data<i32, i1>) -> !neura.data<i32, i1>\0A      %32 = \22neura.add\22(%30, %31) : (!neura.data<i32, i1>, !neura.data<i32, i1>) -> !neura.data<i32, i1>\0A      %33 = \22neura.data_mov\22(%8) : (!neura.data<index, i1>) -> !neura.data<index, i1>\0A      %34 = \22neura.data_mov\22(%13) : (!neura.data<index, i1>) -> !neura.data<index, i1>\0A      %35 = \22neura.data_mov\22(%14) : (!neura.data<index, i1>) -> !neura.data<index, i1>\0A      %36 = \22neura.load_indexed\22(%33, %34, %35) <{operandSegmentSizes = array<i32: 0, 3>}> {lhs_value = \22%input1\22} : (!neura.data<index, i1>, !neura.data<index, i1>, !neura.data<index, i1>) -> !neura.data<i32, i1>\0A      %37 = \22neura.data_mov\22(%32) : (!neura.data<i32, i1>) -> !neura.data<i32, i1>\0A      %38 = \22neura.data_mov\22(%36) : (!neura.data<i32, i1>) -> !neura.data<i32, i1>\0A      %39 = \22neura.add\22(%37, %38) : (!neura.data<i32, i1>, !neura.data<i32, i1>) -> !neura.data<i32, i1>\0A      %40 = \22neura.data_mov\22(%7) : (!neura.data<index, i1>) -> !neura.data<index, i1>\0A      %41 = \22neura.data_mov\22(%13) : (!neura.data<index, i1>) -> !neura.data<index, i1>\0A      %42 = \22neura.data_mov\22(%14) : (!neura.data<index, i1>) -> !neura.data<index, i1>\0A      %43 = \22neura.load_indexed\22(%40, %41, %42) <{operandSegmentSizes = array<i32: 0, 3>}> {lhs_value = \22%input1\22} : (!neura.data<index, i1>, !neura.data<index, i1>, !neura.data<index, i1>) -> !neura.data<i32, i1>\0A      %44 = \22neura.data_mov\22(%39) : (!neura.data<i32, i1>) -> !neura.data<i32, i1>\0A      %45 = \22neura.data_mov\22(%43) : (!neura.data<i32, i1>) -> !neura.data<i32, i1>\0A      %46 = \22neura.add\22(%44, %45) : (!neura.data<i32, i1>, !neura.data<i32, i1>) -> !neura.data<i32, i1>\0A      %47 = \22neura.data_mov\22(%11) : (!neura.data<index, i1>) -> !neura.data<index, i1>\0A      %48 = \22neura.data_mov\22(%13) : (!neura.data<index, i1>) -> !neura.data<index, i1>\0A      %49 = \22neura.data_mov\22(%14) : (!neura.data<index, i1>) -> !neura.data<index, i1>\0A      %50 = \22neura.load_indexed\22(%47, %48, %49) <{operandSegmentSizes = array<i32: 0, 3>}> {lhs_value = \22%input2\22} : (!neura.data<index, i1>, !neura.data<index, i1>, !neura.data<index, i1>) -> !neura.data<i32, i1>\0A      %51 = \22neura.data_mov\22(%46) : (!neura.data<i32, i1>) -> !neura.data<i32, i1>\0A      %52 = \22neura.data_mov\22(%50) : (!neura.data<i32, i1>) -> !neura.data<i32, i1>\0A      %53 = \22neura.add\22(%51, %52) : (!neura.data<i32, i1>, !neura.data<i32, i1>) -> !neura.data<i32, i1>\0A      %54 = \22neura.data_mov\22(%53) : (!neura.data<i32, i1>) -> !neura.data<i32, i1>\0A      %55 = \22neura.icmp\22(%54) <{cmpType = \22sgt\22}> {rhs_value = \22%input3\22} : (!neura.data<i32, i1>) -> !neura.data<i1, i1>\0A      %56 = \22neura.data_mov\22(%55) : (!neura.data<i1, i1>) -> !neura.data<i1, i1>\0A      %57 = \22neura.data_mov\22(%53) : (!neura.data<i32, i1>) -> !neura.data<i32, i1>\0A      %58 = \22neura.data_mov\22(%6) : (!neura.data<i32, i1>) -> !neura.data<i32, i1>\0A      %59 = \22neura.sel\22(%56, %57, %58) : (!neura.data<i1, i1>, !neura.data<i32, i1>, !neura.data<i32, i1>) -> !neura.data<i32, i1>\0A      %60 = \22neura.data_mov\22(%59) : (!neura.data<i32, i1>) -> !neura.data<i32, i1>\0A      %61 = \22neura.data_mov\22(%12) : (!neura.data<index, i1>) -> !neura.data<index, i1>\0A      %62 = \22neura.data_mov\22(%13) : (!neura.data<index, i1>) -> !neura.data<index, i1>\0A      %63 = \22neura.data_mov\22(%14) : (!neura.data<index, i1>) -> !neura.data<index, i1>\0A      \22neura.store_indexed\22(%60, %61, %62, %63) <{operandSegmentSizes = array<i32: 1, 0, 3>}> {rhs_value = \22%input2\22} : (!neura.data<i32, i1>, !neura.data<index, i1>, !neura.data<index, i1>, !neura.data<index, i1>) -> ()\0A      \22neura.yield\22() <{operandSegmentSizes = array<i32: 0, 0>}> {yield_type = \22void\22} : () -> ()\0A    }) {dataflow_mode = \22predicate\22} : (memref<?x256x16xi32>, memref<?x256x16xi32>, memref<?x256x16xi32>, i32, index) -> ()\0A    \22taskflow.yield\22(%arg13, %arg14, %arg20) <{operandSegmentSizes = array<i32: 2, 1, 0>}> : (memref<?x256x16xi32>, memref<?x256x16xi32>, memref<?x256x16xi32>) -> ()\0A  }) {dlp_replicable = true, runtime_managable = true} : (memref<?x256x16xi32>, memref<?x256x16xi32>, memref<?x256x16xi32>, memref<?x256x16xi32>, memref<?x256x16xi32>, memref<?x256x16xi32>, memref<?x256x16xi32>, memref<?x256x16xi32>, index, i32, memref<?x256x16xi32>, memref<?x256x16xi32>, memref<?x256x16xi32>, memref<?x256x16xi32>) -> (memref<?x256x16xi32>, memref<?x256x16xi32>, memref<?x256x16xi32>)\0A  \22func.return\22() : () -> ()\0A}) : () -> ()", dlp_replicable = true, runtime_managable = true} : (memref<?x256x16xi32>, memref<?x256x16xi32>, memref<?x256x16xi32>, memref<?x256x16xi32>, memref<?x256x16xi32>, memref<?x256x16xi32>, memref<?x256x16xi32>, memref<?x256x16xi32>, index, i32, memref<?x256x16xi32>, memref<?x256x16xi32>, memref<?x256x16xi32>, memref<?x256x16xi32>) -> (memref<?x256x16xi32>, memref<?x256x16xi32>, memref<?x256x16xi32>)
    %25:2 = "taskflow.task"(%24#2, %arg8, %19#1, %24#0, %4, %3, %arg13, %arg8, %arg11, %arg11) <{operandSegmentSizes = array<i32: 3, 1, 2, 3, 1>, resultSegmentSizes = array<i32: 1, 1, 0>, task_name = "Task_20"}> ({
    ^bb0(%arg91: memref<?x256x16xi32>, %arg92: memref<?x16xi32>, %arg93: memref<?x256x16xi32>, %arg94: memref<?x256x16xi32>, %arg95: index, %arg96: i32):
      %569 = "arith.constant"() <{value = 16 : index}> : () -> index
      %570 = "arith.constant"() <{value = 0 : index}> : () -> index
      %571 = "arith.constant"() <{value = 1 : index}> : () -> index
      %572 = "taskflow.counter"(%570, %arg95, %571) <{counter_dynamism = "symbol_bound", counter_hierarchy = "root", counter_id = 0 : i32}> : (index, index, index) -> index
      %573 = "taskflow.counter"(%572, %570, %569, %571) <{counter_dynamism = "constant_bound", counter_hierarchy = "relay", counter_id = 1 : i32}> : (index, index, index, index) -> index
      %574 = "taskflow.counter"(%573, %570, %569, %571) <{counter_dynamism = "constant_bound", counter_hierarchy = "leaf", counter_id = 2 : i32}> : (index, index, index, index) -> index
      "neura.kernel"(%arg96, %arg94, %arg91, %arg92, %arg95) <{accelerator = "neura", operandSegmentSizes = array<i32: 5, 0>}> ({
      ^bb0(%arg97: !neura.data<i32, i1>, %arg98: !neura.data<memref<?x256x16xi32>, i1>, %arg99: !neura.data<memref<?x256x16xi32>, i1>, %arg100: !neura.data<memref<?x16xi32>, i1>, %arg101: !neura.data<index, i1>):
        %575 = "neura.constant"() <{value = "%input1"}> : () -> !neura.data<memref<?x256x16xi32>, i1>
        %576 = "neura.constant"() <{value = 2 : index}> : () -> !neura.data<index, i1>
        %577 = "neura.constant"() <{value = 1 : index}> : () -> !neura.data<index, i1>
        %578 = "neura.counter"() <{counter_dynamism = "symbol_bound", counter_hierarchy = "root", counter_id = 0 : i32, operandSegmentSizes = array<i32: 0, 0, 0>}> {lower_bound_value = 0 : index, step_value = 1 : index, upper_bound_value = "%input4"} : () -> !neura.data<index, i1>
        %579 = "neura.counter"() <{counter_dynamism = "constant_bound", counter_hierarchy = "relay", counter_id = 1 : i32, operandSegmentSizes = array<i32: 0, 0, 0>}> {lower_bound_value = 0 : index, step_value = 1 : index, upper_bound_value = 16 : index} : () -> !neura.data<index, i1>
        %580 = "neura.counter"() <{counter_dynamism = "constant_bound", counter_hierarchy = "leaf", counter_id = 2 : i32, operandSegmentSizes = array<i32: 0, 0, 0>}> {lower_bound_value = 0 : index, step_value = 1 : index, upper_bound_value = 16 : index} : () -> !neura.data<index, i1>
        %581 = "neura.data_mov"(%580) : (!neura.data<index, i1>) -> !neura.data<index, i1>
        %582 = "neura.icmp"(%581) <{cmpType = "eq"}> {rhs_value = 0 : index} : (!neura.data<index, i1>) -> !neura.data<i1, i1>
        %583 = "neura.data_mov"(%575) : (!neura.data<memref<?x256x16xi32>, i1>) -> !neura.data<memref<?x256x16xi32>, i1>
        %584 = "neura.data_mov"(%582) : (!neura.data<i1, i1>) -> !neura.data<i1, i1>
        %585 = "neura.grant_predicate"(%583, %584) : (!neura.data<memref<?x256x16xi32>, i1>, !neura.data<i1, i1>) -> !neura.data<memref<?x256x16xi32>, i1>
        %586 = "neura.data_mov"(%576) : (!neura.data<index, i1>) -> !neura.data<index, i1>
        %587 = "neura.data_mov"(%582) : (!neura.data<i1, i1>) -> !neura.data<i1, i1>
        %588 = "neura.grant_predicate"(%586, %587) : (!neura.data<index, i1>, !neura.data<i1, i1>) -> !neura.data<index, i1>
        %589 = "neura.data_mov"(%578) : (!neura.data<index, i1>) -> !neura.data<index, i1>
        %590 = "neura.data_mov"(%582) : (!neura.data<i1, i1>) -> !neura.data<i1, i1>
        %591 = "neura.grant_predicate"(%589, %590) : (!neura.data<index, i1>, !neura.data<i1, i1>) -> !neura.data<index, i1>
        %592 = "neura.data_mov"(%579) : (!neura.data<index, i1>) -> !neura.data<index, i1>
        %593 = "neura.data_mov"(%582) : (!neura.data<i1, i1>) -> !neura.data<i1, i1>
        %594 = "neura.grant_predicate"(%592, %593) : (!neura.data<index, i1>, !neura.data<i1, i1>) -> !neura.data<index, i1>
        %595 = "neura.data_mov"(%577) : (!neura.data<index, i1>) -> !neura.data<index, i1>
        %596 = "neura.data_mov"(%582) : (!neura.data<i1, i1>) -> !neura.data<i1, i1>
        %597 = "neura.grant_predicate"(%595, %596) : (!neura.data<index, i1>, !neura.data<i1, i1>) -> !neura.data<index, i1>
        %598 = "neura.data_mov"(%580) : (!neura.data<index, i1>) -> !neura.data<index, i1>
        %599 = "neura.data_mov"(%582) : (!neura.data<i1, i1>) -> !neura.data<i1, i1>
        %600 = "neura.grant_predicate"(%598, %599) : (!neura.data<index, i1>, !neura.data<i1, i1>) -> !neura.data<index, i1>
        %601 = "neura.data_mov"(%582) : (!neura.data<i1, i1>) -> !neura.data<i1, i1>
        %602 = "neura.not"(%601) : (!neura.data<i1, i1>) -> !neura.data<i1, i1>
        %603 = "neura.data_mov"(%577) : (!neura.data<index, i1>) -> !neura.data<index, i1>
        %604 = "neura.data_mov"(%602) : (!neura.data<i1, i1>) -> !neura.data<i1, i1>
        %605 = "neura.grant_predicate"(%603, %604) : (!neura.data<index, i1>, !neura.data<i1, i1>) -> !neura.data<index, i1>
        %606 = "neura.data_mov"(%578) : (!neura.data<index, i1>) -> !neura.data<index, i1>
        %607 = "neura.data_mov"(%602) : (!neura.data<i1, i1>) -> !neura.data<i1, i1>
        %608 = "neura.grant_predicate"(%606, %607) : (!neura.data<index, i1>, !neura.data<i1, i1>) -> !neura.data<index, i1>
        %609 = "neura.data_mov"(%580) : (!neura.data<index, i1>) -> !neura.data<index, i1>
        %610 = "neura.data_mov"(%602) : (!neura.data<i1, i1>) -> !neura.data<i1, i1>
        %611 = "neura.grant_predicate"(%609, %610) : (!neura.data<index, i1>, !neura.data<i1, i1>) -> !neura.data<index, i1>
        %612 = "neura.data_mov"(%579) : (!neura.data<index, i1>) -> !neura.data<index, i1>
        %613 = "neura.data_mov"(%602) : (!neura.data<i1, i1>) -> !neura.data<i1, i1>
        %614 = "neura.grant_predicate"(%612, %613) : (!neura.data<index, i1>, !neura.data<i1, i1>) -> !neura.data<index, i1>
        %615 = "neura.data_mov"(%576) : (!neura.data<index, i1>) -> !neura.data<index, i1>
        %616 = "neura.data_mov"(%602) : (!neura.data<i1, i1>) -> !neura.data<i1, i1>
        %617 = "neura.grant_predicate"(%615, %616) : (!neura.data<index, i1>, !neura.data<i1, i1>) -> !neura.data<index, i1>
        %618 = "neura.data_mov"(%585) : (!neura.data<memref<?x256x16xi32>, i1>) -> !neura.data<memref<?x256x16xi32>, i1>
        %619 = "neura.data_mov"(%588) : (!neura.data<index, i1>) -> !neura.data<index, i1>
        %620 = "neura.data_mov"(%591) : (!neura.data<index, i1>) -> !neura.data<index, i1>
        %621 = "neura.data_mov"(%594) : (!neura.data<index, i1>) -> !neura.data<index, i1>
        "neura.store_indexed"(%618, %619, %620, %621) <{operandSegmentSizes = array<i32: 0, 1, 3>}> {lhs_value = "%input0"} : (!neura.data<memref<?x256x16xi32>, i1>, !neura.data<index, i1>, !neura.data<index, i1>, !neura.data<index, i1>) -> ()
        %622 = "neura.data_mov"(%617) : (!neura.data<index, i1>) -> !neura.data<index, i1>
        %623 = "neura.data_mov"(%588) : (!neura.data<index, i1>) -> !neura.data<index, i1>
        %624 = "neura.phi"(%622, %623) : (!neura.data<index, i1>, !neura.data<index, i1>) -> !neura.data<index, i1>
        %625 = "neura.data_mov"(%614) : (!neura.data<index, i1>) -> !neura.data<index, i1>
        %626 = "neura.data_mov"(%594) : (!neura.data<index, i1>) -> !neura.data<index, i1>
        %627 = "neura.phi"(%625, %626) : (!neura.data<index, i1>, !neura.data<index, i1>) -> !neura.data<index, i1>
        %628 = "neura.data_mov"(%611) : (!neura.data<index, i1>) -> !neura.data<index, i1>
        %629 = "neura.data_mov"(%600) : (!neura.data<index, i1>) -> !neura.data<index, i1>
        %630 = "neura.phi"(%628, %629) : (!neura.data<index, i1>, !neura.data<index, i1>) -> !neura.data<index, i1>
        %631 = "neura.data_mov"(%608) : (!neura.data<index, i1>) -> !neura.data<index, i1>
        %632 = "neura.data_mov"(%591) : (!neura.data<index, i1>) -> !neura.data<index, i1>
        %633 = "neura.phi"(%631, %632) : (!neura.data<index, i1>, !neura.data<index, i1>) -> !neura.data<index, i1>
        %634 = "neura.data_mov"(%605) : (!neura.data<index, i1>) -> !neura.data<index, i1>
        %635 = "neura.data_mov"(%597) : (!neura.data<index, i1>) -> !neura.data<index, i1>
        %636 = "neura.phi"(%634, %635) : (!neura.data<index, i1>, !neura.data<index, i1>) -> !neura.data<index, i1>
        %637 = "neura.data_mov"(%636) : (!neura.data<index, i1>) -> !neura.data<index, i1>
        %638 = "neura.data_mov"(%633) : (!neura.data<index, i1>) -> !neura.data<index, i1>
        %639 = "neura.data_mov"(%630) : (!neura.data<index, i1>) -> !neura.data<index, i1>
        %640 = "neura.load_indexed"(%637, %638, %639) <{operandSegmentSizes = array<i32: 0, 3>}> {lhs_value = "%input2"} : (!neura.data<index, i1>, !neura.data<index, i1>, !neura.data<index, i1>) -> !neura.data<i32, i1>
        %641 = "neura.data_mov"(%630) : (!neura.data<index, i1>) -> !neura.data<index, i1>
        %642 = "neura.data_mov"(%627) : (!neura.data<index, i1>) -> !neura.data<index, i1>
        %643 = "neura.load_indexed"(%641, %642) <{operandSegmentSizes = array<i32: 0, 2>}> {lhs_value = "%input3"} : (!neura.data<index, i1>, !neura.data<index, i1>) -> !neura.data<i32, i1>
        %644 = "neura.data_mov"(%640) : (!neura.data<i32, i1>) -> !neura.data<i32, i1>
        %645 = "neura.data_mov"(%643) : (!neura.data<i32, i1>) -> !neura.data<i32, i1>
        %646 = "neura.mul"(%644, %645) : (!neura.data<i32, i1>, !neura.data<i32, i1>) -> !neura.data<i32, i1>
        %647 = "neura.data_mov"(%624) : (!neura.data<index, i1>) -> !neura.data<index, i1>
        %648 = "neura.data_mov"(%633) : (!neura.data<index, i1>) -> !neura.data<index, i1>
        %649 = "neura.data_mov"(%627) : (!neura.data<index, i1>) -> !neura.data<index, i1>
        %650 = "neura.load_indexed"(%647, %648, %649) <{operandSegmentSizes = array<i32: 0, 3>}> {lhs_value = "%input1"} : (!neura.data<index, i1>, !neura.data<index, i1>, !neura.data<index, i1>) -> !neura.data<i32, i1>
        %651 = "neura.data_mov"(%650) : (!neura.data<i32, i1>) -> !neura.data<i32, i1>
        %652 = "neura.data_mov"(%646) : (!neura.data<i32, i1>) -> !neura.data<i32, i1>
        %653 = "neura.add"(%651, %652) : (!neura.data<i32, i1>, !neura.data<i32, i1>) -> !neura.data<i32, i1>
        %654 = "neura.data_mov"(%653) : (!neura.data<i32, i1>) -> !neura.data<i32, i1>
        %655 = "neura.data_mov"(%624) : (!neura.data<index, i1>) -> !neura.data<index, i1>
        %656 = "neura.data_mov"(%633) : (!neura.data<index, i1>) -> !neura.data<index, i1>
        %657 = "neura.data_mov"(%627) : (!neura.data<index, i1>) -> !neura.data<index, i1>
        "neura.store_indexed"(%654, %655, %656, %657) <{operandSegmentSizes = array<i32: 1, 0, 3>}> {rhs_value = "%input1"} : (!neura.data<i32, i1>, !neura.data<index, i1>, !neura.data<index, i1>, !neura.data<index, i1>) -> ()
        "neura.yield"() <{operandSegmentSizes = array<i32: 0, 0>}> {yield_type = "void"} : () -> ()
      }) {dataflow_mode = "predicate"} : (i32, memref<?x256x16xi32>, memref<?x256x16xi32>, memref<?x16xi32>, index) -> ()
      "taskflow.yield"(%arg91, %arg94) <{operandSegmentSizes = array<i32: 1, 1, 0>}> : (memref<?x256x16xi32>, memref<?x256x16xi32>) -> ()
    }) {amoeba.source_iteration_control_binding = "amoeba-source-iteration-domain-v1\0Adomain_witness_bytes=235:amoeba-source-iteration-domain-v1\0Acomplete=1\0Arepresented_multiplicity=1280\0Ainternal_multiplicity=1\0Asource_multiplicity=1280\0Aaxis_count=3\0Aaxis=T,0,0,5,1,5,0,-1,0,0\0Aaxis=T,1,0,16,1,16,0,-1,0,0\0Aaxis=T,2,0,16,1,16,0,-1,0,0\0Areason_bytes=0:\0A\0A\22func.func\22() <{function_type = (memref<?x256x16xi32>, memref<?x16xi32>, memref<?x256x16xi32>, memref<?x256x16xi32>, index, i32, memref<?x256x16xi32>, memref<?x256x16xi32>) -> (), sym_name = \22__source_domain_binding__\22}> ({\0A^bb0(%arg0: memref<?x256x16xi32>, %arg1: memref<?x16xi32>, %arg2: memref<?x256x16xi32>, %arg3: memref<?x256x16xi32>, %arg4: index, %arg5: i32, %arg6: memref<?x256x16xi32>, %arg7: memref<?x256x16xi32>):\0A  %0:2 = \22taskflow.task\22(%arg0, %arg1, %arg2, %arg3, %arg4, %arg5, %arg6, %arg1, %arg7, %arg7) <{operandSegmentSizes = array<i32: 3, 1, 2, 3, 1>, resultSegmentSizes = array<i32: 1, 1, 0>, task_name = \22Task_20\22}> ({\0A  ^bb0(%arg8: memref<?x256x16xi32>, %arg9: memref<?x16xi32>, %arg10: memref<?x256x16xi32>, %arg11: memref<?x256x16xi32>, %arg12: index, %arg13: i32):\0A    %1 = \22arith.constant\22() <{value = 16 : index}> : () -> index\0A    %2 = \22arith.constant\22() <{value = 0 : index}> : () -> index\0A    %3 = \22arith.constant\22() <{value = 1 : index}> : () -> index\0A    %4 = \22taskflow.counter\22(%2, %arg12, %3) <{counter_dynamism = \22symbol_bound\22, counter_hierarchy = \22root\22, counter_id = 0 : i32}> : (index, index, index) -> index\0A    %5 = \22taskflow.counter\22(%4, %2, %1, %3) <{counter_dynamism = \22constant_bound\22, counter_hierarchy = \22relay\22, counter_id = 1 : i32}> : (index, index, index, index) -> index\0A    %6 = \22taskflow.counter\22(%5, %2, %1, %3) <{counter_dynamism = \22constant_bound\22, counter_hierarchy = \22leaf\22, counter_id = 2 : i32}> : (index, index, index, index) -> index\0A    \22neura.kernel\22(%arg13, %arg11, %arg8, %arg9, %arg12) <{accelerator = \22neura\22, operandSegmentSizes = array<i32: 5, 0>}> ({\0A    ^bb0(%arg14: !neura.data<i32, i1>, %arg15: !neura.data<memref<?x256x16xi32>, i1>, %arg16: !neura.data<memref<?x256x16xi32>, i1>, %arg17: !neura.data<memref<?x16xi32>, i1>, %arg18: !neura.data<index, i1>):\0A      %7 = \22neura.constant\22() <{value = \22%input1\22}> : () -> !neura.data<memref<?x256x16xi32>, i1>\0A      %8 = \22neura.constant\22() <{value = 2 : index}> : () -> !neura.data<index, i1>\0A      %9 = \22neura.constant\22() <{value = 1 : index}> : () -> !neura.data<index, i1>\0A      %10 = \22neura.counter\22() <{counter_dynamism = \22symbol_bound\22, counter_hierarchy = \22root\22, counter_id = 0 : i32, operandSegmentSizes = array<i32: 0, 0, 0>}> {lower_bound_value = 0 : index, step_value = 1 : index, upper_bound_value = \22%input4\22} : () -> !neura.data<index, i1>\0A      %11 = \22neura.counter\22() <{counter_dynamism = \22constant_bound\22, counter_hierarchy = \22relay\22, counter_id = 1 : i32, operandSegmentSizes = array<i32: 0, 0, 0>}> {lower_bound_value = 0 : index, step_value = 1 : index, upper_bound_value = 16 : index} : () -> !neura.data<index, i1>\0A      %12 = \22neura.counter\22() <{counter_dynamism = \22constant_bound\22, counter_hierarchy = \22leaf\22, counter_id = 2 : i32, operandSegmentSizes = array<i32: 0, 0, 0>}> {lower_bound_value = 0 : index, step_value = 1 : index, upper_bound_value = 16 : index} : () -> !neura.data<index, i1>\0A      %13 = \22neura.data_mov\22(%12) : (!neura.data<index, i1>) -> !neura.data<index, i1>\0A      %14 = \22neura.icmp\22(%13) <{cmpType = \22eq\22}> {rhs_value = 0 : index} : (!neura.data<index, i1>) -> !neura.data<i1, i1>\0A      %15 = \22neura.data_mov\22(%7) : (!neura.data<memref<?x256x16xi32>, i1>) -> !neura.data<memref<?x256x16xi32>, i1>\0A      %16 = \22neura.data_mov\22(%14) : (!neura.data<i1, i1>) -> !neura.data<i1, i1>\0A      %17 = \22neura.grant_predicate\22(%15, %16) : (!neura.data<memref<?x256x16xi32>, i1>, !neura.data<i1, i1>) -> !neura.data<memref<?x256x16xi32>, i1>\0A      %18 = \22neura.data_mov\22(%8) : (!neura.data<index, i1>) -> !neura.data<index, i1>\0A      %19 = \22neura.data_mov\22(%14) : (!neura.data<i1, i1>) -> !neura.data<i1, i1>\0A      %20 = \22neura.grant_predicate\22(%18, %19) : (!neura.data<index, i1>, !neura.data<i1, i1>) -> !neura.data<index, i1>\0A      %21 = \22neura.data_mov\22(%10) : (!neura.data<index, i1>) -> !neura.data<index, i1>\0A      %22 = \22neura.data_mov\22(%14) : (!neura.data<i1, i1>) -> !neura.data<i1, i1>\0A      %23 = \22neura.grant_predicate\22(%21, %22) : (!neura.data<index, i1>, !neura.data<i1, i1>) -> !neura.data<index, i1>\0A      %24 = \22neura.data_mov\22(%11) : (!neura.data<index, i1>) -> !neura.data<index, i1>\0A      %25 = \22neura.data_mov\22(%14) : (!neura.data<i1, i1>) -> !neura.data<i1, i1>\0A      %26 = \22neura.grant_predicate\22(%24, %25) : (!neura.data<index, i1>, !neura.data<i1, i1>) -> !neura.data<index, i1>\0A      %27 = \22neura.data_mov\22(%9) : (!neura.data<index, i1>) -> !neura.data<index, i1>\0A      %28 = \22neura.data_mov\22(%14) : (!neura.data<i1, i1>) -> !neura.data<i1, i1>\0A      %29 = \22neura.grant_predicate\22(%27, %28) : (!neura.data<index, i1>, !neura.data<i1, i1>) -> !neura.data<index, i1>\0A      %30 = \22neura.data_mov\22(%12) : (!neura.data<index, i1>) -> !neura.data<index, i1>\0A      %31 = \22neura.data_mov\22(%14) : (!neura.data<i1, i1>) -> !neura.data<i1, i1>\0A      %32 = \22neura.grant_predicate\22(%30, %31) : (!neura.data<index, i1>, !neura.data<i1, i1>) -> !neura.data<index, i1>\0A      %33 = \22neura.data_mov\22(%14) : (!neura.data<i1, i1>) -> !neura.data<i1, i1>\0A      %34 = \22neura.not\22(%33) : (!neura.data<i1, i1>) -> !neura.data<i1, i1>\0A      %35 = \22neura.data_mov\22(%9) : (!neura.data<index, i1>) -> !neura.data<index, i1>\0A      %36 = \22neura.data_mov\22(%34) : (!neura.data<i1, i1>) -> !neura.data<i1, i1>\0A      %37 = \22neura.grant_predicate\22(%35, %36) : (!neura.data<index, i1>, !neura.data<i1, i1>) -> !neura.data<index, i1>\0A      %38 = \22neura.data_mov\22(%10) : (!neura.data<index, i1>) -> !neura.data<index, i1>\0A      %39 = \22neura.data_mov\22(%34) : (!neura.data<i1, i1>) -> !neura.data<i1, i1>\0A      %40 = \22neura.grant_predicate\22(%38, %39) : (!neura.data<index, i1>, !neura.data<i1, i1>) -> !neura.data<index, i1>\0A      %41 = \22neura.data_mov\22(%12) : (!neura.data<index, i1>) -> !neura.data<index, i1>\0A      %42 = \22neura.data_mov\22(%34) : (!neura.data<i1, i1>) -> !neura.data<i1, i1>\0A      %43 = \22neura.grant_predicate\22(%41, %42) : (!neura.data<index, i1>, !neura.data<i1, i1>) -> !neura.data<index, i1>\0A      %44 = \22neura.data_mov\22(%11) : (!neura.data<index, i1>) -> !neura.data<index, i1>\0A      %45 = \22neura.data_mov\22(%34) : (!neura.data<i1, i1>) -> !neura.data<i1, i1>\0A      %46 = \22neura.grant_predicate\22(%44, %45) : (!neura.data<index, i1>, !neura.data<i1, i1>) -> !neura.data<index, i1>\0A      %47 = \22neura.data_mov\22(%8) : (!neura.data<index, i1>) -> !neura.data<index, i1>\0A      %48 = \22neura.data_mov\22(%34) : (!neura.data<i1, i1>) -> !neura.data<i1, i1>\0A      %49 = \22neura.grant_predicate\22(%47, %48) : (!neura.data<index, i1>, !neura.data<i1, i1>) -> !neura.data<index, i1>\0A      %50 = \22neura.data_mov\22(%17) : (!neura.data<memref<?x256x16xi32>, i1>) -> !neura.data<memref<?x256x16xi32>, i1>\0A      %51 = \22neura.data_mov\22(%20) : (!neura.data<index, i1>) -> !neura.data<index, i1>\0A      %52 = \22neura.data_mov\22(%23) : (!neura.data<index, i1>) -> !neura.data<index, i1>\0A      %53 = \22neura.data_mov\22(%26) : (!neura.data<index, i1>) -> !neura.data<index, i1>\0A      \22neura.store_indexed\22(%50, %51, %52, %53) <{operandSegmentSizes = array<i32: 0, 1, 3>}> {lhs_value = \22%input0\22} : (!neura.data<memref<?x256x16xi32>, i1>, !neura.data<index, i1>, !neura.data<index, i1>, !neura.data<index, i1>) -> ()\0A      %54 = \22neura.data_mov\22(%49) : (!neura.data<index, i1>) -> !neura.data<index, i1>\0A      %55 = \22neura.data_mov\22(%20) : (!neura.data<index, i1>) -> !neura.data<index, i1>\0A      %56 = \22neura.phi\22(%54, %55) : (!neura.data<index, i1>, !neura.data<index, i1>) -> !neura.data<index, i1>\0A      %57 = \22neura.data_mov\22(%46) : (!neura.data<index, i1>) -> !neura.data<index, i1>\0A      %58 = \22neura.data_mov\22(%26) : (!neura.data<index, i1>) -> !neura.data<index, i1>\0A      %59 = \22neura.phi\22(%57, %58) : (!neura.data<index, i1>, !neura.data<index, i1>) -> !neura.data<index, i1>\0A      %60 = \22neura.data_mov\22(%43) : (!neura.data<index, i1>) -> !neura.data<index, i1>\0A      %61 = \22neura.data_mov\22(%32) : (!neura.data<index, i1>) -> !neura.data<index, i1>\0A      %62 = \22neura.phi\22(%60, %61) : (!neura.data<index, i1>, !neura.data<index, i1>) -> !neura.data<index, i1>\0A      %63 = \22neura.data_mov\22(%40) : (!neura.data<index, i1>) -> !neura.data<index, i1>\0A      %64 = \22neura.data_mov\22(%23) : (!neura.data<index, i1>) -> !neura.data<index, i1>\0A      %65 = \22neura.phi\22(%63, %64) : (!neura.data<index, i1>, !neura.data<index, i1>) -> !neura.data<index, i1>\0A      %66 = \22neura.data_mov\22(%37) : (!neura.data<index, i1>) -> !neura.data<index, i1>\0A      %67 = \22neura.data_mov\22(%29) : (!neura.data<index, i1>) -> !neura.data<index, i1>\0A      %68 = \22neura.phi\22(%66, %67) : (!neura.data<index, i1>, !neura.data<index, i1>) -> !neura.data<index, i1>\0A      %69 = \22neura.data_mov\22(%68) : (!neura.data<index, i1>) -> !neura.data<index, i1>\0A      %70 = \22neura.data_mov\22(%65) : (!neura.data<index, i1>) -> !neura.data<index, i1>\0A      %71 = \22neura.data_mov\22(%62) : (!neura.data<index, i1>) -> !neura.data<index, i1>\0A      %72 = \22neura.load_indexed\22(%69, %70, %71) <{operandSegmentSizes = array<i32: 0, 3>}> {lhs_value = \22%input2\22} : (!neura.data<index, i1>, !neura.data<index, i1>, !neura.data<index, i1>) -> !neura.data<i32, i1>\0A      %73 = \22neura.data_mov\22(%62) : (!neura.data<index, i1>) -> !neura.data<index, i1>\0A      %74 = \22neura.data_mov\22(%59) : (!neura.data<index, i1>) -> !neura.data<index, i1>\0A      %75 = \22neura.load_indexed\22(%73, %74) <{operandSegmentSizes = array<i32: 0, 2>}> {lhs_value = \22%input3\22} : (!neura.data<index, i1>, !neura.data<index, i1>) -> !neura.data<i32, i1>\0A      %76 = \22neura.data_mov\22(%72) : (!neura.data<i32, i1>) -> !neura.data<i32, i1>\0A      %77 = \22neura.data_mov\22(%75) : (!neura.data<i32, i1>) -> !neura.data<i32, i1>\0A      %78 = \22neura.mul\22(%76, %77) : (!neura.data<i32, i1>, !neura.data<i32, i1>) -> !neura.data<i32, i1>\0A      %79 = \22neura.data_mov\22(%56) : (!neura.data<index, i1>) -> !neura.data<index, i1>\0A      %80 = \22neura.data_mov\22(%65) : (!neura.data<index, i1>) -> !neura.data<index, i1>\0A      %81 = \22neura.data_mov\22(%59) : (!neura.data<index, i1>) -> !neura.data<index, i1>\0A      %82 = \22neura.load_indexed\22(%79, %80, %81) <{operandSegmentSizes = array<i32: 0, 3>}> {lhs_value = \22%input1\22} : (!neura.data<index, i1>, !neura.data<index, i1>, !neura.data<index, i1>) -> !neura.data<i32, i1>\0A      %83 = \22neura.data_mov\22(%82) : (!neura.data<i32, i1>) -> !neura.data<i32, i1>\0A      %84 = \22neura.data_mov\22(%78) : (!neura.data<i32, i1>) -> !neura.data<i32, i1>\0A      %85 = \22neura.add\22(%83, %84) : (!neura.data<i32, i1>, !neura.data<i32, i1>) -> !neura.data<i32, i1>\0A      %86 = \22neura.data_mov\22(%85) : (!neura.data<i32, i1>) -> !neura.data<i32, i1>\0A      %87 = \22neura.data_mov\22(%56) : (!neura.data<index, i1>) -> !neura.data<index, i1>\0A      %88 = \22neura.data_mov\22(%65) : (!neura.data<index, i1>) -> !neura.data<index, i1>\0A      %89 = \22neura.data_mov\22(%59) : (!neura.data<index, i1>) -> !neura.data<index, i1>\0A      \22neura.store_indexed\22(%86, %87, %88, %89) <{operandSegmentSizes = array<i32: 1, 0, 3>}> {rhs_value = \22%input1\22} : (!neura.data<i32, i1>, !neura.data<index, i1>, !neura.data<index, i1>, !neura.data<index, i1>) -> ()\0A      \22neura.yield\22() <{operandSegmentSizes = array<i32: 0, 0>}> {yield_type = \22void\22} : () -> ()\0A    }) {dataflow_mode = \22predicate\22} : (i32, memref<?x256x16xi32>, memref<?x256x16xi32>, memref<?x16xi32>, index) -> ()\0A    \22taskflow.yield\22(%arg8, %arg11) <{operandSegmentSizes = array<i32: 1, 1, 0>}> : (memref<?x256x16xi32>, memref<?x256x16xi32>) -> ()\0A  }) {dlp_replicable = true, runtime_managable = true} : (memref<?x256x16xi32>, memref<?x16xi32>, memref<?x256x16xi32>, memref<?x256x16xi32>, index, i32, memref<?x256x16xi32>, memref<?x16xi32>, memref<?x256x16xi32>, memref<?x256x16xi32>) -> (memref<?x256x16xi32>, memref<?x256x16xi32>)\0A  \22func.return\22() : () -> ()\0A}) : () -> ()", amoeba.source_iteration_domain = {axes = [{carried_values = 0 : i64, expanded_inside_mapper_firing = false, extent = 5 : i64, kind = "taskflow-counter", lower = 0 : i64, ordinal = 0 : i64, parent_counter_ordinal = -1 : i64, result_uses = 0 : i64, step = 1 : i64, upper = 5 : i64}, {carried_values = 0 : i64, expanded_inside_mapper_firing = false, extent = 16 : i64, kind = "taskflow-counter", lower = 0 : i64, ordinal = 1 : i64, parent_counter_ordinal = -1 : i64, result_uses = 0 : i64, step = 1 : i64, upper = 16 : i64}, {carried_values = 0 : i64, expanded_inside_mapper_firing = false, extent = 16 : i64, kind = "taskflow-counter", lower = 0 : i64, ordinal = 2 : i64, parent_counter_ordinal = -1 : i64, result_uses = 0 : i64, step = 1 : i64, upper = 16 : i64}], canonical_witness = "amoeba-source-iteration-domain-v1\0Acomplete=1\0Arepresented_multiplicity=1280\0Ainternal_multiplicity=1\0Asource_multiplicity=1280\0Aaxis_count=3\0Aaxis=T,0,0,5,1,5,0,-1,0,0\0Aaxis=T,1,0,16,1,16,0,-1,0,0\0Aaxis=T,2,0,16,1,16,0,-1,0,0\0Areason_bytes=0:\0A", complete = true, internal_multiplicity = 1 : i64, represented_multiplicity = 1280 : i64, schema = "amoeba-source-iteration-domain-v1", source_multiplicity = 1280 : i64}, amoeba.source_iteration_source_control_binding = "amoeba-source-iteration-domain-v1\0Adomain_witness_bytes=235:amoeba-source-iteration-domain-v1\0Acomplete=1\0Arepresented_multiplicity=1280\0Ainternal_multiplicity=1\0Asource_multiplicity=1280\0Aaxis_count=3\0Aaxis=T,0,0,5,1,5,0,-1,0,0\0Aaxis=T,1,0,16,1,16,0,-1,0,0\0Aaxis=T,2,0,16,1,16,0,-1,0,0\0Areason_bytes=0:\0A\0A\22func.func\22() <{function_type = (memref<?x256x16xi32>, memref<?x16xi32>, memref<?x256x16xi32>, memref<?x256x16xi32>, index, i32, memref<?x256x16xi32>, memref<?x256x16xi32>) -> (), sym_name = \22__source_domain_binding__\22}> ({\0A^bb0(%arg0: memref<?x256x16xi32>, %arg1: memref<?x16xi32>, %arg2: memref<?x256x16xi32>, %arg3: memref<?x256x16xi32>, %arg4: index, %arg5: i32, %arg6: memref<?x256x16xi32>, %arg7: memref<?x256x16xi32>):\0A  %0:2 = \22taskflow.task\22(%arg0, %arg1, %arg2, %arg3, %arg4, %arg5, %arg6, %arg1, %arg7, %arg7) <{operandSegmentSizes = array<i32: 3, 1, 2, 3, 1>, resultSegmentSizes = array<i32: 1, 1, 0>, task_name = \22Task_20\22}> ({\0A  ^bb0(%arg8: memref<?x256x16xi32>, %arg9: memref<?x16xi32>, %arg10: memref<?x256x16xi32>, %arg11: memref<?x256x16xi32>, %arg12: index, %arg13: i32):\0A    %1 = \22arith.constant\22() <{value = 16 : index}> : () -> index\0A    %2 = \22arith.constant\22() <{value = 0 : index}> : () -> index\0A    %3 = \22arith.constant\22() <{value = 1 : index}> : () -> index\0A    %4 = \22taskflow.counter\22(%2, %arg12, %3) <{counter_dynamism = \22symbol_bound\22, counter_hierarchy = \22root\22, counter_id = 0 : i32}> : (index, index, index) -> index\0A    %5 = \22taskflow.counter\22(%4, %2, %1, %3) <{counter_dynamism = \22constant_bound\22, counter_hierarchy = \22relay\22, counter_id = 1 : i32}> : (index, index, index, index) -> index\0A    %6 = \22taskflow.counter\22(%5, %2, %1, %3) <{counter_dynamism = \22constant_bound\22, counter_hierarchy = \22leaf\22, counter_id = 2 : i32}> : (index, index, index, index) -> index\0A    \22neura.kernel\22(%arg13, %arg11, %arg8, %arg9, %arg12) <{accelerator = \22neura\22, operandSegmentSizes = array<i32: 5, 0>}> ({\0A    ^bb0(%arg14: !neura.data<i32, i1>, %arg15: !neura.data<memref<?x256x16xi32>, i1>, %arg16: !neura.data<memref<?x256x16xi32>, i1>, %arg17: !neura.data<memref<?x16xi32>, i1>, %arg18: !neura.data<index, i1>):\0A      %7 = \22neura.constant\22() <{value = \22%input1\22}> : () -> !neura.data<memref<?x256x16xi32>, i1>\0A      %8 = \22neura.constant\22() <{value = 2 : index}> : () -> !neura.data<index, i1>\0A      %9 = \22neura.constant\22() <{value = 1 : index}> : () -> !neura.data<index, i1>\0A      %10 = \22neura.counter\22() <{counter_dynamism = \22symbol_bound\22, counter_hierarchy = \22root\22, counter_id = 0 : i32, operandSegmentSizes = array<i32: 0, 0, 0>}> {lower_bound_value = 0 : index, step_value = 1 : index, upper_bound_value = \22%input4\22} : () -> !neura.data<index, i1>\0A      %11 = \22neura.counter\22() <{counter_dynamism = \22constant_bound\22, counter_hierarchy = \22relay\22, counter_id = 1 : i32, operandSegmentSizes = array<i32: 0, 0, 0>}> {lower_bound_value = 0 : index, step_value = 1 : index, upper_bound_value = 16 : index} : () -> !neura.data<index, i1>\0A      %12 = \22neura.counter\22() <{counter_dynamism = \22constant_bound\22, counter_hierarchy = \22leaf\22, counter_id = 2 : i32, operandSegmentSizes = array<i32: 0, 0, 0>}> {lower_bound_value = 0 : index, step_value = 1 : index, upper_bound_value = 16 : index} : () -> !neura.data<index, i1>\0A      %13 = \22neura.data_mov\22(%12) : (!neura.data<index, i1>) -> !neura.data<index, i1>\0A      %14 = \22neura.icmp\22(%13) <{cmpType = \22eq\22}> {rhs_value = 0 : index} : (!neura.data<index, i1>) -> !neura.data<i1, i1>\0A      %15 = \22neura.data_mov\22(%7) : (!neura.data<memref<?x256x16xi32>, i1>) -> !neura.data<memref<?x256x16xi32>, i1>\0A      %16 = \22neura.data_mov\22(%14) : (!neura.data<i1, i1>) -> !neura.data<i1, i1>\0A      %17 = \22neura.grant_predicate\22(%15, %16) : (!neura.data<memref<?x256x16xi32>, i1>, !neura.data<i1, i1>) -> !neura.data<memref<?x256x16xi32>, i1>\0A      %18 = \22neura.data_mov\22(%8) : (!neura.data<index, i1>) -> !neura.data<index, i1>\0A      %19 = \22neura.data_mov\22(%14) : (!neura.data<i1, i1>) -> !neura.data<i1, i1>\0A      %20 = \22neura.grant_predicate\22(%18, %19) : (!neura.data<index, i1>, !neura.data<i1, i1>) -> !neura.data<index, i1>\0A      %21 = \22neura.data_mov\22(%10) : (!neura.data<index, i1>) -> !neura.data<index, i1>\0A      %22 = \22neura.data_mov\22(%14) : (!neura.data<i1, i1>) -> !neura.data<i1, i1>\0A      %23 = \22neura.grant_predicate\22(%21, %22) : (!neura.data<index, i1>, !neura.data<i1, i1>) -> !neura.data<index, i1>\0A      %24 = \22neura.data_mov\22(%11) : (!neura.data<index, i1>) -> !neura.data<index, i1>\0A      %25 = \22neura.data_mov\22(%14) : (!neura.data<i1, i1>) -> !neura.data<i1, i1>\0A      %26 = \22neura.grant_predicate\22(%24, %25) : (!neura.data<index, i1>, !neura.data<i1, i1>) -> !neura.data<index, i1>\0A      %27 = \22neura.data_mov\22(%9) : (!neura.data<index, i1>) -> !neura.data<index, i1>\0A      %28 = \22neura.data_mov\22(%14) : (!neura.data<i1, i1>) -> !neura.data<i1, i1>\0A      %29 = \22neura.grant_predicate\22(%27, %28) : (!neura.data<index, i1>, !neura.data<i1, i1>) -> !neura.data<index, i1>\0A      %30 = \22neura.data_mov\22(%12) : (!neura.data<index, i1>) -> !neura.data<index, i1>\0A      %31 = \22neura.data_mov\22(%14) : (!neura.data<i1, i1>) -> !neura.data<i1, i1>\0A      %32 = \22neura.grant_predicate\22(%30, %31) : (!neura.data<index, i1>, !neura.data<i1, i1>) -> !neura.data<index, i1>\0A      %33 = \22neura.data_mov\22(%14) : (!neura.data<i1, i1>) -> !neura.data<i1, i1>\0A      %34 = \22neura.not\22(%33) : (!neura.data<i1, i1>) -> !neura.data<i1, i1>\0A      %35 = \22neura.data_mov\22(%9) : (!neura.data<index, i1>) -> !neura.data<index, i1>\0A      %36 = \22neura.data_mov\22(%34) : (!neura.data<i1, i1>) -> !neura.data<i1, i1>\0A      %37 = \22neura.grant_predicate\22(%35, %36) : (!neura.data<index, i1>, !neura.data<i1, i1>) -> !neura.data<index, i1>\0A      %38 = \22neura.data_mov\22(%10) : (!neura.data<index, i1>) -> !neura.data<index, i1>\0A      %39 = \22neura.data_mov\22(%34) : (!neura.data<i1, i1>) -> !neura.data<i1, i1>\0A      %40 = \22neura.grant_predicate\22(%38, %39) : (!neura.data<index, i1>, !neura.data<i1, i1>) -> !neura.data<index, i1>\0A      %41 = \22neura.data_mov\22(%12) : (!neura.data<index, i1>) -> !neura.data<index, i1>\0A      %42 = \22neura.data_mov\22(%34) : (!neura.data<i1, i1>) -> !neura.data<i1, i1>\0A      %43 = \22neura.grant_predicate\22(%41, %42) : (!neura.data<index, i1>, !neura.data<i1, i1>) -> !neura.data<index, i1>\0A      %44 = \22neura.data_mov\22(%11) : (!neura.data<index, i1>) -> !neura.data<index, i1>\0A      %45 = \22neura.data_mov\22(%34) : (!neura.data<i1, i1>) -> !neura.data<i1, i1>\0A      %46 = \22neura.grant_predicate\22(%44, %45) : (!neura.data<index, i1>, !neura.data<i1, i1>) -> !neura.data<index, i1>\0A      %47 = \22neura.data_mov\22(%8) : (!neura.data<index, i1>) -> !neura.data<index, i1>\0A      %48 = \22neura.data_mov\22(%34) : (!neura.data<i1, i1>) -> !neura.data<i1, i1>\0A      %49 = \22neura.grant_predicate\22(%47, %48) : (!neura.data<index, i1>, !neura.data<i1, i1>) -> !neura.data<index, i1>\0A      %50 = \22neura.data_mov\22(%17) : (!neura.data<memref<?x256x16xi32>, i1>) -> !neura.data<memref<?x256x16xi32>, i1>\0A      %51 = \22neura.data_mov\22(%20) : (!neura.data<index, i1>) -> !neura.data<index, i1>\0A      %52 = \22neura.data_mov\22(%23) : (!neura.data<index, i1>) -> !neura.data<index, i1>\0A      %53 = \22neura.data_mov\22(%26) : (!neura.data<index, i1>) -> !neura.data<index, i1>\0A      \22neura.store_indexed\22(%50, %51, %52, %53) <{operandSegmentSizes = array<i32: 0, 1, 3>}> {lhs_value = \22%input0\22} : (!neura.data<memref<?x256x16xi32>, i1>, !neura.data<index, i1>, !neura.data<index, i1>, !neura.data<index, i1>) -> ()\0A      %54 = \22neura.data_mov\22(%49) : (!neura.data<index, i1>) -> !neura.data<index, i1>\0A      %55 = \22neura.data_mov\22(%20) : (!neura.data<index, i1>) -> !neura.data<index, i1>\0A      %56 = \22neura.phi\22(%54, %55) : (!neura.data<index, i1>, !neura.data<index, i1>) -> !neura.data<index, i1>\0A      %57 = \22neura.data_mov\22(%46) : (!neura.data<index, i1>) -> !neura.data<index, i1>\0A      %58 = \22neura.data_mov\22(%26) : (!neura.data<index, i1>) -> !neura.data<index, i1>\0A      %59 = \22neura.phi\22(%57, %58) : (!neura.data<index, i1>, !neura.data<index, i1>) -> !neura.data<index, i1>\0A      %60 = \22neura.data_mov\22(%43) : (!neura.data<index, i1>) -> !neura.data<index, i1>\0A      %61 = \22neura.data_mov\22(%32) : (!neura.data<index, i1>) -> !neura.data<index, i1>\0A      %62 = \22neura.phi\22(%60, %61) : (!neura.data<index, i1>, !neura.data<index, i1>) -> !neura.data<index, i1>\0A      %63 = \22neura.data_mov\22(%40) : (!neura.data<index, i1>) -> !neura.data<index, i1>\0A      %64 = \22neura.data_mov\22(%23) : (!neura.data<index, i1>) -> !neura.data<index, i1>\0A      %65 = \22neura.phi\22(%63, %64) : (!neura.data<index, i1>, !neura.data<index, i1>) -> !neura.data<index, i1>\0A      %66 = \22neura.data_mov\22(%37) : (!neura.data<index, i1>) -> !neura.data<index, i1>\0A      %67 = \22neura.data_mov\22(%29) : (!neura.data<index, i1>) -> !neura.data<index, i1>\0A      %68 = \22neura.phi\22(%66, %67) : (!neura.data<index, i1>, !neura.data<index, i1>) -> !neura.data<index, i1>\0A      %69 = \22neura.data_mov\22(%68) : (!neura.data<index, i1>) -> !neura.data<index, i1>\0A      %70 = \22neura.data_mov\22(%65) : (!neura.data<index, i1>) -> !neura.data<index, i1>\0A      %71 = \22neura.data_mov\22(%62) : (!neura.data<index, i1>) -> !neura.data<index, i1>\0A      %72 = \22neura.load_indexed\22(%69, %70, %71) <{operandSegmentSizes = array<i32: 0, 3>}> {lhs_value = \22%input2\22} : (!neura.data<index, i1>, !neura.data<index, i1>, !neura.data<index, i1>) -> !neura.data<i32, i1>\0A      %73 = \22neura.data_mov\22(%62) : (!neura.data<index, i1>) -> !neura.data<index, i1>\0A      %74 = \22neura.data_mov\22(%59) : (!neura.data<index, i1>) -> !neura.data<index, i1>\0A      %75 = \22neura.load_indexed\22(%73, %74) <{operandSegmentSizes = array<i32: 0, 2>}> {lhs_value = \22%input3\22} : (!neura.data<index, i1>, !neura.data<index, i1>) -> !neura.data<i32, i1>\0A      %76 = \22neura.data_mov\22(%72) : (!neura.data<i32, i1>) -> !neura.data<i32, i1>\0A      %77 = \22neura.data_mov\22(%75) : (!neura.data<i32, i1>) -> !neura.data<i32, i1>\0A      %78 = \22neura.mul\22(%76, %77) : (!neura.data<i32, i1>, !neura.data<i32, i1>) -> !neura.data<i32, i1>\0A      %79 = \22neura.data_mov\22(%56) : (!neura.data<index, i1>) -> !neura.data<index, i1>\0A      %80 = \22neura.data_mov\22(%65) : (!neura.data<index, i1>) -> !neura.data<index, i1>\0A      %81 = \22neura.data_mov\22(%59) : (!neura.data<index, i1>) -> !neura.data<index, i1>\0A      %82 = \22neura.load_indexed\22(%79, %80, %81) <{operandSegmentSizes = array<i32: 0, 3>}> {lhs_value = \22%input1\22} : (!neura.data<index, i1>, !neura.data<index, i1>, !neura.data<index, i1>) -> !neura.data<i32, i1>\0A      %83 = \22neura.data_mov\22(%82) : (!neura.data<i32, i1>) -> !neura.data<i32, i1>\0A      %84 = \22neura.data_mov\22(%78) : (!neura.data<i32, i1>) -> !neura.data<i32, i1>\0A      %85 = \22neura.add\22(%83, %84) : (!neura.data<i32, i1>, !neura.data<i32, i1>) -> !neura.data<i32, i1>\0A      %86 = \22neura.data_mov\22(%85) : (!neura.data<i32, i1>) -> !neura.data<i32, i1>\0A      %87 = \22neura.data_mov\22(%56) : (!neura.data<index, i1>) -> !neura.data<index, i1>\0A      %88 = \22neura.data_mov\22(%65) : (!neura.data<index, i1>) -> !neura.data<index, i1>\0A      %89 = \22neura.data_mov\22(%59) : (!neura.data<index, i1>) -> !neura.data<index, i1>\0A      \22neura.store_indexed\22(%86, %87, %88, %89) <{operandSegmentSizes = array<i32: 1, 0, 3>}> {rhs_value = \22%input1\22} : (!neura.data<i32, i1>, !neura.data<index, i1>, !neura.data<index, i1>, !neura.data<index, i1>) -> ()\0A      \22neura.yield\22() <{operandSegmentSizes = array<i32: 0, 0>}> {yield_type = \22void\22} : () -> ()\0A    }) {dataflow_mode = \22predicate\22} : (i32, memref<?x256x16xi32>, memref<?x256x16xi32>, memref<?x16xi32>, index) -> ()\0A    \22taskflow.yield\22(%arg8, %arg11) <{operandSegmentSizes = array<i32: 1, 1, 0>}> : (memref<?x256x16xi32>, memref<?x256x16xi32>) -> ()\0A  }) {dlp_replicable = true, runtime_managable = true} : (memref<?x256x16xi32>, memref<?x16xi32>, memref<?x256x16xi32>, memref<?x256x16xi32>, index, i32, memref<?x256x16xi32>, memref<?x16xi32>, memref<?x256x16xi32>, memref<?x256x16xi32>) -> (memref<?x256x16xi32>, memref<?x256x16xi32>)\0A  \22func.return\22() : () -> ()\0A}) : () -> ()", dlp_replicable = true, runtime_managable = true} : (memref<?x256x16xi32>, memref<?x16xi32>, memref<?x256x16xi32>, memref<?x256x16xi32>, index, i32, memref<?x256x16xi32>, memref<?x16xi32>, memref<?x256x16xi32>, memref<?x256x16xi32>) -> (memref<?x256x16xi32>, memref<?x256x16xi32>)
    %26:2 = "taskflow.task"(%12, %24#2, %23#1, %24#1, %4, %3, %arg10, %arg13, %arg12, %arg12) <{operandSegmentSizes = array<i32: 3, 1, 2, 3, 1>, resultSegmentSizes = array<i32: 1, 1, 0>, task_name = "Task_21"}> ({
    ^bb0(%arg80: memref<?x256x256xi32>, %arg81: memref<?x256x16xi32>, %arg82: memref<?x256x16xi32>, %arg83: memref<?x256x16xi32>, %arg84: index, %arg85: i32):
      %469 = "arith.constant"() <{value = 16 : index}> : () -> index
      %470 = "arith.constant"() <{value = 0 : index}> : () -> index
      %471 = "arith.constant"() <{value = 1 : index}> : () -> index
      %472 = "taskflow.counter"(%470, %arg84, %471) <{counter_dynamism = "symbol_bound", counter_hierarchy = "root", counter_id = 0 : i32}> : (index, index, index) -> index
      %473 = "taskflow.counter"(%472, %470, %469, %471) <{counter_dynamism = "constant_bound", counter_hierarchy = "relay", counter_id = 1 : i32}> : (index, index, index, index) -> index
      %474 = "taskflow.counter"(%473, %470, %arg84, %471) <{counter_dynamism = "symbol_bound", counter_hierarchy = "leaf", counter_id = 2 : i32}> : (index, index, index, index) -> index
      "neura.kernel"(%arg85, %arg83, %arg80, %arg81, %arg84) <{accelerator = "neura", operandSegmentSizes = array<i32: 5, 0>}> ({
      ^bb0(%arg86: !neura.data<i32, i1>, %arg87: !neura.data<memref<?x256x16xi32>, i1>, %arg88: !neura.data<memref<?x256x256xi32>, i1>, %arg89: !neura.data<memref<?x256x16xi32>, i1>, %arg90: !neura.data<index, i1>):
        %475 = "neura.constant"() <{value = "%input1"}> : () -> !neura.data<memref<?x256x16xi32>, i1>
        %476 = "neura.constant"() <{value = 8 : index}> : () -> !neura.data<index, i1>
        %477 = "neura.constant"() <{value = 0 : index}> : () -> !neura.data<index, i1>
        %478 = "neura.constant"() <{value = 1 : index}> : () -> !neura.data<index, i1>
        %479 = "neura.counter"() <{counter_dynamism = "symbol_bound", counter_hierarchy = "root", counter_id = 0 : i32, operandSegmentSizes = array<i32: 0, 0, 0>}> {lower_bound_value = 0 : index, step_value = 1 : index, upper_bound_value = "%input4"} : () -> !neura.data<index, i1>
        %480 = "neura.counter"() <{counter_dynamism = "constant_bound", counter_hierarchy = "relay", counter_id = 1 : i32, operandSegmentSizes = array<i32: 0, 0, 0>}> {lower_bound_value = 0 : index, step_value = 1 : index, upper_bound_value = 16 : index} : () -> !neura.data<index, i1>
        %481 = "neura.counter"() <{counter_dynamism = "symbol_bound", counter_hierarchy = "leaf", counter_id = 2 : i32, operandSegmentSizes = array<i32: 0, 0, 0>}> {lower_bound_value = 0 : index, step_value = 1 : index, upper_bound_value = "%input4"} : () -> !neura.data<index, i1>
        %482 = "neura.data_mov"(%481) : (!neura.data<index, i1>) -> !neura.data<index, i1>
        %483 = "neura.icmp"(%482) <{cmpType = "eq"}> {rhs_value = 0 : index} : (!neura.data<index, i1>) -> !neura.data<i1, i1>
        %484 = "neura.data_mov"(%475) : (!neura.data<memref<?x256x16xi32>, i1>) -> !neura.data<memref<?x256x16xi32>, i1>
        %485 = "neura.data_mov"(%483) : (!neura.data<i1, i1>) -> !neura.data<i1, i1>
        %486 = "neura.grant_predicate"(%484, %485) : (!neura.data<memref<?x256x16xi32>, i1>, !neura.data<i1, i1>) -> !neura.data<memref<?x256x16xi32>, i1>
        %487 = "neura.data_mov"(%476) : (!neura.data<index, i1>) -> !neura.data<index, i1>
        %488 = "neura.data_mov"(%483) : (!neura.data<i1, i1>) -> !neura.data<i1, i1>
        %489 = "neura.grant_predicate"(%487, %488) : (!neura.data<index, i1>, !neura.data<i1, i1>) -> !neura.data<index, i1>
        %490 = "neura.data_mov"(%479) : (!neura.data<index, i1>) -> !neura.data<index, i1>
        %491 = "neura.data_mov"(%483) : (!neura.data<i1, i1>) -> !neura.data<i1, i1>
        %492 = "neura.grant_predicate"(%490, %491) : (!neura.data<index, i1>, !neura.data<i1, i1>) -> !neura.data<index, i1>
        %493 = "neura.data_mov"(%480) : (!neura.data<index, i1>) -> !neura.data<index, i1>
        %494 = "neura.data_mov"(%483) : (!neura.data<i1, i1>) -> !neura.data<i1, i1>
        %495 = "neura.grant_predicate"(%493, %494) : (!neura.data<index, i1>, !neura.data<i1, i1>) -> !neura.data<index, i1>
        %496 = "neura.data_mov"(%477) : (!neura.data<index, i1>) -> !neura.data<index, i1>
        %497 = "neura.data_mov"(%483) : (!neura.data<i1, i1>) -> !neura.data<i1, i1>
        %498 = "neura.grant_predicate"(%496, %497) : (!neura.data<index, i1>, !neura.data<i1, i1>) -> !neura.data<index, i1>
        %499 = "neura.data_mov"(%481) : (!neura.data<index, i1>) -> !neura.data<index, i1>
        %500 = "neura.data_mov"(%483) : (!neura.data<i1, i1>) -> !neura.data<i1, i1>
        %501 = "neura.grant_predicate"(%499, %500) : (!neura.data<index, i1>, !neura.data<i1, i1>) -> !neura.data<index, i1>
        %502 = "neura.data_mov"(%478) : (!neura.data<index, i1>) -> !neura.data<index, i1>
        %503 = "neura.data_mov"(%483) : (!neura.data<i1, i1>) -> !neura.data<i1, i1>
        %504 = "neura.grant_predicate"(%502, %503) : (!neura.data<index, i1>, !neura.data<i1, i1>) -> !neura.data<index, i1>
        %505 = "neura.data_mov"(%483) : (!neura.data<i1, i1>) -> !neura.data<i1, i1>
        %506 = "neura.not"(%505) : (!neura.data<i1, i1>) -> !neura.data<i1, i1>
        %507 = "neura.data_mov"(%477) : (!neura.data<index, i1>) -> !neura.data<index, i1>
        %508 = "neura.data_mov"(%506) : (!neura.data<i1, i1>) -> !neura.data<i1, i1>
        %509 = "neura.grant_predicate"(%507, %508) : (!neura.data<index, i1>, !neura.data<i1, i1>) -> !neura.data<index, i1>
        %510 = "neura.data_mov"(%479) : (!neura.data<index, i1>) -> !neura.data<index, i1>
        %511 = "neura.data_mov"(%506) : (!neura.data<i1, i1>) -> !neura.data<i1, i1>
        %512 = "neura.grant_predicate"(%510, %511) : (!neura.data<index, i1>, !neura.data<i1, i1>) -> !neura.data<index, i1>
        %513 = "neura.data_mov"(%481) : (!neura.data<index, i1>) -> !neura.data<index, i1>
        %514 = "neura.data_mov"(%506) : (!neura.data<i1, i1>) -> !neura.data<i1, i1>
        %515 = "neura.grant_predicate"(%513, %514) : (!neura.data<index, i1>, !neura.data<i1, i1>) -> !neura.data<index, i1>
        %516 = "neura.data_mov"(%478) : (!neura.data<index, i1>) -> !neura.data<index, i1>
        %517 = "neura.data_mov"(%506) : (!neura.data<i1, i1>) -> !neura.data<i1, i1>
        %518 = "neura.grant_predicate"(%516, %517) : (!neura.data<index, i1>, !neura.data<i1, i1>) -> !neura.data<index, i1>
        %519 = "neura.data_mov"(%480) : (!neura.data<index, i1>) -> !neura.data<index, i1>
        %520 = "neura.data_mov"(%506) : (!neura.data<i1, i1>) -> !neura.data<i1, i1>
        %521 = "neura.grant_predicate"(%519, %520) : (!neura.data<index, i1>, !neura.data<i1, i1>) -> !neura.data<index, i1>
        %522 = "neura.data_mov"(%476) : (!neura.data<index, i1>) -> !neura.data<index, i1>
        %523 = "neura.data_mov"(%506) : (!neura.data<i1, i1>) -> !neura.data<i1, i1>
        %524 = "neura.grant_predicate"(%522, %523) : (!neura.data<index, i1>, !neura.data<i1, i1>) -> !neura.data<index, i1>
        %525 = "neura.data_mov"(%486) : (!neura.data<memref<?x256x16xi32>, i1>) -> !neura.data<memref<?x256x16xi32>, i1>
        %526 = "neura.data_mov"(%489) : (!neura.data<index, i1>) -> !neura.data<index, i1>
        %527 = "neura.data_mov"(%492) : (!neura.data<index, i1>) -> !neura.data<index, i1>
        %528 = "neura.data_mov"(%495) : (!neura.data<index, i1>) -> !neura.data<index, i1>
        "neura.store_indexed"(%525, %526, %527, %528) <{operandSegmentSizes = array<i32: 0, 1, 3>}> {lhs_value = "%input0"} : (!neura.data<memref<?x256x16xi32>, i1>, !neura.data<index, i1>, !neura.data<index, i1>, !neura.data<index, i1>) -> ()
        %529 = "neura.data_mov"(%524) : (!neura.data<index, i1>) -> !neura.data<index, i1>
        %530 = "neura.data_mov"(%489) : (!neura.data<index, i1>) -> !neura.data<index, i1>
        %531 = "neura.phi"(%529, %530) : (!neura.data<index, i1>, !neura.data<index, i1>) -> !neura.data<index, i1>
        %532 = "neura.data_mov"(%521) : (!neura.data<index, i1>) -> !neura.data<index, i1>
        %533 = "neura.data_mov"(%495) : (!neura.data<index, i1>) -> !neura.data<index, i1>
        %534 = "neura.phi"(%532, %533) : (!neura.data<index, i1>, !neura.data<index, i1>) -> !neura.data<index, i1>
        %535 = "neura.data_mov"(%518) : (!neura.data<index, i1>) -> !neura.data<index, i1>
        %536 = "neura.data_mov"(%504) : (!neura.data<index, i1>) -> !neura.data<index, i1>
        %537 = "neura.phi"(%535, %536) : (!neura.data<index, i1>, !neura.data<index, i1>) -> !neura.data<index, i1>
        %538 = "neura.data_mov"(%515) : (!neura.data<index, i1>) -> !neura.data<index, i1>
        %539 = "neura.data_mov"(%501) : (!neura.data<index, i1>) -> !neura.data<index, i1>
        %540 = "neura.phi"(%538, %539) : (!neura.data<index, i1>, !neura.data<index, i1>) -> !neura.data<index, i1>
        %541 = "neura.data_mov"(%512) : (!neura.data<index, i1>) -> !neura.data<index, i1>
        %542 = "neura.data_mov"(%492) : (!neura.data<index, i1>) -> !neura.data<index, i1>
        %543 = "neura.phi"(%541, %542) : (!neura.data<index, i1>, !neura.data<index, i1>) -> !neura.data<index, i1>
        %544 = "neura.data_mov"(%509) : (!neura.data<index, i1>) -> !neura.data<index, i1>
        %545 = "neura.data_mov"(%498) : (!neura.data<index, i1>) -> !neura.data<index, i1>
        %546 = "neura.phi"(%544, %545) : (!neura.data<index, i1>, !neura.data<index, i1>) -> !neura.data<index, i1>
        %547 = "neura.data_mov"(%546) : (!neura.data<index, i1>) -> !neura.data<index, i1>
        %548 = "neura.data_mov"(%543) : (!neura.data<index, i1>) -> !neura.data<index, i1>
        %549 = "neura.data_mov"(%540) : (!neura.data<index, i1>) -> !neura.data<index, i1>
        %550 = "neura.load_indexed"(%547, %548, %549) <{operandSegmentSizes = array<i32: 0, 3>}> {lhs_value = "%input2"} : (!neura.data<index, i1>, !neura.data<index, i1>, !neura.data<index, i1>) -> !neura.data<i32, i1>
        %551 = "neura.data_mov"(%537) : (!neura.data<index, i1>) -> !neura.data<index, i1>
        %552 = "neura.data_mov"(%540) : (!neura.data<index, i1>) -> !neura.data<index, i1>
        %553 = "neura.data_mov"(%534) : (!neura.data<index, i1>) -> !neura.data<index, i1>
        %554 = "neura.load_indexed"(%551, %552, %553) <{operandSegmentSizes = array<i32: 0, 3>}> {lhs_value = "%input3"} : (!neura.data<index, i1>, !neura.data<index, i1>, !neura.data<index, i1>) -> !neura.data<i32, i1>
        %555 = "neura.data_mov"(%550) : (!neura.data<i32, i1>) -> !neura.data<i32, i1>
        %556 = "neura.data_mov"(%554) : (!neura.data<i32, i1>) -> !neura.data<i32, i1>
        %557 = "neura.mul"(%555, %556) : (!neura.data<i32, i1>, !neura.data<i32, i1>) -> !neura.data<i32, i1>
        %558 = "neura.data_mov"(%531) : (!neura.data<index, i1>) -> !neura.data<index, i1>
        %559 = "neura.data_mov"(%543) : (!neura.data<index, i1>) -> !neura.data<index, i1>
        %560 = "neura.data_mov"(%534) : (!neura.data<index, i1>) -> !neura.data<index, i1>
        %561 = "neura.load_indexed"(%558, %559, %560) <{operandSegmentSizes = array<i32: 0, 3>}> {lhs_value = "%input1"} : (!neura.data<index, i1>, !neura.data<index, i1>, !neura.data<index, i1>) -> !neura.data<i32, i1>
        %562 = "neura.data_mov"(%561) : (!neura.data<i32, i1>) -> !neura.data<i32, i1>
        %563 = "neura.data_mov"(%557) : (!neura.data<i32, i1>) -> !neura.data<i32, i1>
        %564 = "neura.add"(%562, %563) : (!neura.data<i32, i1>, !neura.data<i32, i1>) -> !neura.data<i32, i1>
        %565 = "neura.data_mov"(%564) : (!neura.data<i32, i1>) -> !neura.data<i32, i1>
        %566 = "neura.data_mov"(%531) : (!neura.data<index, i1>) -> !neura.data<index, i1>
        %567 = "neura.data_mov"(%543) : (!neura.data<index, i1>) -> !neura.data<index, i1>
        %568 = "neura.data_mov"(%534) : (!neura.data<index, i1>) -> !neura.data<index, i1>
        "neura.store_indexed"(%565, %566, %567, %568) <{operandSegmentSizes = array<i32: 1, 0, 3>}> {rhs_value = "%input1"} : (!neura.data<i32, i1>, !neura.data<index, i1>, !neura.data<index, i1>, !neura.data<index, i1>) -> ()
        "neura.yield"() <{operandSegmentSizes = array<i32: 0, 0>}> {yield_type = "void"} : () -> ()
      }) {dataflow_mode = "predicate"} : (i32, memref<?x256x16xi32>, memref<?x256x256xi32>, memref<?x256x16xi32>, index) -> ()
      "taskflow.yield"(%arg81, %arg83) <{operandSegmentSizes = array<i32: 1, 1, 0>}> : (memref<?x256x16xi32>, memref<?x256x16xi32>) -> ()
    }) {amoeba.source_iteration_control_binding = "amoeba-source-iteration-domain-v1\0Adomain_witness_bytes=231:amoeba-source-iteration-domain-v1\0Acomplete=1\0Arepresented_multiplicity=400\0Ainternal_multiplicity=1\0Asource_multiplicity=400\0Aaxis_count=3\0Aaxis=T,0,0,5,1,5,0,-1,0,0\0Aaxis=T,1,0,16,1,16,0,-1,0,0\0Aaxis=T,2,0,5,1,5,0,-1,0,0\0Areason_bytes=0:\0A\0A\22func.func\22() <{function_type = (memref<?x256x256xi32>, memref<?x256x16xi32>, memref<?x256x16xi32>, memref<?x256x16xi32>, index, i32, memref<?x256x256xi32>, memref<?x256x16xi32>, memref<?x256x16xi32>) -> (), sym_name = \22__source_domain_binding__\22}> ({\0A^bb0(%arg0: memref<?x256x256xi32>, %arg1: memref<?x256x16xi32>, %arg2: memref<?x256x16xi32>, %arg3: memref<?x256x16xi32>, %arg4: index, %arg5: i32, %arg6: memref<?x256x256xi32>, %arg7: memref<?x256x16xi32>, %arg8: memref<?x256x16xi32>):\0A  %0:2 = \22taskflow.task\22(%arg0, %arg1, %arg2, %arg3, %arg4, %arg5, %arg6, %arg7, %arg8, %arg8) <{operandSegmentSizes = array<i32: 3, 1, 2, 3, 1>, resultSegmentSizes = array<i32: 1, 1, 0>, task_name = \22Task_21\22}> ({\0A  ^bb0(%arg9: memref<?x256x256xi32>, %arg10: memref<?x256x16xi32>, %arg11: memref<?x256x16xi32>, %arg12: memref<?x256x16xi32>, %arg13: index, %arg14: i32):\0A    %1 = \22arith.constant\22() <{value = 16 : index}> : () -> index\0A    %2 = \22arith.constant\22() <{value = 0 : index}> : () -> index\0A    %3 = \22arith.constant\22() <{value = 1 : index}> : () -> index\0A    %4 = \22taskflow.counter\22(%2, %arg13, %3) <{counter_dynamism = \22symbol_bound\22, counter_hierarchy = \22root\22, counter_id = 0 : i32}> : (index, index, index) -> index\0A    %5 = \22taskflow.counter\22(%4, %2, %1, %3) <{counter_dynamism = \22constant_bound\22, counter_hierarchy = \22relay\22, counter_id = 1 : i32}> : (index, index, index, index) -> index\0A    %6 = \22taskflow.counter\22(%5, %2, %arg13, %3) <{counter_dynamism = \22symbol_bound\22, counter_hierarchy = \22leaf\22, counter_id = 2 : i32}> : (index, index, index, index) -> index\0A    \22neura.kernel\22(%arg14, %arg12, %arg9, %arg10, %arg13) <{accelerator = \22neura\22, operandSegmentSizes = array<i32: 5, 0>}> ({\0A    ^bb0(%arg15: !neura.data<i32, i1>, %arg16: !neura.data<memref<?x256x16xi32>, i1>, %arg17: !neura.data<memref<?x256x256xi32>, i1>, %arg18: !neura.data<memref<?x256x16xi32>, i1>, %arg19: !neura.data<index, i1>):\0A      %7 = \22neura.constant\22() <{value = \22%input1\22}> : () -> !neura.data<memref<?x256x16xi32>, i1>\0A      %8 = \22neura.constant\22() <{value = 8 : index}> : () -> !neura.data<index, i1>\0A      %9 = \22neura.constant\22() <{value = 0 : index}> : () -> !neura.data<index, i1>\0A      %10 = \22neura.constant\22() <{value = 1 : index}> : () -> !neura.data<index, i1>\0A      %11 = \22neura.counter\22() <{counter_dynamism = \22symbol_bound\22, counter_hierarchy = \22root\22, counter_id = 0 : i32, operandSegmentSizes = array<i32: 0, 0, 0>}> {lower_bound_value = 0 : index, step_value = 1 : index, upper_bound_value = \22%input4\22} : () -> !neura.data<index, i1>\0A      %12 = \22neura.counter\22() <{counter_dynamism = \22constant_bound\22, counter_hierarchy = \22relay\22, counter_id = 1 : i32, operandSegmentSizes = array<i32: 0, 0, 0>}> {lower_bound_value = 0 : index, step_value = 1 : index, upper_bound_value = 16 : index} : () -> !neura.data<index, i1>\0A      %13 = \22neura.counter\22() <{counter_dynamism = \22symbol_bound\22, counter_hierarchy = \22leaf\22, counter_id = 2 : i32, operandSegmentSizes = array<i32: 0, 0, 0>}> {lower_bound_value = 0 : index, step_value = 1 : index, upper_bound_value = \22%input4\22} : () -> !neura.data<index, i1>\0A      %14 = \22neura.data_mov\22(%13) : (!neura.data<index, i1>) -> !neura.data<index, i1>\0A      %15 = \22neura.icmp\22(%14) <{cmpType = \22eq\22}> {rhs_value = 0 : index} : (!neura.data<index, i1>) -> !neura.data<i1, i1>\0A      %16 = \22neura.data_mov\22(%7) : (!neura.data<memref<?x256x16xi32>, i1>) -> !neura.data<memref<?x256x16xi32>, i1>\0A      %17 = \22neura.data_mov\22(%15) : (!neura.data<i1, i1>) -> !neura.data<i1, i1>\0A      %18 = \22neura.grant_predicate\22(%16, %17) : (!neura.data<memref<?x256x16xi32>, i1>, !neura.data<i1, i1>) -> !neura.data<memref<?x256x16xi32>, i1>\0A      %19 = \22neura.data_mov\22(%8) : (!neura.data<index, i1>) -> !neura.data<index, i1>\0A      %20 = \22neura.data_mov\22(%15) : (!neura.data<i1, i1>) -> !neura.data<i1, i1>\0A      %21 = \22neura.grant_predicate\22(%19, %20) : (!neura.data<index, i1>, !neura.data<i1, i1>) -> !neura.data<index, i1>\0A      %22 = \22neura.data_mov\22(%11) : (!neura.data<index, i1>) -> !neura.data<index, i1>\0A      %23 = \22neura.data_mov\22(%15) : (!neura.data<i1, i1>) -> !neura.data<i1, i1>\0A      %24 = \22neura.grant_predicate\22(%22, %23) : (!neura.data<index, i1>, !neura.data<i1, i1>) -> !neura.data<index, i1>\0A      %25 = \22neura.data_mov\22(%12) : (!neura.data<index, i1>) -> !neura.data<index, i1>\0A      %26 = \22neura.data_mov\22(%15) : (!neura.data<i1, i1>) -> !neura.data<i1, i1>\0A      %27 = \22neura.grant_predicate\22(%25, %26) : (!neura.data<index, i1>, !neura.data<i1, i1>) -> !neura.data<index, i1>\0A      %28 = \22neura.data_mov\22(%9) : (!neura.data<index, i1>) -> !neura.data<index, i1>\0A      %29 = \22neura.data_mov\22(%15) : (!neura.data<i1, i1>) -> !neura.data<i1, i1>\0A      %30 = \22neura.grant_predicate\22(%28, %29) : (!neura.data<index, i1>, !neura.data<i1, i1>) -> !neura.data<index, i1>\0A      %31 = \22neura.data_mov\22(%13) : (!neura.data<index, i1>) -> !neura.data<index, i1>\0A      %32 = \22neura.data_mov\22(%15) : (!neura.data<i1, i1>) -> !neura.data<i1, i1>\0A      %33 = \22neura.grant_predicate\22(%31, %32) : (!neura.data<index, i1>, !neura.data<i1, i1>) -> !neura.data<index, i1>\0A      %34 = \22neura.data_mov\22(%10) : (!neura.data<index, i1>) -> !neura.data<index, i1>\0A      %35 = \22neura.data_mov\22(%15) : (!neura.data<i1, i1>) -> !neura.data<i1, i1>\0A      %36 = \22neura.grant_predicate\22(%34, %35) : (!neura.data<index, i1>, !neura.data<i1, i1>) -> !neura.data<index, i1>\0A      %37 = \22neura.data_mov\22(%15) : (!neura.data<i1, i1>) -> !neura.data<i1, i1>\0A      %38 = \22neura.not\22(%37) : (!neura.data<i1, i1>) -> !neura.data<i1, i1>\0A      %39 = \22neura.data_mov\22(%9) : (!neura.data<index, i1>) -> !neura.data<index, i1>\0A      %40 = \22neura.data_mov\22(%38) : (!neura.data<i1, i1>) -> !neura.data<i1, i1>\0A      %41 = \22neura.grant_predicate\22(%39, %40) : (!neura.data<index, i1>, !neura.data<i1, i1>) -> !neura.data<index, i1>\0A      %42 = \22neura.data_mov\22(%11) : (!neura.data<index, i1>) -> !neura.data<index, i1>\0A      %43 = \22neura.data_mov\22(%38) : (!neura.data<i1, i1>) -> !neura.data<i1, i1>\0A      %44 = \22neura.grant_predicate\22(%42, %43) : (!neura.data<index, i1>, !neura.data<i1, i1>) -> !neura.data<index, i1>\0A      %45 = \22neura.data_mov\22(%13) : (!neura.data<index, i1>) -> !neura.data<index, i1>\0A      %46 = \22neura.data_mov\22(%38) : (!neura.data<i1, i1>) -> !neura.data<i1, i1>\0A      %47 = \22neura.grant_predicate\22(%45, %46) : (!neura.data<index, i1>, !neura.data<i1, i1>) -> !neura.data<index, i1>\0A      %48 = \22neura.data_mov\22(%10) : (!neura.data<index, i1>) -> !neura.data<index, i1>\0A      %49 = \22neura.data_mov\22(%38) : (!neura.data<i1, i1>) -> !neura.data<i1, i1>\0A      %50 = \22neura.grant_predicate\22(%48, %49) : (!neura.data<index, i1>, !neura.data<i1, i1>) -> !neura.data<index, i1>\0A      %51 = \22neura.data_mov\22(%12) : (!neura.data<index, i1>) -> !neura.data<index, i1>\0A      %52 = \22neura.data_mov\22(%38) : (!neura.data<i1, i1>) -> !neura.data<i1, i1>\0A      %53 = \22neura.grant_predicate\22(%51, %52) : (!neura.data<index, i1>, !neura.data<i1, i1>) -> !neura.data<index, i1>\0A      %54 = \22neura.data_mov\22(%8) : (!neura.data<index, i1>) -> !neura.data<index, i1>\0A      %55 = \22neura.data_mov\22(%38) : (!neura.data<i1, i1>) -> !neura.data<i1, i1>\0A      %56 = \22neura.grant_predicate\22(%54, %55) : (!neura.data<index, i1>, !neura.data<i1, i1>) -> !neura.data<index, i1>\0A      %57 = \22neura.data_mov\22(%18) : (!neura.data<memref<?x256x16xi32>, i1>) -> !neura.data<memref<?x256x16xi32>, i1>\0A      %58 = \22neura.data_mov\22(%21) : (!neura.data<index, i1>) -> !neura.data<index, i1>\0A      %59 = \22neura.data_mov\22(%24) : (!neura.data<index, i1>) -> !neura.data<index, i1>\0A      %60 = \22neura.data_mov\22(%27) : (!neura.data<index, i1>) -> !neura.data<index, i1>\0A      \22neura.store_indexed\22(%57, %58, %59, %60) <{operandSegmentSizes = array<i32: 0, 1, 3>}> {lhs_value = \22%input0\22} : (!neura.data<memref<?x256x16xi32>, i1>, !neura.data<index, i1>, !neura.data<index, i1>, !neura.data<index, i1>) -> ()\0A      %61 = \22neura.data_mov\22(%56) : (!neura.data<index, i1>) -> !neura.data<index, i1>\0A      %62 = \22neura.data_mov\22(%21) : (!neura.data<index, i1>) -> !neura.data<index, i1>\0A      %63 = \22neura.phi\22(%61, %62) : (!neura.data<index, i1>, !neura.data<index, i1>) -> !neura.data<index, i1>\0A      %64 = \22neura.data_mov\22(%53) : (!neura.data<index, i1>) -> !neura.data<index, i1>\0A      %65 = \22neura.data_mov\22(%27) : (!neura.data<index, i1>) -> !neura.data<index, i1>\0A      %66 = \22neura.phi\22(%64, %65) : (!neura.data<index, i1>, !neura.data<index, i1>) -> !neura.data<index, i1>\0A      %67 = \22neura.data_mov\22(%50) : (!neura.data<index, i1>) -> !neura.data<index, i1>\0A      %68 = \22neura.data_mov\22(%36) : (!neura.data<index, i1>) -> !neura.data<index, i1>\0A      %69 = \22neura.phi\22(%67, %68) : (!neura.data<index, i1>, !neura.data<index, i1>) -> !neura.data<index, i1>\0A      %70 = \22neura.data_mov\22(%47) : (!neura.data<index, i1>) -> !neura.data<index, i1>\0A      %71 = \22neura.data_mov\22(%33) : (!neura.data<index, i1>) -> !neura.data<index, i1>\0A      %72 = \22neura.phi\22(%70, %71) : (!neura.data<index, i1>, !neura.data<index, i1>) -> !neura.data<index, i1>\0A      %73 = \22neura.data_mov\22(%44) : (!neura.data<index, i1>) -> !neura.data<index, i1>\0A      %74 = \22neura.data_mov\22(%24) : (!neura.data<index, i1>) -> !neura.data<index, i1>\0A      %75 = \22neura.phi\22(%73, %74) : (!neura.data<index, i1>, !neura.data<index, i1>) -> !neura.data<index, i1>\0A      %76 = \22neura.data_mov\22(%41) : (!neura.data<index, i1>) -> !neura.data<index, i1>\0A      %77 = \22neura.data_mov\22(%30) : (!neura.data<index, i1>) -> !neura.data<index, i1>\0A      %78 = \22neura.phi\22(%76, %77) : (!neura.data<index, i1>, !neura.data<index, i1>) -> !neura.data<index, i1>\0A      %79 = \22neura.data_mov\22(%78) : (!neura.data<index, i1>) -> !neura.data<index, i1>\0A      %80 = \22neura.data_mov\22(%75) : (!neura.data<index, i1>) -> !neura.data<index, i1>\0A      %81 = \22neura.data_mov\22(%72) : (!neura.data<index, i1>) -> !neura.data<index, i1>\0A      %82 = \22neura.load_indexed\22(%79, %80, %81) <{operandSegmentSizes = array<i32: 0, 3>}> {lhs_value = \22%input2\22} : (!neura.data<index, i1>, !neura.data<index, i1>, !neura.data<index, i1>) -> !neura.data<i32, i1>\0A      %83 = \22neura.data_mov\22(%69) : (!neura.data<index, i1>) -> !neura.data<index, i1>\0A      %84 = \22neura.data_mov\22(%72) : (!neura.data<index, i1>) -> !neura.data<index, i1>\0A      %85 = \22neura.data_mov\22(%66) : (!neura.data<index, i1>) -> !neura.data<index, i1>\0A      %86 = \22neura.load_indexed\22(%83, %84, %85) <{operandSegmentSizes = array<i32: 0, 3>}> {lhs_value = \22%input3\22} : (!neura.data<index, i1>, !neura.data<index, i1>, !neura.data<index, i1>) -> !neura.data<i32, i1>\0A      %87 = \22neura.data_mov\22(%82) : (!neura.data<i32, i1>) -> !neura.data<i32, i1>\0A      %88 = \22neura.data_mov\22(%86) : (!neura.data<i32, i1>) -> !neura.data<i32, i1>\0A      %89 = \22neura.mul\22(%87, %88) : (!neura.data<i32, i1>, !neura.data<i32, i1>) -> !neura.data<i32, i1>\0A      %90 = \22neura.data_mov\22(%63) : (!neura.data<index, i1>) -> !neura.data<index, i1>\0A      %91 = \22neura.data_mov\22(%75) : (!neura.data<index, i1>) -> !neura.data<index, i1>\0A      %92 = \22neura.data_mov\22(%66) : (!neura.data<index, i1>) -> !neura.data<index, i1>\0A      %93 = \22neura.load_indexed\22(%90, %91, %92) <{operandSegmentSizes = array<i32: 0, 3>}> {lhs_value = \22%input1\22} : (!neura.data<index, i1>, !neura.data<index, i1>, !neura.data<index, i1>) -> !neura.data<i32, i1>\0A      %94 = \22neura.data_mov\22(%93) : (!neura.data<i32, i1>) -> !neura.data<i32, i1>\0A      %95 = \22neura.data_mov\22(%89) : (!neura.data<i32, i1>) -> !neura.data<i32, i1>\0A      %96 = \22neura.add\22(%94, %95) : (!neura.data<i32, i1>, !neura.data<i32, i1>) -> !neura.data<i32, i1>\0A      %97 = \22neura.data_mov\22(%96) : (!neura.data<i32, i1>) -> !neura.data<i32, i1>\0A      %98 = \22neura.data_mov\22(%63) : (!neura.data<index, i1>) -> !neura.data<index, i1>\0A      %99 = \22neura.data_mov\22(%75) : (!neura.data<index, i1>) -> !neura.data<index, i1>\0A      %100 = \22neura.data_mov\22(%66) : (!neura.data<index, i1>) -> !neura.data<index, i1>\0A      \22neura.store_indexed\22(%97, %98, %99, %100) <{operandSegmentSizes = array<i32: 1, 0, 3>}> {rhs_value = \22%input1\22} : (!neura.data<i32, i1>, !neura.data<index, i1>, !neura.data<index, i1>, !neura.data<index, i1>) -> ()\0A      \22neura.yield\22() <{operandSegmentSizes = array<i32: 0, 0>}> {yield_type = \22void\22} : () -> ()\0A    }) {dataflow_mode = \22predicate\22} : (i32, memref<?x256x16xi32>, memref<?x256x256xi32>, memref<?x256x16xi32>, index) -> ()\0A    \22taskflow.yield\22(%arg10, %arg12) <{operandSegmentSizes = array<i32: 1, 1, 0>}> : (memref<?x256x16xi32>, memref<?x256x16xi32>) -> ()\0A  }) {dlp_replicable = true, runtime_managable = true} : (memref<?x256x256xi32>, memref<?x256x16xi32>, memref<?x256x16xi32>, memref<?x256x16xi32>, index, i32, memref<?x256x256xi32>, memref<?x256x16xi32>, memref<?x256x16xi32>, memref<?x256x16xi32>) -> (memref<?x256x16xi32>, memref<?x256x16xi32>)\0A  \22func.return\22() : () -> ()\0A}) : () -> ()", amoeba.source_iteration_domain = {axes = [{carried_values = 0 : i64, expanded_inside_mapper_firing = false, extent = 5 : i64, kind = "taskflow-counter", lower = 0 : i64, ordinal = 0 : i64, parent_counter_ordinal = -1 : i64, result_uses = 0 : i64, step = 1 : i64, upper = 5 : i64}, {carried_values = 0 : i64, expanded_inside_mapper_firing = false, extent = 16 : i64, kind = "taskflow-counter", lower = 0 : i64, ordinal = 1 : i64, parent_counter_ordinal = -1 : i64, result_uses = 0 : i64, step = 1 : i64, upper = 16 : i64}, {carried_values = 0 : i64, expanded_inside_mapper_firing = false, extent = 5 : i64, kind = "taskflow-counter", lower = 0 : i64, ordinal = 2 : i64, parent_counter_ordinal = -1 : i64, result_uses = 0 : i64, step = 1 : i64, upper = 5 : i64}], canonical_witness = "amoeba-source-iteration-domain-v1\0Acomplete=1\0Arepresented_multiplicity=400\0Ainternal_multiplicity=1\0Asource_multiplicity=400\0Aaxis_count=3\0Aaxis=T,0,0,5,1,5,0,-1,0,0\0Aaxis=T,1,0,16,1,16,0,-1,0,0\0Aaxis=T,2,0,5,1,5,0,-1,0,0\0Areason_bytes=0:\0A", complete = true, internal_multiplicity = 1 : i64, represented_multiplicity = 400 : i64, schema = "amoeba-source-iteration-domain-v1", source_multiplicity = 400 : i64}, amoeba.source_iteration_source_control_binding = "amoeba-source-iteration-domain-v1\0Adomain_witness_bytes=231:amoeba-source-iteration-domain-v1\0Acomplete=1\0Arepresented_multiplicity=400\0Ainternal_multiplicity=1\0Asource_multiplicity=400\0Aaxis_count=3\0Aaxis=T,0,0,5,1,5,0,-1,0,0\0Aaxis=T,1,0,16,1,16,0,-1,0,0\0Aaxis=T,2,0,5,1,5,0,-1,0,0\0Areason_bytes=0:\0A\0A\22func.func\22() <{function_type = (memref<?x256x256xi32>, memref<?x256x16xi32>, memref<?x256x16xi32>, memref<?x256x16xi32>, index, i32, memref<?x256x256xi32>, memref<?x256x16xi32>, memref<?x256x16xi32>) -> (), sym_name = \22__source_domain_binding__\22}> ({\0A^bb0(%arg0: memref<?x256x256xi32>, %arg1: memref<?x256x16xi32>, %arg2: memref<?x256x16xi32>, %arg3: memref<?x256x16xi32>, %arg4: index, %arg5: i32, %arg6: memref<?x256x256xi32>, %arg7: memref<?x256x16xi32>, %arg8: memref<?x256x16xi32>):\0A  %0:2 = \22taskflow.task\22(%arg0, %arg1, %arg2, %arg3, %arg4, %arg5, %arg6, %arg7, %arg8, %arg8) <{operandSegmentSizes = array<i32: 3, 1, 2, 3, 1>, resultSegmentSizes = array<i32: 1, 1, 0>, task_name = \22Task_21\22}> ({\0A  ^bb0(%arg9: memref<?x256x256xi32>, %arg10: memref<?x256x16xi32>, %arg11: memref<?x256x16xi32>, %arg12: memref<?x256x16xi32>, %arg13: index, %arg14: i32):\0A    %1 = \22arith.constant\22() <{value = 16 : index}> : () -> index\0A    %2 = \22arith.constant\22() <{value = 0 : index}> : () -> index\0A    %3 = \22arith.constant\22() <{value = 1 : index}> : () -> index\0A    %4 = \22taskflow.counter\22(%2, %arg13, %3) <{counter_dynamism = \22symbol_bound\22, counter_hierarchy = \22root\22, counter_id = 0 : i32}> : (index, index, index) -> index\0A    %5 = \22taskflow.counter\22(%4, %2, %1, %3) <{counter_dynamism = \22constant_bound\22, counter_hierarchy = \22relay\22, counter_id = 1 : i32}> : (index, index, index, index) -> index\0A    %6 = \22taskflow.counter\22(%5, %2, %arg13, %3) <{counter_dynamism = \22symbol_bound\22, counter_hierarchy = \22leaf\22, counter_id = 2 : i32}> : (index, index, index, index) -> index\0A    \22neura.kernel\22(%arg14, %arg12, %arg9, %arg10, %arg13) <{accelerator = \22neura\22, operandSegmentSizes = array<i32: 5, 0>}> ({\0A    ^bb0(%arg15: !neura.data<i32, i1>, %arg16: !neura.data<memref<?x256x16xi32>, i1>, %arg17: !neura.data<memref<?x256x256xi32>, i1>, %arg18: !neura.data<memref<?x256x16xi32>, i1>, %arg19: !neura.data<index, i1>):\0A      %7 = \22neura.constant\22() <{value = \22%input1\22}> : () -> !neura.data<memref<?x256x16xi32>, i1>\0A      %8 = \22neura.constant\22() <{value = 8 : index}> : () -> !neura.data<index, i1>\0A      %9 = \22neura.constant\22() <{value = 0 : index}> : () -> !neura.data<index, i1>\0A      %10 = \22neura.constant\22() <{value = 1 : index}> : () -> !neura.data<index, i1>\0A      %11 = \22neura.counter\22() <{counter_dynamism = \22symbol_bound\22, counter_hierarchy = \22root\22, counter_id = 0 : i32, operandSegmentSizes = array<i32: 0, 0, 0>}> {lower_bound_value = 0 : index, step_value = 1 : index, upper_bound_value = \22%input4\22} : () -> !neura.data<index, i1>\0A      %12 = \22neura.counter\22() <{counter_dynamism = \22constant_bound\22, counter_hierarchy = \22relay\22, counter_id = 1 : i32, operandSegmentSizes = array<i32: 0, 0, 0>}> {lower_bound_value = 0 : index, step_value = 1 : index, upper_bound_value = 16 : index} : () -> !neura.data<index, i1>\0A      %13 = \22neura.counter\22() <{counter_dynamism = \22symbol_bound\22, counter_hierarchy = \22leaf\22, counter_id = 2 : i32, operandSegmentSizes = array<i32: 0, 0, 0>}> {lower_bound_value = 0 : index, step_value = 1 : index, upper_bound_value = \22%input4\22} : () -> !neura.data<index, i1>\0A      %14 = \22neura.data_mov\22(%13) : (!neura.data<index, i1>) -> !neura.data<index, i1>\0A      %15 = \22neura.icmp\22(%14) <{cmpType = \22eq\22}> {rhs_value = 0 : index} : (!neura.data<index, i1>) -> !neura.data<i1, i1>\0A      %16 = \22neura.data_mov\22(%7) : (!neura.data<memref<?x256x16xi32>, i1>) -> !neura.data<memref<?x256x16xi32>, i1>\0A      %17 = \22neura.data_mov\22(%15) : (!neura.data<i1, i1>) -> !neura.data<i1, i1>\0A      %18 = \22neura.grant_predicate\22(%16, %17) : (!neura.data<memref<?x256x16xi32>, i1>, !neura.data<i1, i1>) -> !neura.data<memref<?x256x16xi32>, i1>\0A      %19 = \22neura.data_mov\22(%8) : (!neura.data<index, i1>) -> !neura.data<index, i1>\0A      %20 = \22neura.data_mov\22(%15) : (!neura.data<i1, i1>) -> !neura.data<i1, i1>\0A      %21 = \22neura.grant_predicate\22(%19, %20) : (!neura.data<index, i1>, !neura.data<i1, i1>) -> !neura.data<index, i1>\0A      %22 = \22neura.data_mov\22(%11) : (!neura.data<index, i1>) -> !neura.data<index, i1>\0A      %23 = \22neura.data_mov\22(%15) : (!neura.data<i1, i1>) -> !neura.data<i1, i1>\0A      %24 = \22neura.grant_predicate\22(%22, %23) : (!neura.data<index, i1>, !neura.data<i1, i1>) -> !neura.data<index, i1>\0A      %25 = \22neura.data_mov\22(%12) : (!neura.data<index, i1>) -> !neura.data<index, i1>\0A      %26 = \22neura.data_mov\22(%15) : (!neura.data<i1, i1>) -> !neura.data<i1, i1>\0A      %27 = \22neura.grant_predicate\22(%25, %26) : (!neura.data<index, i1>, !neura.data<i1, i1>) -> !neura.data<index, i1>\0A      %28 = \22neura.data_mov\22(%9) : (!neura.data<index, i1>) -> !neura.data<index, i1>\0A      %29 = \22neura.data_mov\22(%15) : (!neura.data<i1, i1>) -> !neura.data<i1, i1>\0A      %30 = \22neura.grant_predicate\22(%28, %29) : (!neura.data<index, i1>, !neura.data<i1, i1>) -> !neura.data<index, i1>\0A      %31 = \22neura.data_mov\22(%13) : (!neura.data<index, i1>) -> !neura.data<index, i1>\0A      %32 = \22neura.data_mov\22(%15) : (!neura.data<i1, i1>) -> !neura.data<i1, i1>\0A      %33 = \22neura.grant_predicate\22(%31, %32) : (!neura.data<index, i1>, !neura.data<i1, i1>) -> !neura.data<index, i1>\0A      %34 = \22neura.data_mov\22(%10) : (!neura.data<index, i1>) -> !neura.data<index, i1>\0A      %35 = \22neura.data_mov\22(%15) : (!neura.data<i1, i1>) -> !neura.data<i1, i1>\0A      %36 = \22neura.grant_predicate\22(%34, %35) : (!neura.data<index, i1>, !neura.data<i1, i1>) -> !neura.data<index, i1>\0A      %37 = \22neura.data_mov\22(%15) : (!neura.data<i1, i1>) -> !neura.data<i1, i1>\0A      %38 = \22neura.not\22(%37) : (!neura.data<i1, i1>) -> !neura.data<i1, i1>\0A      %39 = \22neura.data_mov\22(%9) : (!neura.data<index, i1>) -> !neura.data<index, i1>\0A      %40 = \22neura.data_mov\22(%38) : (!neura.data<i1, i1>) -> !neura.data<i1, i1>\0A      %41 = \22neura.grant_predicate\22(%39, %40) : (!neura.data<index, i1>, !neura.data<i1, i1>) -> !neura.data<index, i1>\0A      %42 = \22neura.data_mov\22(%11) : (!neura.data<index, i1>) -> !neura.data<index, i1>\0A      %43 = \22neura.data_mov\22(%38) : (!neura.data<i1, i1>) -> !neura.data<i1, i1>\0A      %44 = \22neura.grant_predicate\22(%42, %43) : (!neura.data<index, i1>, !neura.data<i1, i1>) -> !neura.data<index, i1>\0A      %45 = \22neura.data_mov\22(%13) : (!neura.data<index, i1>) -> !neura.data<index, i1>\0A      %46 = \22neura.data_mov\22(%38) : (!neura.data<i1, i1>) -> !neura.data<i1, i1>\0A      %47 = \22neura.grant_predicate\22(%45, %46) : (!neura.data<index, i1>, !neura.data<i1, i1>) -> !neura.data<index, i1>\0A      %48 = \22neura.data_mov\22(%10) : (!neura.data<index, i1>) -> !neura.data<index, i1>\0A      %49 = \22neura.data_mov\22(%38) : (!neura.data<i1, i1>) -> !neura.data<i1, i1>\0A      %50 = \22neura.grant_predicate\22(%48, %49) : (!neura.data<index, i1>, !neura.data<i1, i1>) -> !neura.data<index, i1>\0A      %51 = \22neura.data_mov\22(%12) : (!neura.data<index, i1>) -> !neura.data<index, i1>\0A      %52 = \22neura.data_mov\22(%38) : (!neura.data<i1, i1>) -> !neura.data<i1, i1>\0A      %53 = \22neura.grant_predicate\22(%51, %52) : (!neura.data<index, i1>, !neura.data<i1, i1>) -> !neura.data<index, i1>\0A      %54 = \22neura.data_mov\22(%8) : (!neura.data<index, i1>) -> !neura.data<index, i1>\0A      %55 = \22neura.data_mov\22(%38) : (!neura.data<i1, i1>) -> !neura.data<i1, i1>\0A      %56 = \22neura.grant_predicate\22(%54, %55) : (!neura.data<index, i1>, !neura.data<i1, i1>) -> !neura.data<index, i1>\0A      %57 = \22neura.data_mov\22(%18) : (!neura.data<memref<?x256x16xi32>, i1>) -> !neura.data<memref<?x256x16xi32>, i1>\0A      %58 = \22neura.data_mov\22(%21) : (!neura.data<index, i1>) -> !neura.data<index, i1>\0A      %59 = \22neura.data_mov\22(%24) : (!neura.data<index, i1>) -> !neura.data<index, i1>\0A      %60 = \22neura.data_mov\22(%27) : (!neura.data<index, i1>) -> !neura.data<index, i1>\0A      \22neura.store_indexed\22(%57, %58, %59, %60) <{operandSegmentSizes = array<i32: 0, 1, 3>}> {lhs_value = \22%input0\22} : (!neura.data<memref<?x256x16xi32>, i1>, !neura.data<index, i1>, !neura.data<index, i1>, !neura.data<index, i1>) -> ()\0A      %61 = \22neura.data_mov\22(%56) : (!neura.data<index, i1>) -> !neura.data<index, i1>\0A      %62 = \22neura.data_mov\22(%21) : (!neura.data<index, i1>) -> !neura.data<index, i1>\0A      %63 = \22neura.phi\22(%61, %62) : (!neura.data<index, i1>, !neura.data<index, i1>) -> !neura.data<index, i1>\0A      %64 = \22neura.data_mov\22(%53) : (!neura.data<index, i1>) -> !neura.data<index, i1>\0A      %65 = \22neura.data_mov\22(%27) : (!neura.data<index, i1>) -> !neura.data<index, i1>\0A      %66 = \22neura.phi\22(%64, %65) : (!neura.data<index, i1>, !neura.data<index, i1>) -> !neura.data<index, i1>\0A      %67 = \22neura.data_mov\22(%50) : (!neura.data<index, i1>) -> !neura.data<index, i1>\0A      %68 = \22neura.data_mov\22(%36) : (!neura.data<index, i1>) -> !neura.data<index, i1>\0A      %69 = \22neura.phi\22(%67, %68) : (!neura.data<index, i1>, !neura.data<index, i1>) -> !neura.data<index, i1>\0A      %70 = \22neura.data_mov\22(%47) : (!neura.data<index, i1>) -> !neura.data<index, i1>\0A      %71 = \22neura.data_mov\22(%33) : (!neura.data<index, i1>) -> !neura.data<index, i1>\0A      %72 = \22neura.phi\22(%70, %71) : (!neura.data<index, i1>, !neura.data<index, i1>) -> !neura.data<index, i1>\0A      %73 = \22neura.data_mov\22(%44) : (!neura.data<index, i1>) -> !neura.data<index, i1>\0A      %74 = \22neura.data_mov\22(%24) : (!neura.data<index, i1>) -> !neura.data<index, i1>\0A      %75 = \22neura.phi\22(%73, %74) : (!neura.data<index, i1>, !neura.data<index, i1>) -> !neura.data<index, i1>\0A      %76 = \22neura.data_mov\22(%41) : (!neura.data<index, i1>) -> !neura.data<index, i1>\0A      %77 = \22neura.data_mov\22(%30) : (!neura.data<index, i1>) -> !neura.data<index, i1>\0A      %78 = \22neura.phi\22(%76, %77) : (!neura.data<index, i1>, !neura.data<index, i1>) -> !neura.data<index, i1>\0A      %79 = \22neura.data_mov\22(%78) : (!neura.data<index, i1>) -> !neura.data<index, i1>\0A      %80 = \22neura.data_mov\22(%75) : (!neura.data<index, i1>) -> !neura.data<index, i1>\0A      %81 = \22neura.data_mov\22(%72) : (!neura.data<index, i1>) -> !neura.data<index, i1>\0A      %82 = \22neura.load_indexed\22(%79, %80, %81) <{operandSegmentSizes = array<i32: 0, 3>}> {lhs_value = \22%input2\22} : (!neura.data<index, i1>, !neura.data<index, i1>, !neura.data<index, i1>) -> !neura.data<i32, i1>\0A      %83 = \22neura.data_mov\22(%69) : (!neura.data<index, i1>) -> !neura.data<index, i1>\0A      %84 = \22neura.data_mov\22(%72) : (!neura.data<index, i1>) -> !neura.data<index, i1>\0A      %85 = \22neura.data_mov\22(%66) : (!neura.data<index, i1>) -> !neura.data<index, i1>\0A      %86 = \22neura.load_indexed\22(%83, %84, %85) <{operandSegmentSizes = array<i32: 0, 3>}> {lhs_value = \22%input3\22} : (!neura.data<index, i1>, !neura.data<index, i1>, !neura.data<index, i1>) -> !neura.data<i32, i1>\0A      %87 = \22neura.data_mov\22(%82) : (!neura.data<i32, i1>) -> !neura.data<i32, i1>\0A      %88 = \22neura.data_mov\22(%86) : (!neura.data<i32, i1>) -> !neura.data<i32, i1>\0A      %89 = \22neura.mul\22(%87, %88) : (!neura.data<i32, i1>, !neura.data<i32, i1>) -> !neura.data<i32, i1>\0A      %90 = \22neura.data_mov\22(%63) : (!neura.data<index, i1>) -> !neura.data<index, i1>\0A      %91 = \22neura.data_mov\22(%75) : (!neura.data<index, i1>) -> !neura.data<index, i1>\0A      %92 = \22neura.data_mov\22(%66) : (!neura.data<index, i1>) -> !neura.data<index, i1>\0A      %93 = \22neura.load_indexed\22(%90, %91, %92) <{operandSegmentSizes = array<i32: 0, 3>}> {lhs_value = \22%input1\22} : (!neura.data<index, i1>, !neura.data<index, i1>, !neura.data<index, i1>) -> !neura.data<i32, i1>\0A      %94 = \22neura.data_mov\22(%93) : (!neura.data<i32, i1>) -> !neura.data<i32, i1>\0A      %95 = \22neura.data_mov\22(%89) : (!neura.data<i32, i1>) -> !neura.data<i32, i1>\0A      %96 = \22neura.add\22(%94, %95) : (!neura.data<i32, i1>, !neura.data<i32, i1>) -> !neura.data<i32, i1>\0A      %97 = \22neura.data_mov\22(%96) : (!neura.data<i32, i1>) -> !neura.data<i32, i1>\0A      %98 = \22neura.data_mov\22(%63) : (!neura.data<index, i1>) -> !neura.data<index, i1>\0A      %99 = \22neura.data_mov\22(%75) : (!neura.data<index, i1>) -> !neura.data<index, i1>\0A      %100 = \22neura.data_mov\22(%66) : (!neura.data<index, i1>) -> !neura.data<index, i1>\0A      \22neura.store_indexed\22(%97, %98, %99, %100) <{operandSegmentSizes = array<i32: 1, 0, 3>}> {rhs_value = \22%input1\22} : (!neura.data<i32, i1>, !neura.data<index, i1>, !neura.data<index, i1>, !neura.data<index, i1>) -> ()\0A      \22neura.yield\22() <{operandSegmentSizes = array<i32: 0, 0>}> {yield_type = \22void\22} : () -> ()\0A    }) {dataflow_mode = \22predicate\22} : (i32, memref<?x256x16xi32>, memref<?x256x256xi32>, memref<?x256x16xi32>, index) -> ()\0A    \22taskflow.yield\22(%arg10, %arg12) <{operandSegmentSizes = array<i32: 1, 1, 0>}> : (memref<?x256x16xi32>, memref<?x256x16xi32>) -> ()\0A  }) {dlp_replicable = true, runtime_managable = true} : (memref<?x256x256xi32>, memref<?x256x16xi32>, memref<?x256x16xi32>, memref<?x256x16xi32>, index, i32, memref<?x256x256xi32>, memref<?x256x16xi32>, memref<?x256x16xi32>, memref<?x256x16xi32>) -> (memref<?x256x16xi32>, memref<?x256x16xi32>)\0A  \22func.return\22() : () -> ()\0A}) : () -> ()", dlp_replicable = true, runtime_managable = true} : (memref<?x256x256xi32>, memref<?x256x16xi32>, memref<?x256x16xi32>, memref<?x256x16xi32>, index, i32, memref<?x256x256xi32>, memref<?x256x16xi32>, memref<?x256x16xi32>, memref<?x256x16xi32>) -> (memref<?x256x16xi32>, memref<?x256x16xi32>)
    %27:2 = "taskflow.task"(%12, %24#2, %26#1, %26#1, %4, %3, %arg10, %arg13, %arg12, %arg12) <{operandSegmentSizes = array<i32: 3, 1, 2, 3, 1>, resultSegmentSizes = array<i32: 1, 1, 0>, task_name = "Task_22"}> ({
    ^bb0(%arg69: memref<?x256x256xi32>, %arg70: memref<?x256x16xi32>, %arg71: memref<?x256x16xi32>, %arg72: memref<?x256x16xi32>, %arg73: index, %arg74: i32):
      %379 = "arith.constant"() <{value = 16 : index}> : () -> index
      %380 = "arith.constant"() <{value = 0 : index}> : () -> index
      %381 = "arith.constant"() <{value = 1 : index}> : () -> index
      %382 = "taskflow.counter"(%380, %arg73, %381) <{counter_dynamism = "symbol_bound", counter_hierarchy = "root", counter_id = 0 : i32}> : (index, index, index) -> index
      %383 = "taskflow.counter"(%382, %380, %379, %381) <{counter_dynamism = "constant_bound", counter_hierarchy = "relay", counter_id = 1 : i32}> : (index, index, index, index) -> index
      %384 = "taskflow.counter"(%383, %380, %arg73, %381) <{counter_dynamism = "symbol_bound", counter_hierarchy = "leaf", counter_id = 2 : i32}> : (index, index, index, index) -> index
      "neura.kernel"(%arg74, %arg72, %arg69, %arg70, %arg73) <{accelerator = "neura", operandSegmentSizes = array<i32: 5, 0>}> ({
      ^bb0(%arg75: !neura.data<i32, i1>, %arg76: !neura.data<memref<?x256x16xi32>, i1>, %arg77: !neura.data<memref<?x256x256xi32>, i1>, %arg78: !neura.data<memref<?x256x16xi32>, i1>, %arg79: !neura.data<index, i1>):
        %385 = "neura.constant"() <{value = "%input1"}> : () -> !neura.data<memref<?x256x16xi32>, i1>
        %386 = "neura.constant"() <{value = 9 : index}> : () -> !neura.data<index, i1>
        %387 = "neura.constant"() <{value = 1 : index}> : () -> !neura.data<index, i1>
        %388 = "neura.counter"() <{counter_dynamism = "symbol_bound", counter_hierarchy = "root", counter_id = 0 : i32, operandSegmentSizes = array<i32: 0, 0, 0>}> {lower_bound_value = 0 : index, step_value = 1 : index, upper_bound_value = "%input4"} : () -> !neura.data<index, i1>
        %389 = "neura.counter"() <{counter_dynamism = "constant_bound", counter_hierarchy = "relay", counter_id = 1 : i32, operandSegmentSizes = array<i32: 0, 0, 0>}> {lower_bound_value = 0 : index, step_value = 1 : index, upper_bound_value = 16 : index} : () -> !neura.data<index, i1>
        %390 = "neura.counter"() <{counter_dynamism = "symbol_bound", counter_hierarchy = "leaf", counter_id = 2 : i32, operandSegmentSizes = array<i32: 0, 0, 0>}> {lower_bound_value = 0 : index, step_value = 1 : index, upper_bound_value = "%input4"} : () -> !neura.data<index, i1>
        %391 = "neura.data_mov"(%390) : (!neura.data<index, i1>) -> !neura.data<index, i1>
        %392 = "neura.icmp"(%391) <{cmpType = "eq"}> {rhs_value = 0 : index} : (!neura.data<index, i1>) -> !neura.data<i1, i1>
        %393 = "neura.data_mov"(%385) : (!neura.data<memref<?x256x16xi32>, i1>) -> !neura.data<memref<?x256x16xi32>, i1>
        %394 = "neura.data_mov"(%392) : (!neura.data<i1, i1>) -> !neura.data<i1, i1>
        %395 = "neura.grant_predicate"(%393, %394) : (!neura.data<memref<?x256x16xi32>, i1>, !neura.data<i1, i1>) -> !neura.data<memref<?x256x16xi32>, i1>
        %396 = "neura.data_mov"(%386) : (!neura.data<index, i1>) -> !neura.data<index, i1>
        %397 = "neura.data_mov"(%392) : (!neura.data<i1, i1>) -> !neura.data<i1, i1>
        %398 = "neura.grant_predicate"(%396, %397) : (!neura.data<index, i1>, !neura.data<i1, i1>) -> !neura.data<index, i1>
        %399 = "neura.data_mov"(%388) : (!neura.data<index, i1>) -> !neura.data<index, i1>
        %400 = "neura.data_mov"(%392) : (!neura.data<i1, i1>) -> !neura.data<i1, i1>
        %401 = "neura.grant_predicate"(%399, %400) : (!neura.data<index, i1>, !neura.data<i1, i1>) -> !neura.data<index, i1>
        %402 = "neura.data_mov"(%389) : (!neura.data<index, i1>) -> !neura.data<index, i1>
        %403 = "neura.data_mov"(%392) : (!neura.data<i1, i1>) -> !neura.data<i1, i1>
        %404 = "neura.grant_predicate"(%402, %403) : (!neura.data<index, i1>, !neura.data<i1, i1>) -> !neura.data<index, i1>
        %405 = "neura.data_mov"(%387) : (!neura.data<index, i1>) -> !neura.data<index, i1>
        %406 = "neura.data_mov"(%392) : (!neura.data<i1, i1>) -> !neura.data<i1, i1>
        %407 = "neura.grant_predicate"(%405, %406) : (!neura.data<index, i1>, !neura.data<i1, i1>) -> !neura.data<index, i1>
        %408 = "neura.data_mov"(%390) : (!neura.data<index, i1>) -> !neura.data<index, i1>
        %409 = "neura.data_mov"(%392) : (!neura.data<i1, i1>) -> !neura.data<i1, i1>
        %410 = "neura.grant_predicate"(%408, %409) : (!neura.data<index, i1>, !neura.data<i1, i1>) -> !neura.data<index, i1>
        %411 = "neura.data_mov"(%392) : (!neura.data<i1, i1>) -> !neura.data<i1, i1>
        %412 = "neura.not"(%411) : (!neura.data<i1, i1>) -> !neura.data<i1, i1>
        %413 = "neura.data_mov"(%387) : (!neura.data<index, i1>) -> !neura.data<index, i1>
        %414 = "neura.data_mov"(%412) : (!neura.data<i1, i1>) -> !neura.data<i1, i1>
        %415 = "neura.grant_predicate"(%413, %414) : (!neura.data<index, i1>, !neura.data<i1, i1>) -> !neura.data<index, i1>
        %416 = "neura.data_mov"(%388) : (!neura.data<index, i1>) -> !neura.data<index, i1>
        %417 = "neura.data_mov"(%412) : (!neura.data<i1, i1>) -> !neura.data<i1, i1>
        %418 = "neura.grant_predicate"(%416, %417) : (!neura.data<index, i1>, !neura.data<i1, i1>) -> !neura.data<index, i1>
        %419 = "neura.data_mov"(%390) : (!neura.data<index, i1>) -> !neura.data<index, i1>
        %420 = "neura.data_mov"(%412) : (!neura.data<i1, i1>) -> !neura.data<i1, i1>
        %421 = "neura.grant_predicate"(%419, %420) : (!neura.data<index, i1>, !neura.data<i1, i1>) -> !neura.data<index, i1>
        %422 = "neura.data_mov"(%389) : (!neura.data<index, i1>) -> !neura.data<index, i1>
        %423 = "neura.data_mov"(%412) : (!neura.data<i1, i1>) -> !neura.data<i1, i1>
        %424 = "neura.grant_predicate"(%422, %423) : (!neura.data<index, i1>, !neura.data<i1, i1>) -> !neura.data<index, i1>
        %425 = "neura.data_mov"(%386) : (!neura.data<index, i1>) -> !neura.data<index, i1>
        %426 = "neura.data_mov"(%412) : (!neura.data<i1, i1>) -> !neura.data<i1, i1>
        %427 = "neura.grant_predicate"(%425, %426) : (!neura.data<index, i1>, !neura.data<i1, i1>) -> !neura.data<index, i1>
        %428 = "neura.data_mov"(%395) : (!neura.data<memref<?x256x16xi32>, i1>) -> !neura.data<memref<?x256x16xi32>, i1>
        %429 = "neura.data_mov"(%398) : (!neura.data<index, i1>) -> !neura.data<index, i1>
        %430 = "neura.data_mov"(%401) : (!neura.data<index, i1>) -> !neura.data<index, i1>
        %431 = "neura.data_mov"(%404) : (!neura.data<index, i1>) -> !neura.data<index, i1>
        "neura.store_indexed"(%428, %429, %430, %431) <{operandSegmentSizes = array<i32: 0, 1, 3>}> {lhs_value = "%input0"} : (!neura.data<memref<?x256x16xi32>, i1>, !neura.data<index, i1>, !neura.data<index, i1>, !neura.data<index, i1>) -> ()
        %432 = "neura.data_mov"(%427) : (!neura.data<index, i1>) -> !neura.data<index, i1>
        %433 = "neura.data_mov"(%398) : (!neura.data<index, i1>) -> !neura.data<index, i1>
        %434 = "neura.phi"(%432, %433) : (!neura.data<index, i1>, !neura.data<index, i1>) -> !neura.data<index, i1>
        %435 = "neura.data_mov"(%424) : (!neura.data<index, i1>) -> !neura.data<index, i1>
        %436 = "neura.data_mov"(%404) : (!neura.data<index, i1>) -> !neura.data<index, i1>
        %437 = "neura.phi"(%435, %436) : (!neura.data<index, i1>, !neura.data<index, i1>) -> !neura.data<index, i1>
        %438 = "neura.data_mov"(%421) : (!neura.data<index, i1>) -> !neura.data<index, i1>
        %439 = "neura.data_mov"(%410) : (!neura.data<index, i1>) -> !neura.data<index, i1>
        %440 = "neura.phi"(%438, %439) : (!neura.data<index, i1>, !neura.data<index, i1>) -> !neura.data<index, i1>
        %441 = "neura.data_mov"(%418) : (!neura.data<index, i1>) -> !neura.data<index, i1>
        %442 = "neura.data_mov"(%401) : (!neura.data<index, i1>) -> !neura.data<index, i1>
        %443 = "neura.phi"(%441, %442) : (!neura.data<index, i1>, !neura.data<index, i1>) -> !neura.data<index, i1>
        %444 = "neura.data_mov"(%415) : (!neura.data<index, i1>) -> !neura.data<index, i1>
        %445 = "neura.data_mov"(%407) : (!neura.data<index, i1>) -> !neura.data<index, i1>
        %446 = "neura.phi"(%444, %445) : (!neura.data<index, i1>, !neura.data<index, i1>) -> !neura.data<index, i1>
        %447 = "neura.data_mov"(%446) : (!neura.data<index, i1>) -> !neura.data<index, i1>
        %448 = "neura.data_mov"(%443) : (!neura.data<index, i1>) -> !neura.data<index, i1>
        %449 = "neura.data_mov"(%440) : (!neura.data<index, i1>) -> !neura.data<index, i1>
        %450 = "neura.load_indexed"(%447, %448, %449) <{operandSegmentSizes = array<i32: 0, 3>}> {lhs_value = "%input2"} : (!neura.data<index, i1>, !neura.data<index, i1>, !neura.data<index, i1>) -> !neura.data<i32, i1>
        %451 = "neura.data_mov"(%446) : (!neura.data<index, i1>) -> !neura.data<index, i1>
        %452 = "neura.data_mov"(%440) : (!neura.data<index, i1>) -> !neura.data<index, i1>
        %453 = "neura.data_mov"(%437) : (!neura.data<index, i1>) -> !neura.data<index, i1>
        %454 = "neura.load_indexed"(%451, %452, %453) <{operandSegmentSizes = array<i32: 0, 3>}> {lhs_value = "%input3"} : (!neura.data<index, i1>, !neura.data<index, i1>, !neura.data<index, i1>) -> !neura.data<i32, i1>
        %455 = "neura.data_mov"(%450) : (!neura.data<i32, i1>) -> !neura.data<i32, i1>
        %456 = "neura.data_mov"(%454) : (!neura.data<i32, i1>) -> !neura.data<i32, i1>
        %457 = "neura.mul"(%455, %456) : (!neura.data<i32, i1>, !neura.data<i32, i1>) -> !neura.data<i32, i1>
        %458 = "neura.data_mov"(%434) : (!neura.data<index, i1>) -> !neura.data<index, i1>
        %459 = "neura.data_mov"(%443) : (!neura.data<index, i1>) -> !neura.data<index, i1>
        %460 = "neura.data_mov"(%437) : (!neura.data<index, i1>) -> !neura.data<index, i1>
        %461 = "neura.load_indexed"(%458, %459, %460) <{operandSegmentSizes = array<i32: 0, 3>}> {lhs_value = "%input1"} : (!neura.data<index, i1>, !neura.data<index, i1>, !neura.data<index, i1>) -> !neura.data<i32, i1>
        %462 = "neura.data_mov"(%461) : (!neura.data<i32, i1>) -> !neura.data<i32, i1>
        %463 = "neura.data_mov"(%457) : (!neura.data<i32, i1>) -> !neura.data<i32, i1>
        %464 = "neura.add"(%462, %463) : (!neura.data<i32, i1>, !neura.data<i32, i1>) -> !neura.data<i32, i1>
        %465 = "neura.data_mov"(%464) : (!neura.data<i32, i1>) -> !neura.data<i32, i1>
        %466 = "neura.data_mov"(%434) : (!neura.data<index, i1>) -> !neura.data<index, i1>
        %467 = "neura.data_mov"(%443) : (!neura.data<index, i1>) -> !neura.data<index, i1>
        %468 = "neura.data_mov"(%437) : (!neura.data<index, i1>) -> !neura.data<index, i1>
        "neura.store_indexed"(%465, %466, %467, %468) <{operandSegmentSizes = array<i32: 1, 0, 3>}> {rhs_value = "%input1"} : (!neura.data<i32, i1>, !neura.data<index, i1>, !neura.data<index, i1>, !neura.data<index, i1>) -> ()
        "neura.yield"() <{operandSegmentSizes = array<i32: 0, 0>}> {yield_type = "void"} : () -> ()
      }) {dataflow_mode = "predicate"} : (i32, memref<?x256x16xi32>, memref<?x256x256xi32>, memref<?x256x16xi32>, index) -> ()
      "taskflow.yield"(%arg70, %arg72) <{operandSegmentSizes = array<i32: 1, 1, 0>}> : (memref<?x256x16xi32>, memref<?x256x16xi32>) -> ()
    }) {amoeba.source_iteration_control_binding = "amoeba-source-iteration-domain-v1\0Adomain_witness_bytes=231:amoeba-source-iteration-domain-v1\0Acomplete=1\0Arepresented_multiplicity=400\0Ainternal_multiplicity=1\0Asource_multiplicity=400\0Aaxis_count=3\0Aaxis=T,0,0,5,1,5,0,-1,0,0\0Aaxis=T,1,0,16,1,16,0,-1,0,0\0Aaxis=T,2,0,5,1,5,0,-1,0,0\0Areason_bytes=0:\0A\0A\22func.func\22() <{function_type = (memref<?x256x256xi32>, memref<?x256x16xi32>, memref<?x256x16xi32>, index, i32, memref<?x256x256xi32>, memref<?x256x16xi32>, memref<?x256x16xi32>) -> (), sym_name = \22__source_domain_binding__\22}> ({\0A^bb0(%arg0: memref<?x256x256xi32>, %arg1: memref<?x256x16xi32>, %arg2: memref<?x256x16xi32>, %arg3: index, %arg4: i32, %arg5: memref<?x256x256xi32>, %arg6: memref<?x256x16xi32>, %arg7: memref<?x256x16xi32>):\0A  %0:2 = \22taskflow.task\22(%arg0, %arg1, %arg2, %arg2, %arg3, %arg4, %arg5, %arg6, %arg7, %arg7) <{operandSegmentSizes = array<i32: 3, 1, 2, 3, 1>, resultSegmentSizes = array<i32: 1, 1, 0>, task_name = \22Task_22\22}> ({\0A  ^bb0(%arg8: memref<?x256x256xi32>, %arg9: memref<?x256x16xi32>, %arg10: memref<?x256x16xi32>, %arg11: memref<?x256x16xi32>, %arg12: index, %arg13: i32):\0A    %1 = \22arith.constant\22() <{value = 16 : index}> : () -> index\0A    %2 = \22arith.constant\22() <{value = 0 : index}> : () -> index\0A    %3 = \22arith.constant\22() <{value = 1 : index}> : () -> index\0A    %4 = \22taskflow.counter\22(%2, %arg12, %3) <{counter_dynamism = \22symbol_bound\22, counter_hierarchy = \22root\22, counter_id = 0 : i32}> : (index, index, index) -> index\0A    %5 = \22taskflow.counter\22(%4, %2, %1, %3) <{counter_dynamism = \22constant_bound\22, counter_hierarchy = \22relay\22, counter_id = 1 : i32}> : (index, index, index, index) -> index\0A    %6 = \22taskflow.counter\22(%5, %2, %arg12, %3) <{counter_dynamism = \22symbol_bound\22, counter_hierarchy = \22leaf\22, counter_id = 2 : i32}> : (index, index, index, index) -> index\0A    \22neura.kernel\22(%arg13, %arg11, %arg8, %arg9, %arg12) <{accelerator = \22neura\22, operandSegmentSizes = array<i32: 5, 0>}> ({\0A    ^bb0(%arg14: !neura.data<i32, i1>, %arg15: !neura.data<memref<?x256x16xi32>, i1>, %arg16: !neura.data<memref<?x256x256xi32>, i1>, %arg17: !neura.data<memref<?x256x16xi32>, i1>, %arg18: !neura.data<index, i1>):\0A      %7 = \22neura.constant\22() <{value = \22%input1\22}> : () -> !neura.data<memref<?x256x16xi32>, i1>\0A      %8 = \22neura.constant\22() <{value = 9 : index}> : () -> !neura.data<index, i1>\0A      %9 = \22neura.constant\22() <{value = 1 : index}> : () -> !neura.data<index, i1>\0A      %10 = \22neura.counter\22() <{counter_dynamism = \22symbol_bound\22, counter_hierarchy = \22root\22, counter_id = 0 : i32, operandSegmentSizes = array<i32: 0, 0, 0>}> {lower_bound_value = 0 : index, step_value = 1 : index, upper_bound_value = \22%input4\22} : () -> !neura.data<index, i1>\0A      %11 = \22neura.counter\22() <{counter_dynamism = \22constant_bound\22, counter_hierarchy = \22relay\22, counter_id = 1 : i32, operandSegmentSizes = array<i32: 0, 0, 0>}> {lower_bound_value = 0 : index, step_value = 1 : index, upper_bound_value = 16 : index} : () -> !neura.data<index, i1>\0A      %12 = \22neura.counter\22() <{counter_dynamism = \22symbol_bound\22, counter_hierarchy = \22leaf\22, counter_id = 2 : i32, operandSegmentSizes = array<i32: 0, 0, 0>}> {lower_bound_value = 0 : index, step_value = 1 : index, upper_bound_value = \22%input4\22} : () -> !neura.data<index, i1>\0A      %13 = \22neura.data_mov\22(%12) : (!neura.data<index, i1>) -> !neura.data<index, i1>\0A      %14 = \22neura.icmp\22(%13) <{cmpType = \22eq\22}> {rhs_value = 0 : index} : (!neura.data<index, i1>) -> !neura.data<i1, i1>\0A      %15 = \22neura.data_mov\22(%7) : (!neura.data<memref<?x256x16xi32>, i1>) -> !neura.data<memref<?x256x16xi32>, i1>\0A      %16 = \22neura.data_mov\22(%14) : (!neura.data<i1, i1>) -> !neura.data<i1, i1>\0A      %17 = \22neura.grant_predicate\22(%15, %16) : (!neura.data<memref<?x256x16xi32>, i1>, !neura.data<i1, i1>) -> !neura.data<memref<?x256x16xi32>, i1>\0A      %18 = \22neura.data_mov\22(%8) : (!neura.data<index, i1>) -> !neura.data<index, i1>\0A      %19 = \22neura.data_mov\22(%14) : (!neura.data<i1, i1>) -> !neura.data<i1, i1>\0A      %20 = \22neura.grant_predicate\22(%18, %19) : (!neura.data<index, i1>, !neura.data<i1, i1>) -> !neura.data<index, i1>\0A      %21 = \22neura.data_mov\22(%10) : (!neura.data<index, i1>) -> !neura.data<index, i1>\0A      %22 = \22neura.data_mov\22(%14) : (!neura.data<i1, i1>) -> !neura.data<i1, i1>\0A      %23 = \22neura.grant_predicate\22(%21, %22) : (!neura.data<index, i1>, !neura.data<i1, i1>) -> !neura.data<index, i1>\0A      %24 = \22neura.data_mov\22(%11) : (!neura.data<index, i1>) -> !neura.data<index, i1>\0A      %25 = \22neura.data_mov\22(%14) : (!neura.data<i1, i1>) -> !neura.data<i1, i1>\0A      %26 = \22neura.grant_predicate\22(%24, %25) : (!neura.data<index, i1>, !neura.data<i1, i1>) -> !neura.data<index, i1>\0A      %27 = \22neura.data_mov\22(%9) : (!neura.data<index, i1>) -> !neura.data<index, i1>\0A      %28 = \22neura.data_mov\22(%14) : (!neura.data<i1, i1>) -> !neura.data<i1, i1>\0A      %29 = \22neura.grant_predicate\22(%27, %28) : (!neura.data<index, i1>, !neura.data<i1, i1>) -> !neura.data<index, i1>\0A      %30 = \22neura.data_mov\22(%12) : (!neura.data<index, i1>) -> !neura.data<index, i1>\0A      %31 = \22neura.data_mov\22(%14) : (!neura.data<i1, i1>) -> !neura.data<i1, i1>\0A      %32 = \22neura.grant_predicate\22(%30, %31) : (!neura.data<index, i1>, !neura.data<i1, i1>) -> !neura.data<index, i1>\0A      %33 = \22neura.data_mov\22(%14) : (!neura.data<i1, i1>) -> !neura.data<i1, i1>\0A      %34 = \22neura.not\22(%33) : (!neura.data<i1, i1>) -> !neura.data<i1, i1>\0A      %35 = \22neura.data_mov\22(%9) : (!neura.data<index, i1>) -> !neura.data<index, i1>\0A      %36 = \22neura.data_mov\22(%34) : (!neura.data<i1, i1>) -> !neura.data<i1, i1>\0A      %37 = \22neura.grant_predicate\22(%35, %36) : (!neura.data<index, i1>, !neura.data<i1, i1>) -> !neura.data<index, i1>\0A      %38 = \22neura.data_mov\22(%10) : (!neura.data<index, i1>) -> !neura.data<index, i1>\0A      %39 = \22neura.data_mov\22(%34) : (!neura.data<i1, i1>) -> !neura.data<i1, i1>\0A      %40 = \22neura.grant_predicate\22(%38, %39) : (!neura.data<index, i1>, !neura.data<i1, i1>) -> !neura.data<index, i1>\0A      %41 = \22neura.data_mov\22(%12) : (!neura.data<index, i1>) -> !neura.data<index, i1>\0A      %42 = \22neura.data_mov\22(%34) : (!neura.data<i1, i1>) -> !neura.data<i1, i1>\0A      %43 = \22neura.grant_predicate\22(%41, %42) : (!neura.data<index, i1>, !neura.data<i1, i1>) -> !neura.data<index, i1>\0A      %44 = \22neura.data_mov\22(%11) : (!neura.data<index, i1>) -> !neura.data<index, i1>\0A      %45 = \22neura.data_mov\22(%34) : (!neura.data<i1, i1>) -> !neura.data<i1, i1>\0A      %46 = \22neura.grant_predicate\22(%44, %45) : (!neura.data<index, i1>, !neura.data<i1, i1>) -> !neura.data<index, i1>\0A      %47 = \22neura.data_mov\22(%8) : (!neura.data<index, i1>) -> !neura.data<index, i1>\0A      %48 = \22neura.data_mov\22(%34) : (!neura.data<i1, i1>) -> !neura.data<i1, i1>\0A      %49 = \22neura.grant_predicate\22(%47, %48) : (!neura.data<index, i1>, !neura.data<i1, i1>) -> !neura.data<index, i1>\0A      %50 = \22neura.data_mov\22(%17) : (!neura.data<memref<?x256x16xi32>, i1>) -> !neura.data<memref<?x256x16xi32>, i1>\0A      %51 = \22neura.data_mov\22(%20) : (!neura.data<index, i1>) -> !neura.data<index, i1>\0A      %52 = \22neura.data_mov\22(%23) : (!neura.data<index, i1>) -> !neura.data<index, i1>\0A      %53 = \22neura.data_mov\22(%26) : (!neura.data<index, i1>) -> !neura.data<index, i1>\0A      \22neura.store_indexed\22(%50, %51, %52, %53) <{operandSegmentSizes = array<i32: 0, 1, 3>}> {lhs_value = \22%input0\22} : (!neura.data<memref<?x256x16xi32>, i1>, !neura.data<index, i1>, !neura.data<index, i1>, !neura.data<index, i1>) -> ()\0A      %54 = \22neura.data_mov\22(%49) : (!neura.data<index, i1>) -> !neura.data<index, i1>\0A      %55 = \22neura.data_mov\22(%20) : (!neura.data<index, i1>) -> !neura.data<index, i1>\0A      %56 = \22neura.phi\22(%54, %55) : (!neura.data<index, i1>, !neura.data<index, i1>) -> !neura.data<index, i1>\0A      %57 = \22neura.data_mov\22(%46) : (!neura.data<index, i1>) -> !neura.data<index, i1>\0A      %58 = \22neura.data_mov\22(%26) : (!neura.data<index, i1>) -> !neura.data<index, i1>\0A      %59 = \22neura.phi\22(%57, %58) : (!neura.data<index, i1>, !neura.data<index, i1>) -> !neura.data<index, i1>\0A      %60 = \22neura.data_mov\22(%43) : (!neura.data<index, i1>) -> !neura.data<index, i1>\0A      %61 = \22neura.data_mov\22(%32) : (!neura.data<index, i1>) -> !neura.data<index, i1>\0A      %62 = \22neura.phi\22(%60, %61) : (!neura.data<index, i1>, !neura.data<index, i1>) -> !neura.data<index, i1>\0A      %63 = \22neura.data_mov\22(%40) : (!neura.data<index, i1>) -> !neura.data<index, i1>\0A      %64 = \22neura.data_mov\22(%23) : (!neura.data<index, i1>) -> !neura.data<index, i1>\0A      %65 = \22neura.phi\22(%63, %64) : (!neura.data<index, i1>, !neura.data<index, i1>) -> !neura.data<index, i1>\0A      %66 = \22neura.data_mov\22(%37) : (!neura.data<index, i1>) -> !neura.data<index, i1>\0A      %67 = \22neura.data_mov\22(%29) : (!neura.data<index, i1>) -> !neura.data<index, i1>\0A      %68 = \22neura.phi\22(%66, %67) : (!neura.data<index, i1>, !neura.data<index, i1>) -> !neura.data<index, i1>\0A      %69 = \22neura.data_mov\22(%68) : (!neura.data<index, i1>) -> !neura.data<index, i1>\0A      %70 = \22neura.data_mov\22(%65) : (!neura.data<index, i1>) -> !neura.data<index, i1>\0A      %71 = \22neura.data_mov\22(%62) : (!neura.data<index, i1>) -> !neura.data<index, i1>\0A      %72 = \22neura.load_indexed\22(%69, %70, %71) <{operandSegmentSizes = array<i32: 0, 3>}> {lhs_value = \22%input2\22} : (!neura.data<index, i1>, !neura.data<index, i1>, !neura.data<index, i1>) -> !neura.data<i32, i1>\0A      %73 = \22neura.data_mov\22(%68) : (!neura.data<index, i1>) -> !neura.data<index, i1>\0A      %74 = \22neura.data_mov\22(%62) : (!neura.data<index, i1>) -> !neura.data<index, i1>\0A      %75 = \22neura.data_mov\22(%59) : (!neura.data<index, i1>) -> !neura.data<index, i1>\0A      %76 = \22neura.load_indexed\22(%73, %74, %75) <{operandSegmentSizes = array<i32: 0, 3>}> {lhs_value = \22%input3\22} : (!neura.data<index, i1>, !neura.data<index, i1>, !neura.data<index, i1>) -> !neura.data<i32, i1>\0A      %77 = \22neura.data_mov\22(%72) : (!neura.data<i32, i1>) -> !neura.data<i32, i1>\0A      %78 = \22neura.data_mov\22(%76) : (!neura.data<i32, i1>) -> !neura.data<i32, i1>\0A      %79 = \22neura.mul\22(%77, %78) : (!neura.data<i32, i1>, !neura.data<i32, i1>) -> !neura.data<i32, i1>\0A      %80 = \22neura.data_mov\22(%56) : (!neura.data<index, i1>) -> !neura.data<index, i1>\0A      %81 = \22neura.data_mov\22(%65) : (!neura.data<index, i1>) -> !neura.data<index, i1>\0A      %82 = \22neura.data_mov\22(%59) : (!neura.data<index, i1>) -> !neura.data<index, i1>\0A      %83 = \22neura.load_indexed\22(%80, %81, %82) <{operandSegmentSizes = array<i32: 0, 3>}> {lhs_value = \22%input1\22} : (!neura.data<index, i1>, !neura.data<index, i1>, !neura.data<index, i1>) -> !neura.data<i32, i1>\0A      %84 = \22neura.data_mov\22(%83) : (!neura.data<i32, i1>) -> !neura.data<i32, i1>\0A      %85 = \22neura.data_mov\22(%79) : (!neura.data<i32, i1>) -> !neura.data<i32, i1>\0A      %86 = \22neura.add\22(%84, %85) : (!neura.data<i32, i1>, !neura.data<i32, i1>) -> !neura.data<i32, i1>\0A      %87 = \22neura.data_mov\22(%86) : (!neura.data<i32, i1>) -> !neura.data<i32, i1>\0A      %88 = \22neura.data_mov\22(%56) : (!neura.data<index, i1>) -> !neura.data<index, i1>\0A      %89 = \22neura.data_mov\22(%65) : (!neura.data<index, i1>) -> !neura.data<index, i1>\0A      %90 = \22neura.data_mov\22(%59) : (!neura.data<index, i1>) -> !neura.data<index, i1>\0A      \22neura.store_indexed\22(%87, %88, %89, %90) <{operandSegmentSizes = array<i32: 1, 0, 3>}> {rhs_value = \22%input1\22} : (!neura.data<i32, i1>, !neura.data<index, i1>, !neura.data<index, i1>, !neura.data<index, i1>) -> ()\0A      \22neura.yield\22() <{operandSegmentSizes = array<i32: 0, 0>}> {yield_type = \22void\22} : () -> ()\0A    }) {dataflow_mode = \22predicate\22} : (i32, memref<?x256x16xi32>, memref<?x256x256xi32>, memref<?x256x16xi32>, index) -> ()\0A    \22taskflow.yield\22(%arg9, %arg11) <{operandSegmentSizes = array<i32: 1, 1, 0>}> : (memref<?x256x16xi32>, memref<?x256x16xi32>) -> ()\0A  }) {dlp_replicable = true, runtime_managable = true} : (memref<?x256x256xi32>, memref<?x256x16xi32>, memref<?x256x16xi32>, memref<?x256x16xi32>, index, i32, memref<?x256x256xi32>, memref<?x256x16xi32>, memref<?x256x16xi32>, memref<?x256x16xi32>) -> (memref<?x256x16xi32>, memref<?x256x16xi32>)\0A  \22func.return\22() : () -> ()\0A}) : () -> ()", amoeba.source_iteration_domain = {axes = [{carried_values = 0 : i64, expanded_inside_mapper_firing = false, extent = 5 : i64, kind = "taskflow-counter", lower = 0 : i64, ordinal = 0 : i64, parent_counter_ordinal = -1 : i64, result_uses = 0 : i64, step = 1 : i64, upper = 5 : i64}, {carried_values = 0 : i64, expanded_inside_mapper_firing = false, extent = 16 : i64, kind = "taskflow-counter", lower = 0 : i64, ordinal = 1 : i64, parent_counter_ordinal = -1 : i64, result_uses = 0 : i64, step = 1 : i64, upper = 16 : i64}, {carried_values = 0 : i64, expanded_inside_mapper_firing = false, extent = 5 : i64, kind = "taskflow-counter", lower = 0 : i64, ordinal = 2 : i64, parent_counter_ordinal = -1 : i64, result_uses = 0 : i64, step = 1 : i64, upper = 5 : i64}], canonical_witness = "amoeba-source-iteration-domain-v1\0Acomplete=1\0Arepresented_multiplicity=400\0Ainternal_multiplicity=1\0Asource_multiplicity=400\0Aaxis_count=3\0Aaxis=T,0,0,5,1,5,0,-1,0,0\0Aaxis=T,1,0,16,1,16,0,-1,0,0\0Aaxis=T,2,0,5,1,5,0,-1,0,0\0Areason_bytes=0:\0A", complete = true, internal_multiplicity = 1 : i64, represented_multiplicity = 400 : i64, schema = "amoeba-source-iteration-domain-v1", source_multiplicity = 400 : i64}, amoeba.source_iteration_source_control_binding = "amoeba-source-iteration-domain-v1\0Adomain_witness_bytes=231:amoeba-source-iteration-domain-v1\0Acomplete=1\0Arepresented_multiplicity=400\0Ainternal_multiplicity=1\0Asource_multiplicity=400\0Aaxis_count=3\0Aaxis=T,0,0,5,1,5,0,-1,0,0\0Aaxis=T,1,0,16,1,16,0,-1,0,0\0Aaxis=T,2,0,5,1,5,0,-1,0,0\0Areason_bytes=0:\0A\0A\22func.func\22() <{function_type = (memref<?x256x256xi32>, memref<?x256x16xi32>, memref<?x256x16xi32>, index, i32, memref<?x256x256xi32>, memref<?x256x16xi32>, memref<?x256x16xi32>) -> (), sym_name = \22__source_domain_binding__\22}> ({\0A^bb0(%arg0: memref<?x256x256xi32>, %arg1: memref<?x256x16xi32>, %arg2: memref<?x256x16xi32>, %arg3: index, %arg4: i32, %arg5: memref<?x256x256xi32>, %arg6: memref<?x256x16xi32>, %arg7: memref<?x256x16xi32>):\0A  %0:2 = \22taskflow.task\22(%arg0, %arg1, %arg2, %arg2, %arg3, %arg4, %arg5, %arg6, %arg7, %arg7) <{operandSegmentSizes = array<i32: 3, 1, 2, 3, 1>, resultSegmentSizes = array<i32: 1, 1, 0>, task_name = \22Task_22\22}> ({\0A  ^bb0(%arg8: memref<?x256x256xi32>, %arg9: memref<?x256x16xi32>, %arg10: memref<?x256x16xi32>, %arg11: memref<?x256x16xi32>, %arg12: index, %arg13: i32):\0A    %1 = \22arith.constant\22() <{value = 16 : index}> : () -> index\0A    %2 = \22arith.constant\22() <{value = 0 : index}> : () -> index\0A    %3 = \22arith.constant\22() <{value = 1 : index}> : () -> index\0A    %4 = \22taskflow.counter\22(%2, %arg12, %3) <{counter_dynamism = \22symbol_bound\22, counter_hierarchy = \22root\22, counter_id = 0 : i32}> : (index, index, index) -> index\0A    %5 = \22taskflow.counter\22(%4, %2, %1, %3) <{counter_dynamism = \22constant_bound\22, counter_hierarchy = \22relay\22, counter_id = 1 : i32}> : (index, index, index, index) -> index\0A    %6 = \22taskflow.counter\22(%5, %2, %arg12, %3) <{counter_dynamism = \22symbol_bound\22, counter_hierarchy = \22leaf\22, counter_id = 2 : i32}> : (index, index, index, index) -> index\0A    \22neura.kernel\22(%arg13, %arg11, %arg8, %arg9, %arg12) <{accelerator = \22neura\22, operandSegmentSizes = array<i32: 5, 0>}> ({\0A    ^bb0(%arg14: !neura.data<i32, i1>, %arg15: !neura.data<memref<?x256x16xi32>, i1>, %arg16: !neura.data<memref<?x256x256xi32>, i1>, %arg17: !neura.data<memref<?x256x16xi32>, i1>, %arg18: !neura.data<index, i1>):\0A      %7 = \22neura.constant\22() <{value = \22%input1\22}> : () -> !neura.data<memref<?x256x16xi32>, i1>\0A      %8 = \22neura.constant\22() <{value = 9 : index}> : () -> !neura.data<index, i1>\0A      %9 = \22neura.constant\22() <{value = 1 : index}> : () -> !neura.data<index, i1>\0A      %10 = \22neura.counter\22() <{counter_dynamism = \22symbol_bound\22, counter_hierarchy = \22root\22, counter_id = 0 : i32, operandSegmentSizes = array<i32: 0, 0, 0>}> {lower_bound_value = 0 : index, step_value = 1 : index, upper_bound_value = \22%input4\22} : () -> !neura.data<index, i1>\0A      %11 = \22neura.counter\22() <{counter_dynamism = \22constant_bound\22, counter_hierarchy = \22relay\22, counter_id = 1 : i32, operandSegmentSizes = array<i32: 0, 0, 0>}> {lower_bound_value = 0 : index, step_value = 1 : index, upper_bound_value = 16 : index} : () -> !neura.data<index, i1>\0A      %12 = \22neura.counter\22() <{counter_dynamism = \22symbol_bound\22, counter_hierarchy = \22leaf\22, counter_id = 2 : i32, operandSegmentSizes = array<i32: 0, 0, 0>}> {lower_bound_value = 0 : index, step_value = 1 : index, upper_bound_value = \22%input4\22} : () -> !neura.data<index, i1>\0A      %13 = \22neura.data_mov\22(%12) : (!neura.data<index, i1>) -> !neura.data<index, i1>\0A      %14 = \22neura.icmp\22(%13) <{cmpType = \22eq\22}> {rhs_value = 0 : index} : (!neura.data<index, i1>) -> !neura.data<i1, i1>\0A      %15 = \22neura.data_mov\22(%7) : (!neura.data<memref<?x256x16xi32>, i1>) -> !neura.data<memref<?x256x16xi32>, i1>\0A      %16 = \22neura.data_mov\22(%14) : (!neura.data<i1, i1>) -> !neura.data<i1, i1>\0A      %17 = \22neura.grant_predicate\22(%15, %16) : (!neura.data<memref<?x256x16xi32>, i1>, !neura.data<i1, i1>) -> !neura.data<memref<?x256x16xi32>, i1>\0A      %18 = \22neura.data_mov\22(%8) : (!neura.data<index, i1>) -> !neura.data<index, i1>\0A      %19 = \22neura.data_mov\22(%14) : (!neura.data<i1, i1>) -> !neura.data<i1, i1>\0A      %20 = \22neura.grant_predicate\22(%18, %19) : (!neura.data<index, i1>, !neura.data<i1, i1>) -> !neura.data<index, i1>\0A      %21 = \22neura.data_mov\22(%10) : (!neura.data<index, i1>) -> !neura.data<index, i1>\0A      %22 = \22neura.data_mov\22(%14) : (!neura.data<i1, i1>) -> !neura.data<i1, i1>\0A      %23 = \22neura.grant_predicate\22(%21, %22) : (!neura.data<index, i1>, !neura.data<i1, i1>) -> !neura.data<index, i1>\0A      %24 = \22neura.data_mov\22(%11) : (!neura.data<index, i1>) -> !neura.data<index, i1>\0A      %25 = \22neura.data_mov\22(%14) : (!neura.data<i1, i1>) -> !neura.data<i1, i1>\0A      %26 = \22neura.grant_predicate\22(%24, %25) : (!neura.data<index, i1>, !neura.data<i1, i1>) -> !neura.data<index, i1>\0A      %27 = \22neura.data_mov\22(%9) : (!neura.data<index, i1>) -> !neura.data<index, i1>\0A      %28 = \22neura.data_mov\22(%14) : (!neura.data<i1, i1>) -> !neura.data<i1, i1>\0A      %29 = \22neura.grant_predicate\22(%27, %28) : (!neura.data<index, i1>, !neura.data<i1, i1>) -> !neura.data<index, i1>\0A      %30 = \22neura.data_mov\22(%12) : (!neura.data<index, i1>) -> !neura.data<index, i1>\0A      %31 = \22neura.data_mov\22(%14) : (!neura.data<i1, i1>) -> !neura.data<i1, i1>\0A      %32 = \22neura.grant_predicate\22(%30, %31) : (!neura.data<index, i1>, !neura.data<i1, i1>) -> !neura.data<index, i1>\0A      %33 = \22neura.data_mov\22(%14) : (!neura.data<i1, i1>) -> !neura.data<i1, i1>\0A      %34 = \22neura.not\22(%33) : (!neura.data<i1, i1>) -> !neura.data<i1, i1>\0A      %35 = \22neura.data_mov\22(%9) : (!neura.data<index, i1>) -> !neura.data<index, i1>\0A      %36 = \22neura.data_mov\22(%34) : (!neura.data<i1, i1>) -> !neura.data<i1, i1>\0A      %37 = \22neura.grant_predicate\22(%35, %36) : (!neura.data<index, i1>, !neura.data<i1, i1>) -> !neura.data<index, i1>\0A      %38 = \22neura.data_mov\22(%10) : (!neura.data<index, i1>) -> !neura.data<index, i1>\0A      %39 = \22neura.data_mov\22(%34) : (!neura.data<i1, i1>) -> !neura.data<i1, i1>\0A      %40 = \22neura.grant_predicate\22(%38, %39) : (!neura.data<index, i1>, !neura.data<i1, i1>) -> !neura.data<index, i1>\0A      %41 = \22neura.data_mov\22(%12) : (!neura.data<index, i1>) -> !neura.data<index, i1>\0A      %42 = \22neura.data_mov\22(%34) : (!neura.data<i1, i1>) -> !neura.data<i1, i1>\0A      %43 = \22neura.grant_predicate\22(%41, %42) : (!neura.data<index, i1>, !neura.data<i1, i1>) -> !neura.data<index, i1>\0A      %44 = \22neura.data_mov\22(%11) : (!neura.data<index, i1>) -> !neura.data<index, i1>\0A      %45 = \22neura.data_mov\22(%34) : (!neura.data<i1, i1>) -> !neura.data<i1, i1>\0A      %46 = \22neura.grant_predicate\22(%44, %45) : (!neura.data<index, i1>, !neura.data<i1, i1>) -> !neura.data<index, i1>\0A      %47 = \22neura.data_mov\22(%8) : (!neura.data<index, i1>) -> !neura.data<index, i1>\0A      %48 = \22neura.data_mov\22(%34) : (!neura.data<i1, i1>) -> !neura.data<i1, i1>\0A      %49 = \22neura.grant_predicate\22(%47, %48) : (!neura.data<index, i1>, !neura.data<i1, i1>) -> !neura.data<index, i1>\0A      %50 = \22neura.data_mov\22(%17) : (!neura.data<memref<?x256x16xi32>, i1>) -> !neura.data<memref<?x256x16xi32>, i1>\0A      %51 = \22neura.data_mov\22(%20) : (!neura.data<index, i1>) -> !neura.data<index, i1>\0A      %52 = \22neura.data_mov\22(%23) : (!neura.data<index, i1>) -> !neura.data<index, i1>\0A      %53 = \22neura.data_mov\22(%26) : (!neura.data<index, i1>) -> !neura.data<index, i1>\0A      \22neura.store_indexed\22(%50, %51, %52, %53) <{operandSegmentSizes = array<i32: 0, 1, 3>}> {lhs_value = \22%input0\22} : (!neura.data<memref<?x256x16xi32>, i1>, !neura.data<index, i1>, !neura.data<index, i1>, !neura.data<index, i1>) -> ()\0A      %54 = \22neura.data_mov\22(%49) : (!neura.data<index, i1>) -> !neura.data<index, i1>\0A      %55 = \22neura.data_mov\22(%20) : (!neura.data<index, i1>) -> !neura.data<index, i1>\0A      %56 = \22neura.phi\22(%54, %55) : (!neura.data<index, i1>, !neura.data<index, i1>) -> !neura.data<index, i1>\0A      %57 = \22neura.data_mov\22(%46) : (!neura.data<index, i1>) -> !neura.data<index, i1>\0A      %58 = \22neura.data_mov\22(%26) : (!neura.data<index, i1>) -> !neura.data<index, i1>\0A      %59 = \22neura.phi\22(%57, %58) : (!neura.data<index, i1>, !neura.data<index, i1>) -> !neura.data<index, i1>\0A      %60 = \22neura.data_mov\22(%43) : (!neura.data<index, i1>) -> !neura.data<index, i1>\0A      %61 = \22neura.data_mov\22(%32) : (!neura.data<index, i1>) -> !neura.data<index, i1>\0A      %62 = \22neura.phi\22(%60, %61) : (!neura.data<index, i1>, !neura.data<index, i1>) -> !neura.data<index, i1>\0A      %63 = \22neura.data_mov\22(%40) : (!neura.data<index, i1>) -> !neura.data<index, i1>\0A      %64 = \22neura.data_mov\22(%23) : (!neura.data<index, i1>) -> !neura.data<index, i1>\0A      %65 = \22neura.phi\22(%63, %64) : (!neura.data<index, i1>, !neura.data<index, i1>) -> !neura.data<index, i1>\0A      %66 = \22neura.data_mov\22(%37) : (!neura.data<index, i1>) -> !neura.data<index, i1>\0A      %67 = \22neura.data_mov\22(%29) : (!neura.data<index, i1>) -> !neura.data<index, i1>\0A      %68 = \22neura.phi\22(%66, %67) : (!neura.data<index, i1>, !neura.data<index, i1>) -> !neura.data<index, i1>\0A      %69 = \22neura.data_mov\22(%68) : (!neura.data<index, i1>) -> !neura.data<index, i1>\0A      %70 = \22neura.data_mov\22(%65) : (!neura.data<index, i1>) -> !neura.data<index, i1>\0A      %71 = \22neura.data_mov\22(%62) : (!neura.data<index, i1>) -> !neura.data<index, i1>\0A      %72 = \22neura.load_indexed\22(%69, %70, %71) <{operandSegmentSizes = array<i32: 0, 3>}> {lhs_value = \22%input2\22} : (!neura.data<index, i1>, !neura.data<index, i1>, !neura.data<index, i1>) -> !neura.data<i32, i1>\0A      %73 = \22neura.data_mov\22(%68) : (!neura.data<index, i1>) -> !neura.data<index, i1>\0A      %74 = \22neura.data_mov\22(%62) : (!neura.data<index, i1>) -> !neura.data<index, i1>\0A      %75 = \22neura.data_mov\22(%59) : (!neura.data<index, i1>) -> !neura.data<index, i1>\0A      %76 = \22neura.load_indexed\22(%73, %74, %75) <{operandSegmentSizes = array<i32: 0, 3>}> {lhs_value = \22%input3\22} : (!neura.data<index, i1>, !neura.data<index, i1>, !neura.data<index, i1>) -> !neura.data<i32, i1>\0A      %77 = \22neura.data_mov\22(%72) : (!neura.data<i32, i1>) -> !neura.data<i32, i1>\0A      %78 = \22neura.data_mov\22(%76) : (!neura.data<i32, i1>) -> !neura.data<i32, i1>\0A      %79 = \22neura.mul\22(%77, %78) : (!neura.data<i32, i1>, !neura.data<i32, i1>) -> !neura.data<i32, i1>\0A      %80 = \22neura.data_mov\22(%56) : (!neura.data<index, i1>) -> !neura.data<index, i1>\0A      %81 = \22neura.data_mov\22(%65) : (!neura.data<index, i1>) -> !neura.data<index, i1>\0A      %82 = \22neura.data_mov\22(%59) : (!neura.data<index, i1>) -> !neura.data<index, i1>\0A      %83 = \22neura.load_indexed\22(%80, %81, %82) <{operandSegmentSizes = array<i32: 0, 3>}> {lhs_value = \22%input1\22} : (!neura.data<index, i1>, !neura.data<index, i1>, !neura.data<index, i1>) -> !neura.data<i32, i1>\0A      %84 = \22neura.data_mov\22(%83) : (!neura.data<i32, i1>) -> !neura.data<i32, i1>\0A      %85 = \22neura.data_mov\22(%79) : (!neura.data<i32, i1>) -> !neura.data<i32, i1>\0A      %86 = \22neura.add\22(%84, %85) : (!neura.data<i32, i1>, !neura.data<i32, i1>) -> !neura.data<i32, i1>\0A      %87 = \22neura.data_mov\22(%86) : (!neura.data<i32, i1>) -> !neura.data<i32, i1>\0A      %88 = \22neura.data_mov\22(%56) : (!neura.data<index, i1>) -> !neura.data<index, i1>\0A      %89 = \22neura.data_mov\22(%65) : (!neura.data<index, i1>) -> !neura.data<index, i1>\0A      %90 = \22neura.data_mov\22(%59) : (!neura.data<index, i1>) -> !neura.data<index, i1>\0A      \22neura.store_indexed\22(%87, %88, %89, %90) <{operandSegmentSizes = array<i32: 1, 0, 3>}> {rhs_value = \22%input1\22} : (!neura.data<i32, i1>, !neura.data<index, i1>, !neura.data<index, i1>, !neura.data<index, i1>) -> ()\0A      \22neura.yield\22() <{operandSegmentSizes = array<i32: 0, 0>}> {yield_type = \22void\22} : () -> ()\0A    }) {dataflow_mode = \22predicate\22} : (i32, memref<?x256x16xi32>, memref<?x256x256xi32>, memref<?x256x16xi32>, index) -> ()\0A    \22taskflow.yield\22(%arg9, %arg11) <{operandSegmentSizes = array<i32: 1, 1, 0>}> : (memref<?x256x16xi32>, memref<?x256x16xi32>) -> ()\0A  }) {dlp_replicable = true, runtime_managable = true} : (memref<?x256x256xi32>, memref<?x256x16xi32>, memref<?x256x16xi32>, memref<?x256x16xi32>, index, i32, memref<?x256x256xi32>, memref<?x256x16xi32>, memref<?x256x16xi32>, memref<?x256x16xi32>) -> (memref<?x256x16xi32>, memref<?x256x16xi32>)\0A  \22func.return\22() : () -> ()\0A}) : () -> ()", dlp_replicable = true, runtime_managable = true} : (memref<?x256x256xi32>, memref<?x256x16xi32>, memref<?x256x16xi32>, memref<?x256x16xi32>, index, i32, memref<?x256x256xi32>, memref<?x256x16xi32>, memref<?x256x16xi32>, memref<?x256x16xi32>) -> (memref<?x256x16xi32>, memref<?x256x16xi32>)
    %28:2 = "taskflow.task"(%12, %24#2, %27#1, %27#1, %4, %3, %arg10, %arg13, %arg12, %arg12) <{operandSegmentSizes = array<i32: 3, 1, 2, 3, 1>, resultSegmentSizes = array<i32: 1, 1, 0>, task_name = "Task_23"}> ({
    ^bb0(%arg58: memref<?x256x256xi32>, %arg59: memref<?x256x16xi32>, %arg60: memref<?x256x16xi32>, %arg61: memref<?x256x16xi32>, %arg62: index, %arg63: i32):
      %279 = "arith.constant"() <{value = 16 : index}> : () -> index
      %280 = "arith.constant"() <{value = 0 : index}> : () -> index
      %281 = "arith.constant"() <{value = 1 : index}> : () -> index
      %282 = "taskflow.counter"(%280, %arg62, %281) <{counter_dynamism = "symbol_bound", counter_hierarchy = "root", counter_id = 0 : i32}> : (index, index, index) -> index
      %283 = "taskflow.counter"(%282, %280, %279, %281) <{counter_dynamism = "constant_bound", counter_hierarchy = "relay", counter_id = 1 : i32}> : (index, index, index, index) -> index
      %284 = "taskflow.counter"(%283, %280, %arg62, %281) <{counter_dynamism = "symbol_bound", counter_hierarchy = "leaf", counter_id = 2 : i32}> : (index, index, index, index) -> index
      "neura.kernel"(%arg63, %arg61, %arg58, %arg59, %arg62) <{accelerator = "neura", operandSegmentSizes = array<i32: 5, 0>}> ({
      ^bb0(%arg64: !neura.data<i32, i1>, %arg65: !neura.data<memref<?x256x16xi32>, i1>, %arg66: !neura.data<memref<?x256x256xi32>, i1>, %arg67: !neura.data<memref<?x256x16xi32>, i1>, %arg68: !neura.data<index, i1>):
        %285 = "neura.constant"() <{value = "%input1"}> : () -> !neura.data<memref<?x256x16xi32>, i1>
        %286 = "neura.constant"() <{value = 10 : index}> : () -> !neura.data<index, i1>
        %287 = "neura.constant"() <{value = 2 : index}> : () -> !neura.data<index, i1>
        %288 = "neura.constant"() <{value = 1 : index}> : () -> !neura.data<index, i1>
        %289 = "neura.counter"() <{counter_dynamism = "symbol_bound", counter_hierarchy = "root", counter_id = 0 : i32, operandSegmentSizes = array<i32: 0, 0, 0>}> {lower_bound_value = 0 : index, step_value = 1 : index, upper_bound_value = "%input4"} : () -> !neura.data<index, i1>
        %290 = "neura.counter"() <{counter_dynamism = "constant_bound", counter_hierarchy = "relay", counter_id = 1 : i32, operandSegmentSizes = array<i32: 0, 0, 0>}> {lower_bound_value = 0 : index, step_value = 1 : index, upper_bound_value = 16 : index} : () -> !neura.data<index, i1>
        %291 = "neura.counter"() <{counter_dynamism = "symbol_bound", counter_hierarchy = "leaf", counter_id = 2 : i32, operandSegmentSizes = array<i32: 0, 0, 0>}> {lower_bound_value = 0 : index, step_value = 1 : index, upper_bound_value = "%input4"} : () -> !neura.data<index, i1>
        %292 = "neura.data_mov"(%291) : (!neura.data<index, i1>) -> !neura.data<index, i1>
        %293 = "neura.icmp"(%292) <{cmpType = "eq"}> {rhs_value = 0 : index} : (!neura.data<index, i1>) -> !neura.data<i1, i1>
        %294 = "neura.data_mov"(%285) : (!neura.data<memref<?x256x16xi32>, i1>) -> !neura.data<memref<?x256x16xi32>, i1>
        %295 = "neura.data_mov"(%293) : (!neura.data<i1, i1>) -> !neura.data<i1, i1>
        %296 = "neura.grant_predicate"(%294, %295) : (!neura.data<memref<?x256x16xi32>, i1>, !neura.data<i1, i1>) -> !neura.data<memref<?x256x16xi32>, i1>
        %297 = "neura.data_mov"(%286) : (!neura.data<index, i1>) -> !neura.data<index, i1>
        %298 = "neura.data_mov"(%293) : (!neura.data<i1, i1>) -> !neura.data<i1, i1>
        %299 = "neura.grant_predicate"(%297, %298) : (!neura.data<index, i1>, !neura.data<i1, i1>) -> !neura.data<index, i1>
        %300 = "neura.data_mov"(%289) : (!neura.data<index, i1>) -> !neura.data<index, i1>
        %301 = "neura.data_mov"(%293) : (!neura.data<i1, i1>) -> !neura.data<i1, i1>
        %302 = "neura.grant_predicate"(%300, %301) : (!neura.data<index, i1>, !neura.data<i1, i1>) -> !neura.data<index, i1>
        %303 = "neura.data_mov"(%290) : (!neura.data<index, i1>) -> !neura.data<index, i1>
        %304 = "neura.data_mov"(%293) : (!neura.data<i1, i1>) -> !neura.data<i1, i1>
        %305 = "neura.grant_predicate"(%303, %304) : (!neura.data<index, i1>, !neura.data<i1, i1>) -> !neura.data<index, i1>
        %306 = "neura.data_mov"(%287) : (!neura.data<index, i1>) -> !neura.data<index, i1>
        %307 = "neura.data_mov"(%293) : (!neura.data<i1, i1>) -> !neura.data<i1, i1>
        %308 = "neura.grant_predicate"(%306, %307) : (!neura.data<index, i1>, !neura.data<i1, i1>) -> !neura.data<index, i1>
        %309 = "neura.data_mov"(%291) : (!neura.data<index, i1>) -> !neura.data<index, i1>
        %310 = "neura.data_mov"(%293) : (!neura.data<i1, i1>) -> !neura.data<i1, i1>
        %311 = "neura.grant_predicate"(%309, %310) : (!neura.data<index, i1>, !neura.data<i1, i1>) -> !neura.data<index, i1>
        %312 = "neura.data_mov"(%288) : (!neura.data<index, i1>) -> !neura.data<index, i1>
        %313 = "neura.data_mov"(%293) : (!neura.data<i1, i1>) -> !neura.data<i1, i1>
        %314 = "neura.grant_predicate"(%312, %313) : (!neura.data<index, i1>, !neura.data<i1, i1>) -> !neura.data<index, i1>
        %315 = "neura.data_mov"(%293) : (!neura.data<i1, i1>) -> !neura.data<i1, i1>
        %316 = "neura.not"(%315) : (!neura.data<i1, i1>) -> !neura.data<i1, i1>
        %317 = "neura.data_mov"(%287) : (!neura.data<index, i1>) -> !neura.data<index, i1>
        %318 = "neura.data_mov"(%316) : (!neura.data<i1, i1>) -> !neura.data<i1, i1>
        %319 = "neura.grant_predicate"(%317, %318) : (!neura.data<index, i1>, !neura.data<i1, i1>) -> !neura.data<index, i1>
        %320 = "neura.data_mov"(%289) : (!neura.data<index, i1>) -> !neura.data<index, i1>
        %321 = "neura.data_mov"(%316) : (!neura.data<i1, i1>) -> !neura.data<i1, i1>
        %322 = "neura.grant_predicate"(%320, %321) : (!neura.data<index, i1>, !neura.data<i1, i1>) -> !neura.data<index, i1>
        %323 = "neura.data_mov"(%291) : (!neura.data<index, i1>) -> !neura.data<index, i1>
        %324 = "neura.data_mov"(%316) : (!neura.data<i1, i1>) -> !neura.data<i1, i1>
        %325 = "neura.grant_predicate"(%323, %324) : (!neura.data<index, i1>, !neura.data<i1, i1>) -> !neura.data<index, i1>
        %326 = "neura.data_mov"(%288) : (!neura.data<index, i1>) -> !neura.data<index, i1>
        %327 = "neura.data_mov"(%316) : (!neura.data<i1, i1>) -> !neura.data<i1, i1>
        %328 = "neura.grant_predicate"(%326, %327) : (!neura.data<index, i1>, !neura.data<i1, i1>) -> !neura.data<index, i1>
        %329 = "neura.data_mov"(%290) : (!neura.data<index, i1>) -> !neura.data<index, i1>
        %330 = "neura.data_mov"(%316) : (!neura.data<i1, i1>) -> !neura.data<i1, i1>
        %331 = "neura.grant_predicate"(%329, %330) : (!neura.data<index, i1>, !neura.data<i1, i1>) -> !neura.data<index, i1>
        %332 = "neura.data_mov"(%286) : (!neura.data<index, i1>) -> !neura.data<index, i1>
        %333 = "neura.data_mov"(%316) : (!neura.data<i1, i1>) -> !neura.data<i1, i1>
        %334 = "neura.grant_predicate"(%332, %333) : (!neura.data<index, i1>, !neura.data<i1, i1>) -> !neura.data<index, i1>
        %335 = "neura.data_mov"(%296) : (!neura.data<memref<?x256x16xi32>, i1>) -> !neura.data<memref<?x256x16xi32>, i1>
        %336 = "neura.data_mov"(%299) : (!neura.data<index, i1>) -> !neura.data<index, i1>
        %337 = "neura.data_mov"(%302) : (!neura.data<index, i1>) -> !neura.data<index, i1>
        %338 = "neura.data_mov"(%305) : (!neura.data<index, i1>) -> !neura.data<index, i1>
        "neura.store_indexed"(%335, %336, %337, %338) <{operandSegmentSizes = array<i32: 0, 1, 3>}> {lhs_value = "%input0"} : (!neura.data<memref<?x256x16xi32>, i1>, !neura.data<index, i1>, !neura.data<index, i1>, !neura.data<index, i1>) -> ()
        %339 = "neura.data_mov"(%334) : (!neura.data<index, i1>) -> !neura.data<index, i1>
        %340 = "neura.data_mov"(%299) : (!neura.data<index, i1>) -> !neura.data<index, i1>
        %341 = "neura.phi"(%339, %340) : (!neura.data<index, i1>, !neura.data<index, i1>) -> !neura.data<index, i1>
        %342 = "neura.data_mov"(%331) : (!neura.data<index, i1>) -> !neura.data<index, i1>
        %343 = "neura.data_mov"(%305) : (!neura.data<index, i1>) -> !neura.data<index, i1>
        %344 = "neura.phi"(%342, %343) : (!neura.data<index, i1>, !neura.data<index, i1>) -> !neura.data<index, i1>
        %345 = "neura.data_mov"(%328) : (!neura.data<index, i1>) -> !neura.data<index, i1>
        %346 = "neura.data_mov"(%314) : (!neura.data<index, i1>) -> !neura.data<index, i1>
        %347 = "neura.phi"(%345, %346) : (!neura.data<index, i1>, !neura.data<index, i1>) -> !neura.data<index, i1>
        %348 = "neura.data_mov"(%325) : (!neura.data<index, i1>) -> !neura.data<index, i1>
        %349 = "neura.data_mov"(%311) : (!neura.data<index, i1>) -> !neura.data<index, i1>
        %350 = "neura.phi"(%348, %349) : (!neura.data<index, i1>, !neura.data<index, i1>) -> !neura.data<index, i1>
        %351 = "neura.data_mov"(%322) : (!neura.data<index, i1>) -> !neura.data<index, i1>
        %352 = "neura.data_mov"(%302) : (!neura.data<index, i1>) -> !neura.data<index, i1>
        %353 = "neura.phi"(%351, %352) : (!neura.data<index, i1>, !neura.data<index, i1>) -> !neura.data<index, i1>
        %354 = "neura.data_mov"(%319) : (!neura.data<index, i1>) -> !neura.data<index, i1>
        %355 = "neura.data_mov"(%308) : (!neura.data<index, i1>) -> !neura.data<index, i1>
        %356 = "neura.phi"(%354, %355) : (!neura.data<index, i1>, !neura.data<index, i1>) -> !neura.data<index, i1>
        %357 = "neura.data_mov"(%356) : (!neura.data<index, i1>) -> !neura.data<index, i1>
        %358 = "neura.data_mov"(%353) : (!neura.data<index, i1>) -> !neura.data<index, i1>
        %359 = "neura.data_mov"(%350) : (!neura.data<index, i1>) -> !neura.data<index, i1>
        %360 = "neura.load_indexed"(%357, %358, %359) <{operandSegmentSizes = array<i32: 0, 3>}> {lhs_value = "%input2"} : (!neura.data<index, i1>, !neura.data<index, i1>, !neura.data<index, i1>) -> !neura.data<i32, i1>
        %361 = "neura.data_mov"(%347) : (!neura.data<index, i1>) -> !neura.data<index, i1>
        %362 = "neura.data_mov"(%350) : (!neura.data<index, i1>) -> !neura.data<index, i1>
        %363 = "neura.data_mov"(%344) : (!neura.data<index, i1>) -> !neura.data<index, i1>
        %364 = "neura.load_indexed"(%361, %362, %363) <{operandSegmentSizes = array<i32: 0, 3>}> {lhs_value = "%input3"} : (!neura.data<index, i1>, !neura.data<index, i1>, !neura.data<index, i1>) -> !neura.data<i32, i1>
        %365 = "neura.data_mov"(%360) : (!neura.data<i32, i1>) -> !neura.data<i32, i1>
        %366 = "neura.data_mov"(%364) : (!neura.data<i32, i1>) -> !neura.data<i32, i1>
        %367 = "neura.mul"(%365, %366) : (!neura.data<i32, i1>, !neura.data<i32, i1>) -> !neura.data<i32, i1>
        %368 = "neura.data_mov"(%341) : (!neura.data<index, i1>) -> !neura.data<index, i1>
        %369 = "neura.data_mov"(%353) : (!neura.data<index, i1>) -> !neura.data<index, i1>
        %370 = "neura.data_mov"(%344) : (!neura.data<index, i1>) -> !neura.data<index, i1>
        %371 = "neura.load_indexed"(%368, %369, %370) <{operandSegmentSizes = array<i32: 0, 3>}> {lhs_value = "%input1"} : (!neura.data<index, i1>, !neura.data<index, i1>, !neura.data<index, i1>) -> !neura.data<i32, i1>
        %372 = "neura.data_mov"(%371) : (!neura.data<i32, i1>) -> !neura.data<i32, i1>
        %373 = "neura.data_mov"(%367) : (!neura.data<i32, i1>) -> !neura.data<i32, i1>
        %374 = "neura.add"(%372, %373) : (!neura.data<i32, i1>, !neura.data<i32, i1>) -> !neura.data<i32, i1>
        %375 = "neura.data_mov"(%374) : (!neura.data<i32, i1>) -> !neura.data<i32, i1>
        %376 = "neura.data_mov"(%341) : (!neura.data<index, i1>) -> !neura.data<index, i1>
        %377 = "neura.data_mov"(%353) : (!neura.data<index, i1>) -> !neura.data<index, i1>
        %378 = "neura.data_mov"(%344) : (!neura.data<index, i1>) -> !neura.data<index, i1>
        "neura.store_indexed"(%375, %376, %377, %378) <{operandSegmentSizes = array<i32: 1, 0, 3>}> {rhs_value = "%input1"} : (!neura.data<i32, i1>, !neura.data<index, i1>, !neura.data<index, i1>, !neura.data<index, i1>) -> ()
        "neura.yield"() <{operandSegmentSizes = array<i32: 0, 0>}> {yield_type = "void"} : () -> ()
      }) {dataflow_mode = "predicate"} : (i32, memref<?x256x16xi32>, memref<?x256x256xi32>, memref<?x256x16xi32>, index) -> ()
      "taskflow.yield"(%arg59, %arg61) <{operandSegmentSizes = array<i32: 1, 1, 0>}> : (memref<?x256x16xi32>, memref<?x256x16xi32>) -> ()
    }) {amoeba.source_iteration_control_binding = "amoeba-source-iteration-domain-v1\0Adomain_witness_bytes=231:amoeba-source-iteration-domain-v1\0Acomplete=1\0Arepresented_multiplicity=400\0Ainternal_multiplicity=1\0Asource_multiplicity=400\0Aaxis_count=3\0Aaxis=T,0,0,5,1,5,0,-1,0,0\0Aaxis=T,1,0,16,1,16,0,-1,0,0\0Aaxis=T,2,0,5,1,5,0,-1,0,0\0Areason_bytes=0:\0A\0A\22func.func\22() <{function_type = (memref<?x256x256xi32>, memref<?x256x16xi32>, memref<?x256x16xi32>, index, i32, memref<?x256x256xi32>, memref<?x256x16xi32>, memref<?x256x16xi32>) -> (), sym_name = \22__source_domain_binding__\22}> ({\0A^bb0(%arg0: memref<?x256x256xi32>, %arg1: memref<?x256x16xi32>, %arg2: memref<?x256x16xi32>, %arg3: index, %arg4: i32, %arg5: memref<?x256x256xi32>, %arg6: memref<?x256x16xi32>, %arg7: memref<?x256x16xi32>):\0A  %0:2 = \22taskflow.task\22(%arg0, %arg1, %arg2, %arg2, %arg3, %arg4, %arg5, %arg6, %arg7, %arg7) <{operandSegmentSizes = array<i32: 3, 1, 2, 3, 1>, resultSegmentSizes = array<i32: 1, 1, 0>, task_name = \22Task_23\22}> ({\0A  ^bb0(%arg8: memref<?x256x256xi32>, %arg9: memref<?x256x16xi32>, %arg10: memref<?x256x16xi32>, %arg11: memref<?x256x16xi32>, %arg12: index, %arg13: i32):\0A    %1 = \22arith.constant\22() <{value = 16 : index}> : () -> index\0A    %2 = \22arith.constant\22() <{value = 0 : index}> : () -> index\0A    %3 = \22arith.constant\22() <{value = 1 : index}> : () -> index\0A    %4 = \22taskflow.counter\22(%2, %arg12, %3) <{counter_dynamism = \22symbol_bound\22, counter_hierarchy = \22root\22, counter_id = 0 : i32}> : (index, index, index) -> index\0A    %5 = \22taskflow.counter\22(%4, %2, %1, %3) <{counter_dynamism = \22constant_bound\22, counter_hierarchy = \22relay\22, counter_id = 1 : i32}> : (index, index, index, index) -> index\0A    %6 = \22taskflow.counter\22(%5, %2, %arg12, %3) <{counter_dynamism = \22symbol_bound\22, counter_hierarchy = \22leaf\22, counter_id = 2 : i32}> : (index, index, index, index) -> index\0A    \22neura.kernel\22(%arg13, %arg11, %arg8, %arg9, %arg12) <{accelerator = \22neura\22, operandSegmentSizes = array<i32: 5, 0>}> ({\0A    ^bb0(%arg14: !neura.data<i32, i1>, %arg15: !neura.data<memref<?x256x16xi32>, i1>, %arg16: !neura.data<memref<?x256x256xi32>, i1>, %arg17: !neura.data<memref<?x256x16xi32>, i1>, %arg18: !neura.data<index, i1>):\0A      %7 = \22neura.constant\22() <{value = \22%input1\22}> : () -> !neura.data<memref<?x256x16xi32>, i1>\0A      %8 = \22neura.constant\22() <{value = 10 : index}> : () -> !neura.data<index, i1>\0A      %9 = \22neura.constant\22() <{value = 2 : index}> : () -> !neura.data<index, i1>\0A      %10 = \22neura.constant\22() <{value = 1 : index}> : () -> !neura.data<index, i1>\0A      %11 = \22neura.counter\22() <{counter_dynamism = \22symbol_bound\22, counter_hierarchy = \22root\22, counter_id = 0 : i32, operandSegmentSizes = array<i32: 0, 0, 0>}> {lower_bound_value = 0 : index, step_value = 1 : index, upper_bound_value = \22%input4\22} : () -> !neura.data<index, i1>\0A      %12 = \22neura.counter\22() <{counter_dynamism = \22constant_bound\22, counter_hierarchy = \22relay\22, counter_id = 1 : i32, operandSegmentSizes = array<i32: 0, 0, 0>}> {lower_bound_value = 0 : index, step_value = 1 : index, upper_bound_value = 16 : index} : () -> !neura.data<index, i1>\0A      %13 = \22neura.counter\22() <{counter_dynamism = \22symbol_bound\22, counter_hierarchy = \22leaf\22, counter_id = 2 : i32, operandSegmentSizes = array<i32: 0, 0, 0>}> {lower_bound_value = 0 : index, step_value = 1 : index, upper_bound_value = \22%input4\22} : () -> !neura.data<index, i1>\0A      %14 = \22neura.data_mov\22(%13) : (!neura.data<index, i1>) -> !neura.data<index, i1>\0A      %15 = \22neura.icmp\22(%14) <{cmpType = \22eq\22}> {rhs_value = 0 : index} : (!neura.data<index, i1>) -> !neura.data<i1, i1>\0A      %16 = \22neura.data_mov\22(%7) : (!neura.data<memref<?x256x16xi32>, i1>) -> !neura.data<memref<?x256x16xi32>, i1>\0A      %17 = \22neura.data_mov\22(%15) : (!neura.data<i1, i1>) -> !neura.data<i1, i1>\0A      %18 = \22neura.grant_predicate\22(%16, %17) : (!neura.data<memref<?x256x16xi32>, i1>, !neura.data<i1, i1>) -> !neura.data<memref<?x256x16xi32>, i1>\0A      %19 = \22neura.data_mov\22(%8) : (!neura.data<index, i1>) -> !neura.data<index, i1>\0A      %20 = \22neura.data_mov\22(%15) : (!neura.data<i1, i1>) -> !neura.data<i1, i1>\0A      %21 = \22neura.grant_predicate\22(%19, %20) : (!neura.data<index, i1>, !neura.data<i1, i1>) -> !neura.data<index, i1>\0A      %22 = \22neura.data_mov\22(%11) : (!neura.data<index, i1>) -> !neura.data<index, i1>\0A      %23 = \22neura.data_mov\22(%15) : (!neura.data<i1, i1>) -> !neura.data<i1, i1>\0A      %24 = \22neura.grant_predicate\22(%22, %23) : (!neura.data<index, i1>, !neura.data<i1, i1>) -> !neura.data<index, i1>\0A      %25 = \22neura.data_mov\22(%12) : (!neura.data<index, i1>) -> !neura.data<index, i1>\0A      %26 = \22neura.data_mov\22(%15) : (!neura.data<i1, i1>) -> !neura.data<i1, i1>\0A      %27 = \22neura.grant_predicate\22(%25, %26) : (!neura.data<index, i1>, !neura.data<i1, i1>) -> !neura.data<index, i1>\0A      %28 = \22neura.data_mov\22(%9) : (!neura.data<index, i1>) -> !neura.data<index, i1>\0A      %29 = \22neura.data_mov\22(%15) : (!neura.data<i1, i1>) -> !neura.data<i1, i1>\0A      %30 = \22neura.grant_predicate\22(%28, %29) : (!neura.data<index, i1>, !neura.data<i1, i1>) -> !neura.data<index, i1>\0A      %31 = \22neura.data_mov\22(%13) : (!neura.data<index, i1>) -> !neura.data<index, i1>\0A      %32 = \22neura.data_mov\22(%15) : (!neura.data<i1, i1>) -> !neura.data<i1, i1>\0A      %33 = \22neura.grant_predicate\22(%31, %32) : (!neura.data<index, i1>, !neura.data<i1, i1>) -> !neura.data<index, i1>\0A      %34 = \22neura.data_mov\22(%10) : (!neura.data<index, i1>) -> !neura.data<index, i1>\0A      %35 = \22neura.data_mov\22(%15) : (!neura.data<i1, i1>) -> !neura.data<i1, i1>\0A      %36 = \22neura.grant_predicate\22(%34, %35) : (!neura.data<index, i1>, !neura.data<i1, i1>) -> !neura.data<index, i1>\0A      %37 = \22neura.data_mov\22(%15) : (!neura.data<i1, i1>) -> !neura.data<i1, i1>\0A      %38 = \22neura.not\22(%37) : (!neura.data<i1, i1>) -> !neura.data<i1, i1>\0A      %39 = \22neura.data_mov\22(%9) : (!neura.data<index, i1>) -> !neura.data<index, i1>\0A      %40 = \22neura.data_mov\22(%38) : (!neura.data<i1, i1>) -> !neura.data<i1, i1>\0A      %41 = \22neura.grant_predicate\22(%39, %40) : (!neura.data<index, i1>, !neura.data<i1, i1>) -> !neura.data<index, i1>\0A      %42 = \22neura.data_mov\22(%11) : (!neura.data<index, i1>) -> !neura.data<index, i1>\0A      %43 = \22neura.data_mov\22(%38) : (!neura.data<i1, i1>) -> !neura.data<i1, i1>\0A      %44 = \22neura.grant_predicate\22(%42, %43) : (!neura.data<index, i1>, !neura.data<i1, i1>) -> !neura.data<index, i1>\0A      %45 = \22neura.data_mov\22(%13) : (!neura.data<index, i1>) -> !neura.data<index, i1>\0A      %46 = \22neura.data_mov\22(%38) : (!neura.data<i1, i1>) -> !neura.data<i1, i1>\0A      %47 = \22neura.grant_predicate\22(%45, %46) : (!neura.data<index, i1>, !neura.data<i1, i1>) -> !neura.data<index, i1>\0A      %48 = \22neura.data_mov\22(%10) : (!neura.data<index, i1>) -> !neura.data<index, i1>\0A      %49 = \22neura.data_mov\22(%38) : (!neura.data<i1, i1>) -> !neura.data<i1, i1>\0A      %50 = \22neura.grant_predicate\22(%48, %49) : (!neura.data<index, i1>, !neura.data<i1, i1>) -> !neura.data<index, i1>\0A      %51 = \22neura.data_mov\22(%12) : (!neura.data<index, i1>) -> !neura.data<index, i1>\0A      %52 = \22neura.data_mov\22(%38) : (!neura.data<i1, i1>) -> !neura.data<i1, i1>\0A      %53 = \22neura.grant_predicate\22(%51, %52) : (!neura.data<index, i1>, !neura.data<i1, i1>) -> !neura.data<index, i1>\0A      %54 = \22neura.data_mov\22(%8) : (!neura.data<index, i1>) -> !neura.data<index, i1>\0A      %55 = \22neura.data_mov\22(%38) : (!neura.data<i1, i1>) -> !neura.data<i1, i1>\0A      %56 = \22neura.grant_predicate\22(%54, %55) : (!neura.data<index, i1>, !neura.data<i1, i1>) -> !neura.data<index, i1>\0A      %57 = \22neura.data_mov\22(%18) : (!neura.data<memref<?x256x16xi32>, i1>) -> !neura.data<memref<?x256x16xi32>, i1>\0A      %58 = \22neura.data_mov\22(%21) : (!neura.data<index, i1>) -> !neura.data<index, i1>\0A      %59 = \22neura.data_mov\22(%24) : (!neura.data<index, i1>) -> !neura.data<index, i1>\0A      %60 = \22neura.data_mov\22(%27) : (!neura.data<index, i1>) -> !neura.data<index, i1>\0A      \22neura.store_indexed\22(%57, %58, %59, %60) <{operandSegmentSizes = array<i32: 0, 1, 3>}> {lhs_value = \22%input0\22} : (!neura.data<memref<?x256x16xi32>, i1>, !neura.data<index, i1>, !neura.data<index, i1>, !neura.data<index, i1>) -> ()\0A      %61 = \22neura.data_mov\22(%56) : (!neura.data<index, i1>) -> !neura.data<index, i1>\0A      %62 = \22neura.data_mov\22(%21) : (!neura.data<index, i1>) -> !neura.data<index, i1>\0A      %63 = \22neura.phi\22(%61, %62) : (!neura.data<index, i1>, !neura.data<index, i1>) -> !neura.data<index, i1>\0A      %64 = \22neura.data_mov\22(%53) : (!neura.data<index, i1>) -> !neura.data<index, i1>\0A      %65 = \22neura.data_mov\22(%27) : (!neura.data<index, i1>) -> !neura.data<index, i1>\0A      %66 = \22neura.phi\22(%64, %65) : (!neura.data<index, i1>, !neura.data<index, i1>) -> !neura.data<index, i1>\0A      %67 = \22neura.data_mov\22(%50) : (!neura.data<index, i1>) -> !neura.data<index, i1>\0A      %68 = \22neura.data_mov\22(%36) : (!neura.data<index, i1>) -> !neura.data<index, i1>\0A      %69 = \22neura.phi\22(%67, %68) : (!neura.data<index, i1>, !neura.data<index, i1>) -> !neura.data<index, i1>\0A      %70 = \22neura.data_mov\22(%47) : (!neura.data<index, i1>) -> !neura.data<index, i1>\0A      %71 = \22neura.data_mov\22(%33) : (!neura.data<index, i1>) -> !neura.data<index, i1>\0A      %72 = \22neura.phi\22(%70, %71) : (!neura.data<index, i1>, !neura.data<index, i1>) -> !neura.data<index, i1>\0A      %73 = \22neura.data_mov\22(%44) : (!neura.data<index, i1>) -> !neura.data<index, i1>\0A      %74 = \22neura.data_mov\22(%24) : (!neura.data<index, i1>) -> !neura.data<index, i1>\0A      %75 = \22neura.phi\22(%73, %74) : (!neura.data<index, i1>, !neura.data<index, i1>) -> !neura.data<index, i1>\0A      %76 = \22neura.data_mov\22(%41) : (!neura.data<index, i1>) -> !neura.data<index, i1>\0A      %77 = \22neura.data_mov\22(%30) : (!neura.data<index, i1>) -> !neura.data<index, i1>\0A      %78 = \22neura.phi\22(%76, %77) : (!neura.data<index, i1>, !neura.data<index, i1>) -> !neura.data<index, i1>\0A      %79 = \22neura.data_mov\22(%78) : (!neura.data<index, i1>) -> !neura.data<index, i1>\0A      %80 = \22neura.data_mov\22(%75) : (!neura.data<index, i1>) -> !neura.data<index, i1>\0A      %81 = \22neura.data_mov\22(%72) : (!neura.data<index, i1>) -> !neura.data<index, i1>\0A      %82 = \22neura.load_indexed\22(%79, %80, %81) <{operandSegmentSizes = array<i32: 0, 3>}> {lhs_value = \22%input2\22} : (!neura.data<index, i1>, !neura.data<index, i1>, !neura.data<index, i1>) -> !neura.data<i32, i1>\0A      %83 = \22neura.data_mov\22(%69) : (!neura.data<index, i1>) -> !neura.data<index, i1>\0A      %84 = \22neura.data_mov\22(%72) : (!neura.data<index, i1>) -> !neura.data<index, i1>\0A      %85 = \22neura.data_mov\22(%66) : (!neura.data<index, i1>) -> !neura.data<index, i1>\0A      %86 = \22neura.load_indexed\22(%83, %84, %85) <{operandSegmentSizes = array<i32: 0, 3>}> {lhs_value = \22%input3\22} : (!neura.data<index, i1>, !neura.data<index, i1>, !neura.data<index, i1>) -> !neura.data<i32, i1>\0A      %87 = \22neura.data_mov\22(%82) : (!neura.data<i32, i1>) -> !neura.data<i32, i1>\0A      %88 = \22neura.data_mov\22(%86) : (!neura.data<i32, i1>) -> !neura.data<i32, i1>\0A      %89 = \22neura.mul\22(%87, %88) : (!neura.data<i32, i1>, !neura.data<i32, i1>) -> !neura.data<i32, i1>\0A      %90 = \22neura.data_mov\22(%63) : (!neura.data<index, i1>) -> !neura.data<index, i1>\0A      %91 = \22neura.data_mov\22(%75) : (!neura.data<index, i1>) -> !neura.data<index, i1>\0A      %92 = \22neura.data_mov\22(%66) : (!neura.data<index, i1>) -> !neura.data<index, i1>\0A      %93 = \22neura.load_indexed\22(%90, %91, %92) <{operandSegmentSizes = array<i32: 0, 3>}> {lhs_value = \22%input1\22} : (!neura.data<index, i1>, !neura.data<index, i1>, !neura.data<index, i1>) -> !neura.data<i32, i1>\0A      %94 = \22neura.data_mov\22(%93) : (!neura.data<i32, i1>) -> !neura.data<i32, i1>\0A      %95 = \22neura.data_mov\22(%89) : (!neura.data<i32, i1>) -> !neura.data<i32, i1>\0A      %96 = \22neura.add\22(%94, %95) : (!neura.data<i32, i1>, !neura.data<i32, i1>) -> !neura.data<i32, i1>\0A      %97 = \22neura.data_mov\22(%96) : (!neura.data<i32, i1>) -> !neura.data<i32, i1>\0A      %98 = \22neura.data_mov\22(%63) : (!neura.data<index, i1>) -> !neura.data<index, i1>\0A      %99 = \22neura.data_mov\22(%75) : (!neura.data<index, i1>) -> !neura.data<index, i1>\0A      %100 = \22neura.data_mov\22(%66) : (!neura.data<index, i1>) -> !neura.data<index, i1>\0A      \22neura.store_indexed\22(%97, %98, %99, %100) <{operandSegmentSizes = array<i32: 1, 0, 3>}> {rhs_value = \22%input1\22} : (!neura.data<i32, i1>, !neura.data<index, i1>, !neura.data<index, i1>, !neura.data<index, i1>) -> ()\0A      \22neura.yield\22() <{operandSegmentSizes = array<i32: 0, 0>}> {yield_type = \22void\22} : () -> ()\0A    }) {dataflow_mode = \22predicate\22} : (i32, memref<?x256x16xi32>, memref<?x256x256xi32>, memref<?x256x16xi32>, index) -> ()\0A    \22taskflow.yield\22(%arg9, %arg11) <{operandSegmentSizes = array<i32: 1, 1, 0>}> : (memref<?x256x16xi32>, memref<?x256x16xi32>) -> ()\0A  }) {dlp_replicable = true, runtime_managable = true} : (memref<?x256x256xi32>, memref<?x256x16xi32>, memref<?x256x16xi32>, memref<?x256x16xi32>, index, i32, memref<?x256x256xi32>, memref<?x256x16xi32>, memref<?x256x16xi32>, memref<?x256x16xi32>) -> (memref<?x256x16xi32>, memref<?x256x16xi32>)\0A  \22func.return\22() : () -> ()\0A}) : () -> ()", amoeba.source_iteration_domain = {axes = [{carried_values = 0 : i64, expanded_inside_mapper_firing = false, extent = 5 : i64, kind = "taskflow-counter", lower = 0 : i64, ordinal = 0 : i64, parent_counter_ordinal = -1 : i64, result_uses = 0 : i64, step = 1 : i64, upper = 5 : i64}, {carried_values = 0 : i64, expanded_inside_mapper_firing = false, extent = 16 : i64, kind = "taskflow-counter", lower = 0 : i64, ordinal = 1 : i64, parent_counter_ordinal = -1 : i64, result_uses = 0 : i64, step = 1 : i64, upper = 16 : i64}, {carried_values = 0 : i64, expanded_inside_mapper_firing = false, extent = 5 : i64, kind = "taskflow-counter", lower = 0 : i64, ordinal = 2 : i64, parent_counter_ordinal = -1 : i64, result_uses = 0 : i64, step = 1 : i64, upper = 5 : i64}], canonical_witness = "amoeba-source-iteration-domain-v1\0Acomplete=1\0Arepresented_multiplicity=400\0Ainternal_multiplicity=1\0Asource_multiplicity=400\0Aaxis_count=3\0Aaxis=T,0,0,5,1,5,0,-1,0,0\0Aaxis=T,1,0,16,1,16,0,-1,0,0\0Aaxis=T,2,0,5,1,5,0,-1,0,0\0Areason_bytes=0:\0A", complete = true, internal_multiplicity = 1 : i64, represented_multiplicity = 400 : i64, schema = "amoeba-source-iteration-domain-v1", source_multiplicity = 400 : i64}, amoeba.source_iteration_source_control_binding = "amoeba-source-iteration-domain-v1\0Adomain_witness_bytes=231:amoeba-source-iteration-domain-v1\0Acomplete=1\0Arepresented_multiplicity=400\0Ainternal_multiplicity=1\0Asource_multiplicity=400\0Aaxis_count=3\0Aaxis=T,0,0,5,1,5,0,-1,0,0\0Aaxis=T,1,0,16,1,16,0,-1,0,0\0Aaxis=T,2,0,5,1,5,0,-1,0,0\0Areason_bytes=0:\0A\0A\22func.func\22() <{function_type = (memref<?x256x256xi32>, memref<?x256x16xi32>, memref<?x256x16xi32>, index, i32, memref<?x256x256xi32>, memref<?x256x16xi32>, memref<?x256x16xi32>) -> (), sym_name = \22__source_domain_binding__\22}> ({\0A^bb0(%arg0: memref<?x256x256xi32>, %arg1: memref<?x256x16xi32>, %arg2: memref<?x256x16xi32>, %arg3: index, %arg4: i32, %arg5: memref<?x256x256xi32>, %arg6: memref<?x256x16xi32>, %arg7: memref<?x256x16xi32>):\0A  %0:2 = \22taskflow.task\22(%arg0, %arg1, %arg2, %arg2, %arg3, %arg4, %arg5, %arg6, %arg7, %arg7) <{operandSegmentSizes = array<i32: 3, 1, 2, 3, 1>, resultSegmentSizes = array<i32: 1, 1, 0>, task_name = \22Task_23\22}> ({\0A  ^bb0(%arg8: memref<?x256x256xi32>, %arg9: memref<?x256x16xi32>, %arg10: memref<?x256x16xi32>, %arg11: memref<?x256x16xi32>, %arg12: index, %arg13: i32):\0A    %1 = \22arith.constant\22() <{value = 16 : index}> : () -> index\0A    %2 = \22arith.constant\22() <{value = 0 : index}> : () -> index\0A    %3 = \22arith.constant\22() <{value = 1 : index}> : () -> index\0A    %4 = \22taskflow.counter\22(%2, %arg12, %3) <{counter_dynamism = \22symbol_bound\22, counter_hierarchy = \22root\22, counter_id = 0 : i32}> : (index, index, index) -> index\0A    %5 = \22taskflow.counter\22(%4, %2, %1, %3) <{counter_dynamism = \22constant_bound\22, counter_hierarchy = \22relay\22, counter_id = 1 : i32}> : (index, index, index, index) -> index\0A    %6 = \22taskflow.counter\22(%5, %2, %arg12, %3) <{counter_dynamism = \22symbol_bound\22, counter_hierarchy = \22leaf\22, counter_id = 2 : i32}> : (index, index, index, index) -> index\0A    \22neura.kernel\22(%arg13, %arg11, %arg8, %arg9, %arg12) <{accelerator = \22neura\22, operandSegmentSizes = array<i32: 5, 0>}> ({\0A    ^bb0(%arg14: !neura.data<i32, i1>, %arg15: !neura.data<memref<?x256x16xi32>, i1>, %arg16: !neura.data<memref<?x256x256xi32>, i1>, %arg17: !neura.data<memref<?x256x16xi32>, i1>, %arg18: !neura.data<index, i1>):\0A      %7 = \22neura.constant\22() <{value = \22%input1\22}> : () -> !neura.data<memref<?x256x16xi32>, i1>\0A      %8 = \22neura.constant\22() <{value = 10 : index}> : () -> !neura.data<index, i1>\0A      %9 = \22neura.constant\22() <{value = 2 : index}> : () -> !neura.data<index, i1>\0A      %10 = \22neura.constant\22() <{value = 1 : index}> : () -> !neura.data<index, i1>\0A      %11 = \22neura.counter\22() <{counter_dynamism = \22symbol_bound\22, counter_hierarchy = \22root\22, counter_id = 0 : i32, operandSegmentSizes = array<i32: 0, 0, 0>}> {lower_bound_value = 0 : index, step_value = 1 : index, upper_bound_value = \22%input4\22} : () -> !neura.data<index, i1>\0A      %12 = \22neura.counter\22() <{counter_dynamism = \22constant_bound\22, counter_hierarchy = \22relay\22, counter_id = 1 : i32, operandSegmentSizes = array<i32: 0, 0, 0>}> {lower_bound_value = 0 : index, step_value = 1 : index, upper_bound_value = 16 : index} : () -> !neura.data<index, i1>\0A      %13 = \22neura.counter\22() <{counter_dynamism = \22symbol_bound\22, counter_hierarchy = \22leaf\22, counter_id = 2 : i32, operandSegmentSizes = array<i32: 0, 0, 0>}> {lower_bound_value = 0 : index, step_value = 1 : index, upper_bound_value = \22%input4\22} : () -> !neura.data<index, i1>\0A      %14 = \22neura.data_mov\22(%13) : (!neura.data<index, i1>) -> !neura.data<index, i1>\0A      %15 = \22neura.icmp\22(%14) <{cmpType = \22eq\22}> {rhs_value = 0 : index} : (!neura.data<index, i1>) -> !neura.data<i1, i1>\0A      %16 = \22neura.data_mov\22(%7) : (!neura.data<memref<?x256x16xi32>, i1>) -> !neura.data<memref<?x256x16xi32>, i1>\0A      %17 = \22neura.data_mov\22(%15) : (!neura.data<i1, i1>) -> !neura.data<i1, i1>\0A      %18 = \22neura.grant_predicate\22(%16, %17) : (!neura.data<memref<?x256x16xi32>, i1>, !neura.data<i1, i1>) -> !neura.data<memref<?x256x16xi32>, i1>\0A      %19 = \22neura.data_mov\22(%8) : (!neura.data<index, i1>) -> !neura.data<index, i1>\0A      %20 = \22neura.data_mov\22(%15) : (!neura.data<i1, i1>) -> !neura.data<i1, i1>\0A      %21 = \22neura.grant_predicate\22(%19, %20) : (!neura.data<index, i1>, !neura.data<i1, i1>) -> !neura.data<index, i1>\0A      %22 = \22neura.data_mov\22(%11) : (!neura.data<index, i1>) -> !neura.data<index, i1>\0A      %23 = \22neura.data_mov\22(%15) : (!neura.data<i1, i1>) -> !neura.data<i1, i1>\0A      %24 = \22neura.grant_predicate\22(%22, %23) : (!neura.data<index, i1>, !neura.data<i1, i1>) -> !neura.data<index, i1>\0A      %25 = \22neura.data_mov\22(%12) : (!neura.data<index, i1>) -> !neura.data<index, i1>\0A      %26 = \22neura.data_mov\22(%15) : (!neura.data<i1, i1>) -> !neura.data<i1, i1>\0A      %27 = \22neura.grant_predicate\22(%25, %26) : (!neura.data<index, i1>, !neura.data<i1, i1>) -> !neura.data<index, i1>\0A      %28 = \22neura.data_mov\22(%9) : (!neura.data<index, i1>) -> !neura.data<index, i1>\0A      %29 = \22neura.data_mov\22(%15) : (!neura.data<i1, i1>) -> !neura.data<i1, i1>\0A      %30 = \22neura.grant_predicate\22(%28, %29) : (!neura.data<index, i1>, !neura.data<i1, i1>) -> !neura.data<index, i1>\0A      %31 = \22neura.data_mov\22(%13) : (!neura.data<index, i1>) -> !neura.data<index, i1>\0A      %32 = \22neura.data_mov\22(%15) : (!neura.data<i1, i1>) -> !neura.data<i1, i1>\0A      %33 = \22neura.grant_predicate\22(%31, %32) : (!neura.data<index, i1>, !neura.data<i1, i1>) -> !neura.data<index, i1>\0A      %34 = \22neura.data_mov\22(%10) : (!neura.data<index, i1>) -> !neura.data<index, i1>\0A      %35 = \22neura.data_mov\22(%15) : (!neura.data<i1, i1>) -> !neura.data<i1, i1>\0A      %36 = \22neura.grant_predicate\22(%34, %35) : (!neura.data<index, i1>, !neura.data<i1, i1>) -> !neura.data<index, i1>\0A      %37 = \22neura.data_mov\22(%15) : (!neura.data<i1, i1>) -> !neura.data<i1, i1>\0A      %38 = \22neura.not\22(%37) : (!neura.data<i1, i1>) -> !neura.data<i1, i1>\0A      %39 = \22neura.data_mov\22(%9) : (!neura.data<index, i1>) -> !neura.data<index, i1>\0A      %40 = \22neura.data_mov\22(%38) : (!neura.data<i1, i1>) -> !neura.data<i1, i1>\0A      %41 = \22neura.grant_predicate\22(%39, %40) : (!neura.data<index, i1>, !neura.data<i1, i1>) -> !neura.data<index, i1>\0A      %42 = \22neura.data_mov\22(%11) : (!neura.data<index, i1>) -> !neura.data<index, i1>\0A      %43 = \22neura.data_mov\22(%38) : (!neura.data<i1, i1>) -> !neura.data<i1, i1>\0A      %44 = \22neura.grant_predicate\22(%42, %43) : (!neura.data<index, i1>, !neura.data<i1, i1>) -> !neura.data<index, i1>\0A      %45 = \22neura.data_mov\22(%13) : (!neura.data<index, i1>) -> !neura.data<index, i1>\0A      %46 = \22neura.data_mov\22(%38) : (!neura.data<i1, i1>) -> !neura.data<i1, i1>\0A      %47 = \22neura.grant_predicate\22(%45, %46) : (!neura.data<index, i1>, !neura.data<i1, i1>) -> !neura.data<index, i1>\0A      %48 = \22neura.data_mov\22(%10) : (!neura.data<index, i1>) -> !neura.data<index, i1>\0A      %49 = \22neura.data_mov\22(%38) : (!neura.data<i1, i1>) -> !neura.data<i1, i1>\0A      %50 = \22neura.grant_predicate\22(%48, %49) : (!neura.data<index, i1>, !neura.data<i1, i1>) -> !neura.data<index, i1>\0A      %51 = \22neura.data_mov\22(%12) : (!neura.data<index, i1>) -> !neura.data<index, i1>\0A      %52 = \22neura.data_mov\22(%38) : (!neura.data<i1, i1>) -> !neura.data<i1, i1>\0A      %53 = \22neura.grant_predicate\22(%51, %52) : (!neura.data<index, i1>, !neura.data<i1, i1>) -> !neura.data<index, i1>\0A      %54 = \22neura.data_mov\22(%8) : (!neura.data<index, i1>) -> !neura.data<index, i1>\0A      %55 = \22neura.data_mov\22(%38) : (!neura.data<i1, i1>) -> !neura.data<i1, i1>\0A      %56 = \22neura.grant_predicate\22(%54, %55) : (!neura.data<index, i1>, !neura.data<i1, i1>) -> !neura.data<index, i1>\0A      %57 = \22neura.data_mov\22(%18) : (!neura.data<memref<?x256x16xi32>, i1>) -> !neura.data<memref<?x256x16xi32>, i1>\0A      %58 = \22neura.data_mov\22(%21) : (!neura.data<index, i1>) -> !neura.data<index, i1>\0A      %59 = \22neura.data_mov\22(%24) : (!neura.data<index, i1>) -> !neura.data<index, i1>\0A      %60 = \22neura.data_mov\22(%27) : (!neura.data<index, i1>) -> !neura.data<index, i1>\0A      \22neura.store_indexed\22(%57, %58, %59, %60) <{operandSegmentSizes = array<i32: 0, 1, 3>}> {lhs_value = \22%input0\22} : (!neura.data<memref<?x256x16xi32>, i1>, !neura.data<index, i1>, !neura.data<index, i1>, !neura.data<index, i1>) -> ()\0A      %61 = \22neura.data_mov\22(%56) : (!neura.data<index, i1>) -> !neura.data<index, i1>\0A      %62 = \22neura.data_mov\22(%21) : (!neura.data<index, i1>) -> !neura.data<index, i1>\0A      %63 = \22neura.phi\22(%61, %62) : (!neura.data<index, i1>, !neura.data<index, i1>) -> !neura.data<index, i1>\0A      %64 = \22neura.data_mov\22(%53) : (!neura.data<index, i1>) -> !neura.data<index, i1>\0A      %65 = \22neura.data_mov\22(%27) : (!neura.data<index, i1>) -> !neura.data<index, i1>\0A      %66 = \22neura.phi\22(%64, %65) : (!neura.data<index, i1>, !neura.data<index, i1>) -> !neura.data<index, i1>\0A      %67 = \22neura.data_mov\22(%50) : (!neura.data<index, i1>) -> !neura.data<index, i1>\0A      %68 = \22neura.data_mov\22(%36) : (!neura.data<index, i1>) -> !neura.data<index, i1>\0A      %69 = \22neura.phi\22(%67, %68) : (!neura.data<index, i1>, !neura.data<index, i1>) -> !neura.data<index, i1>\0A      %70 = \22neura.data_mov\22(%47) : (!neura.data<index, i1>) -> !neura.data<index, i1>\0A      %71 = \22neura.data_mov\22(%33) : (!neura.data<index, i1>) -> !neura.data<index, i1>\0A      %72 = \22neura.phi\22(%70, %71) : (!neura.data<index, i1>, !neura.data<index, i1>) -> !neura.data<index, i1>\0A      %73 = \22neura.data_mov\22(%44) : (!neura.data<index, i1>) -> !neura.data<index, i1>\0A      %74 = \22neura.data_mov\22(%24) : (!neura.data<index, i1>) -> !neura.data<index, i1>\0A      %75 = \22neura.phi\22(%73, %74) : (!neura.data<index, i1>, !neura.data<index, i1>) -> !neura.data<index, i1>\0A      %76 = \22neura.data_mov\22(%41) : (!neura.data<index, i1>) -> !neura.data<index, i1>\0A      %77 = \22neura.data_mov\22(%30) : (!neura.data<index, i1>) -> !neura.data<index, i1>\0A      %78 = \22neura.phi\22(%76, %77) : (!neura.data<index, i1>, !neura.data<index, i1>) -> !neura.data<index, i1>\0A      %79 = \22neura.data_mov\22(%78) : (!neura.data<index, i1>) -> !neura.data<index, i1>\0A      %80 = \22neura.data_mov\22(%75) : (!neura.data<index, i1>) -> !neura.data<index, i1>\0A      %81 = \22neura.data_mov\22(%72) : (!neura.data<index, i1>) -> !neura.data<index, i1>\0A      %82 = \22neura.load_indexed\22(%79, %80, %81) <{operandSegmentSizes = array<i32: 0, 3>}> {lhs_value = \22%input2\22} : (!neura.data<index, i1>, !neura.data<index, i1>, !neura.data<index, i1>) -> !neura.data<i32, i1>\0A      %83 = \22neura.data_mov\22(%69) : (!neura.data<index, i1>) -> !neura.data<index, i1>\0A      %84 = \22neura.data_mov\22(%72) : (!neura.data<index, i1>) -> !neura.data<index, i1>\0A      %85 = \22neura.data_mov\22(%66) : (!neura.data<index, i1>) -> !neura.data<index, i1>\0A      %86 = \22neura.load_indexed\22(%83, %84, %85) <{operandSegmentSizes = array<i32: 0, 3>}> {lhs_value = \22%input3\22} : (!neura.data<index, i1>, !neura.data<index, i1>, !neura.data<index, i1>) -> !neura.data<i32, i1>\0A      %87 = \22neura.data_mov\22(%82) : (!neura.data<i32, i1>) -> !neura.data<i32, i1>\0A      %88 = \22neura.data_mov\22(%86) : (!neura.data<i32, i1>) -> !neura.data<i32, i1>\0A      %89 = \22neura.mul\22(%87, %88) : (!neura.data<i32, i1>, !neura.data<i32, i1>) -> !neura.data<i32, i1>\0A      %90 = \22neura.data_mov\22(%63) : (!neura.data<index, i1>) -> !neura.data<index, i1>\0A      %91 = \22neura.data_mov\22(%75) : (!neura.data<index, i1>) -> !neura.data<index, i1>\0A      %92 = \22neura.data_mov\22(%66) : (!neura.data<index, i1>) -> !neura.data<index, i1>\0A      %93 = \22neura.load_indexed\22(%90, %91, %92) <{operandSegmentSizes = array<i32: 0, 3>}> {lhs_value = \22%input1\22} : (!neura.data<index, i1>, !neura.data<index, i1>, !neura.data<index, i1>) -> !neura.data<i32, i1>\0A      %94 = \22neura.data_mov\22(%93) : (!neura.data<i32, i1>) -> !neura.data<i32, i1>\0A      %95 = \22neura.data_mov\22(%89) : (!neura.data<i32, i1>) -> !neura.data<i32, i1>\0A      %96 = \22neura.add\22(%94, %95) : (!neura.data<i32, i1>, !neura.data<i32, i1>) -> !neura.data<i32, i1>\0A      %97 = \22neura.data_mov\22(%96) : (!neura.data<i32, i1>) -> !neura.data<i32, i1>\0A      %98 = \22neura.data_mov\22(%63) : (!neura.data<index, i1>) -> !neura.data<index, i1>\0A      %99 = \22neura.data_mov\22(%75) : (!neura.data<index, i1>) -> !neura.data<index, i1>\0A      %100 = \22neura.data_mov\22(%66) : (!neura.data<index, i1>) -> !neura.data<index, i1>\0A      \22neura.store_indexed\22(%97, %98, %99, %100) <{operandSegmentSizes = array<i32: 1, 0, 3>}> {rhs_value = \22%input1\22} : (!neura.data<i32, i1>, !neura.data<index, i1>, !neura.data<index, i1>, !neura.data<index, i1>) -> ()\0A      \22neura.yield\22() <{operandSegmentSizes = array<i32: 0, 0>}> {yield_type = \22void\22} : () -> ()\0A    }) {dataflow_mode = \22predicate\22} : (i32, memref<?x256x16xi32>, memref<?x256x256xi32>, memref<?x256x16xi32>, index) -> ()\0A    \22taskflow.yield\22(%arg9, %arg11) <{operandSegmentSizes = array<i32: 1, 1, 0>}> : (memref<?x256x16xi32>, memref<?x256x16xi32>) -> ()\0A  }) {dlp_replicable = true, runtime_managable = true} : (memref<?x256x256xi32>, memref<?x256x16xi32>, memref<?x256x16xi32>, memref<?x256x16xi32>, index, i32, memref<?x256x256xi32>, memref<?x256x16xi32>, memref<?x256x16xi32>, memref<?x256x16xi32>) -> (memref<?x256x16xi32>, memref<?x256x16xi32>)\0A  \22func.return\22() : () -> ()\0A}) : () -> ()", dlp_replicable = true, runtime_managable = true} : (memref<?x256x256xi32>, memref<?x256x16xi32>, memref<?x256x16xi32>, memref<?x256x16xi32>, index, i32, memref<?x256x256xi32>, memref<?x256x16xi32>, memref<?x256x16xi32>, memref<?x256x16xi32>) -> (memref<?x256x16xi32>, memref<?x256x16xi32>)
    %29:2 = "taskflow.task"(%12, %24#2, %28#1, %28#1, %4, %3, %arg10, %arg13, %arg12, %arg12) <{operandSegmentSizes = array<i32: 3, 1, 2, 3, 1>, resultSegmentSizes = array<i32: 1, 1, 0>, task_name = "Task_24"}> ({
    ^bb0(%arg47: memref<?x256x256xi32>, %arg48: memref<?x256x16xi32>, %arg49: memref<?x256x16xi32>, %arg50: memref<?x256x16xi32>, %arg51: index, %arg52: i32):
      %179 = "arith.constant"() <{value = 16 : index}> : () -> index
      %180 = "arith.constant"() <{value = 0 : index}> : () -> index
      %181 = "arith.constant"() <{value = 1 : index}> : () -> index
      %182 = "taskflow.counter"(%180, %arg51, %181) <{counter_dynamism = "symbol_bound", counter_hierarchy = "root", counter_id = 0 : i32}> : (index, index, index) -> index
      %183 = "taskflow.counter"(%182, %180, %179, %181) <{counter_dynamism = "constant_bound", counter_hierarchy = "relay", counter_id = 1 : i32}> : (index, index, index, index) -> index
      %184 = "taskflow.counter"(%183, %180, %arg51, %181) <{counter_dynamism = "symbol_bound", counter_hierarchy = "leaf", counter_id = 2 : i32}> : (index, index, index, index) -> index
      "neura.kernel"(%arg52, %arg50, %arg47, %arg48, %arg51) <{accelerator = "neura", operandSegmentSizes = array<i32: 5, 0>}> ({
      ^bb0(%arg53: !neura.data<i32, i1>, %arg54: !neura.data<memref<?x256x16xi32>, i1>, %arg55: !neura.data<memref<?x256x256xi32>, i1>, %arg56: !neura.data<memref<?x256x16xi32>, i1>, %arg57: !neura.data<index, i1>):
        %185 = "neura.constant"() <{value = "%input1"}> : () -> !neura.data<memref<?x256x16xi32>, i1>
        %186 = "neura.constant"() <{value = 11 : index}> : () -> !neura.data<index, i1>
        %187 = "neura.constant"() <{value = 3 : index}> : () -> !neura.data<index, i1>
        %188 = "neura.constant"() <{value = 1 : index}> : () -> !neura.data<index, i1>
        %189 = "neura.counter"() <{counter_dynamism = "symbol_bound", counter_hierarchy = "root", counter_id = 0 : i32, operandSegmentSizes = array<i32: 0, 0, 0>}> {lower_bound_value = 0 : index, step_value = 1 : index, upper_bound_value = "%input4"} : () -> !neura.data<index, i1>
        %190 = "neura.counter"() <{counter_dynamism = "constant_bound", counter_hierarchy = "relay", counter_id = 1 : i32, operandSegmentSizes = array<i32: 0, 0, 0>}> {lower_bound_value = 0 : index, step_value = 1 : index, upper_bound_value = 16 : index} : () -> !neura.data<index, i1>
        %191 = "neura.counter"() <{counter_dynamism = "symbol_bound", counter_hierarchy = "leaf", counter_id = 2 : i32, operandSegmentSizes = array<i32: 0, 0, 0>}> {lower_bound_value = 0 : index, step_value = 1 : index, upper_bound_value = "%input4"} : () -> !neura.data<index, i1>
        %192 = "neura.data_mov"(%191) : (!neura.data<index, i1>) -> !neura.data<index, i1>
        %193 = "neura.icmp"(%192) <{cmpType = "eq"}> {rhs_value = 0 : index} : (!neura.data<index, i1>) -> !neura.data<i1, i1>
        %194 = "neura.data_mov"(%185) : (!neura.data<memref<?x256x16xi32>, i1>) -> !neura.data<memref<?x256x16xi32>, i1>
        %195 = "neura.data_mov"(%193) : (!neura.data<i1, i1>) -> !neura.data<i1, i1>
        %196 = "neura.grant_predicate"(%194, %195) : (!neura.data<memref<?x256x16xi32>, i1>, !neura.data<i1, i1>) -> !neura.data<memref<?x256x16xi32>, i1>
        %197 = "neura.data_mov"(%186) : (!neura.data<index, i1>) -> !neura.data<index, i1>
        %198 = "neura.data_mov"(%193) : (!neura.data<i1, i1>) -> !neura.data<i1, i1>
        %199 = "neura.grant_predicate"(%197, %198) : (!neura.data<index, i1>, !neura.data<i1, i1>) -> !neura.data<index, i1>
        %200 = "neura.data_mov"(%189) : (!neura.data<index, i1>) -> !neura.data<index, i1>
        %201 = "neura.data_mov"(%193) : (!neura.data<i1, i1>) -> !neura.data<i1, i1>
        %202 = "neura.grant_predicate"(%200, %201) : (!neura.data<index, i1>, !neura.data<i1, i1>) -> !neura.data<index, i1>
        %203 = "neura.data_mov"(%190) : (!neura.data<index, i1>) -> !neura.data<index, i1>
        %204 = "neura.data_mov"(%193) : (!neura.data<i1, i1>) -> !neura.data<i1, i1>
        %205 = "neura.grant_predicate"(%203, %204) : (!neura.data<index, i1>, !neura.data<i1, i1>) -> !neura.data<index, i1>
        %206 = "neura.data_mov"(%187) : (!neura.data<index, i1>) -> !neura.data<index, i1>
        %207 = "neura.data_mov"(%193) : (!neura.data<i1, i1>) -> !neura.data<i1, i1>
        %208 = "neura.grant_predicate"(%206, %207) : (!neura.data<index, i1>, !neura.data<i1, i1>) -> !neura.data<index, i1>
        %209 = "neura.data_mov"(%191) : (!neura.data<index, i1>) -> !neura.data<index, i1>
        %210 = "neura.data_mov"(%193) : (!neura.data<i1, i1>) -> !neura.data<i1, i1>
        %211 = "neura.grant_predicate"(%209, %210) : (!neura.data<index, i1>, !neura.data<i1, i1>) -> !neura.data<index, i1>
        %212 = "neura.data_mov"(%188) : (!neura.data<index, i1>) -> !neura.data<index, i1>
        %213 = "neura.data_mov"(%193) : (!neura.data<i1, i1>) -> !neura.data<i1, i1>
        %214 = "neura.grant_predicate"(%212, %213) : (!neura.data<index, i1>, !neura.data<i1, i1>) -> !neura.data<index, i1>
        %215 = "neura.data_mov"(%193) : (!neura.data<i1, i1>) -> !neura.data<i1, i1>
        %216 = "neura.not"(%215) : (!neura.data<i1, i1>) -> !neura.data<i1, i1>
        %217 = "neura.data_mov"(%187) : (!neura.data<index, i1>) -> !neura.data<index, i1>
        %218 = "neura.data_mov"(%216) : (!neura.data<i1, i1>) -> !neura.data<i1, i1>
        %219 = "neura.grant_predicate"(%217, %218) : (!neura.data<index, i1>, !neura.data<i1, i1>) -> !neura.data<index, i1>
        %220 = "neura.data_mov"(%189) : (!neura.data<index, i1>) -> !neura.data<index, i1>
        %221 = "neura.data_mov"(%216) : (!neura.data<i1, i1>) -> !neura.data<i1, i1>
        %222 = "neura.grant_predicate"(%220, %221) : (!neura.data<index, i1>, !neura.data<i1, i1>) -> !neura.data<index, i1>
        %223 = "neura.data_mov"(%191) : (!neura.data<index, i1>) -> !neura.data<index, i1>
        %224 = "neura.data_mov"(%216) : (!neura.data<i1, i1>) -> !neura.data<i1, i1>
        %225 = "neura.grant_predicate"(%223, %224) : (!neura.data<index, i1>, !neura.data<i1, i1>) -> !neura.data<index, i1>
        %226 = "neura.data_mov"(%188) : (!neura.data<index, i1>) -> !neura.data<index, i1>
        %227 = "neura.data_mov"(%216) : (!neura.data<i1, i1>) -> !neura.data<i1, i1>
        %228 = "neura.grant_predicate"(%226, %227) : (!neura.data<index, i1>, !neura.data<i1, i1>) -> !neura.data<index, i1>
        %229 = "neura.data_mov"(%190) : (!neura.data<index, i1>) -> !neura.data<index, i1>
        %230 = "neura.data_mov"(%216) : (!neura.data<i1, i1>) -> !neura.data<i1, i1>
        %231 = "neura.grant_predicate"(%229, %230) : (!neura.data<index, i1>, !neura.data<i1, i1>) -> !neura.data<index, i1>
        %232 = "neura.data_mov"(%186) : (!neura.data<index, i1>) -> !neura.data<index, i1>
        %233 = "neura.data_mov"(%216) : (!neura.data<i1, i1>) -> !neura.data<i1, i1>
        %234 = "neura.grant_predicate"(%232, %233) : (!neura.data<index, i1>, !neura.data<i1, i1>) -> !neura.data<index, i1>
        %235 = "neura.data_mov"(%196) : (!neura.data<memref<?x256x16xi32>, i1>) -> !neura.data<memref<?x256x16xi32>, i1>
        %236 = "neura.data_mov"(%199) : (!neura.data<index, i1>) -> !neura.data<index, i1>
        %237 = "neura.data_mov"(%202) : (!neura.data<index, i1>) -> !neura.data<index, i1>
        %238 = "neura.data_mov"(%205) : (!neura.data<index, i1>) -> !neura.data<index, i1>
        "neura.store_indexed"(%235, %236, %237, %238) <{operandSegmentSizes = array<i32: 0, 1, 3>}> {lhs_value = "%input0"} : (!neura.data<memref<?x256x16xi32>, i1>, !neura.data<index, i1>, !neura.data<index, i1>, !neura.data<index, i1>) -> ()
        %239 = "neura.data_mov"(%234) : (!neura.data<index, i1>) -> !neura.data<index, i1>
        %240 = "neura.data_mov"(%199) : (!neura.data<index, i1>) -> !neura.data<index, i1>
        %241 = "neura.phi"(%239, %240) : (!neura.data<index, i1>, !neura.data<index, i1>) -> !neura.data<index, i1>
        %242 = "neura.data_mov"(%231) : (!neura.data<index, i1>) -> !neura.data<index, i1>
        %243 = "neura.data_mov"(%205) : (!neura.data<index, i1>) -> !neura.data<index, i1>
        %244 = "neura.phi"(%242, %243) : (!neura.data<index, i1>, !neura.data<index, i1>) -> !neura.data<index, i1>
        %245 = "neura.data_mov"(%228) : (!neura.data<index, i1>) -> !neura.data<index, i1>
        %246 = "neura.data_mov"(%214) : (!neura.data<index, i1>) -> !neura.data<index, i1>
        %247 = "neura.phi"(%245, %246) : (!neura.data<index, i1>, !neura.data<index, i1>) -> !neura.data<index, i1>
        %248 = "neura.data_mov"(%225) : (!neura.data<index, i1>) -> !neura.data<index, i1>
        %249 = "neura.data_mov"(%211) : (!neura.data<index, i1>) -> !neura.data<index, i1>
        %250 = "neura.phi"(%248, %249) : (!neura.data<index, i1>, !neura.data<index, i1>) -> !neura.data<index, i1>
        %251 = "neura.data_mov"(%222) : (!neura.data<index, i1>) -> !neura.data<index, i1>
        %252 = "neura.data_mov"(%202) : (!neura.data<index, i1>) -> !neura.data<index, i1>
        %253 = "neura.phi"(%251, %252) : (!neura.data<index, i1>, !neura.data<index, i1>) -> !neura.data<index, i1>
        %254 = "neura.data_mov"(%219) : (!neura.data<index, i1>) -> !neura.data<index, i1>
        %255 = "neura.data_mov"(%208) : (!neura.data<index, i1>) -> !neura.data<index, i1>
        %256 = "neura.phi"(%254, %255) : (!neura.data<index, i1>, !neura.data<index, i1>) -> !neura.data<index, i1>
        %257 = "neura.data_mov"(%256) : (!neura.data<index, i1>) -> !neura.data<index, i1>
        %258 = "neura.data_mov"(%253) : (!neura.data<index, i1>) -> !neura.data<index, i1>
        %259 = "neura.data_mov"(%250) : (!neura.data<index, i1>) -> !neura.data<index, i1>
        %260 = "neura.load_indexed"(%257, %258, %259) <{operandSegmentSizes = array<i32: 0, 3>}> {lhs_value = "%input2"} : (!neura.data<index, i1>, !neura.data<index, i1>, !neura.data<index, i1>) -> !neura.data<i32, i1>
        %261 = "neura.data_mov"(%247) : (!neura.data<index, i1>) -> !neura.data<index, i1>
        %262 = "neura.data_mov"(%250) : (!neura.data<index, i1>) -> !neura.data<index, i1>
        %263 = "neura.data_mov"(%244) : (!neura.data<index, i1>) -> !neura.data<index, i1>
        %264 = "neura.load_indexed"(%261, %262, %263) <{operandSegmentSizes = array<i32: 0, 3>}> {lhs_value = "%input3"} : (!neura.data<index, i1>, !neura.data<index, i1>, !neura.data<index, i1>) -> !neura.data<i32, i1>
        %265 = "neura.data_mov"(%260) : (!neura.data<i32, i1>) -> !neura.data<i32, i1>
        %266 = "neura.data_mov"(%264) : (!neura.data<i32, i1>) -> !neura.data<i32, i1>
        %267 = "neura.mul"(%265, %266) : (!neura.data<i32, i1>, !neura.data<i32, i1>) -> !neura.data<i32, i1>
        %268 = "neura.data_mov"(%241) : (!neura.data<index, i1>) -> !neura.data<index, i1>
        %269 = "neura.data_mov"(%253) : (!neura.data<index, i1>) -> !neura.data<index, i1>
        %270 = "neura.data_mov"(%244) : (!neura.data<index, i1>) -> !neura.data<index, i1>
        %271 = "neura.load_indexed"(%268, %269, %270) <{operandSegmentSizes = array<i32: 0, 3>}> {lhs_value = "%input1"} : (!neura.data<index, i1>, !neura.data<index, i1>, !neura.data<index, i1>) -> !neura.data<i32, i1>
        %272 = "neura.data_mov"(%271) : (!neura.data<i32, i1>) -> !neura.data<i32, i1>
        %273 = "neura.data_mov"(%267) : (!neura.data<i32, i1>) -> !neura.data<i32, i1>
        %274 = "neura.add"(%272, %273) : (!neura.data<i32, i1>, !neura.data<i32, i1>) -> !neura.data<i32, i1>
        %275 = "neura.data_mov"(%274) : (!neura.data<i32, i1>) -> !neura.data<i32, i1>
        %276 = "neura.data_mov"(%241) : (!neura.data<index, i1>) -> !neura.data<index, i1>
        %277 = "neura.data_mov"(%253) : (!neura.data<index, i1>) -> !neura.data<index, i1>
        %278 = "neura.data_mov"(%244) : (!neura.data<index, i1>) -> !neura.data<index, i1>
        "neura.store_indexed"(%275, %276, %277, %278) <{operandSegmentSizes = array<i32: 1, 0, 3>}> {rhs_value = "%input1"} : (!neura.data<i32, i1>, !neura.data<index, i1>, !neura.data<index, i1>, !neura.data<index, i1>) -> ()
        "neura.yield"() <{operandSegmentSizes = array<i32: 0, 0>}> {yield_type = "void"} : () -> ()
      }) {dataflow_mode = "predicate"} : (i32, memref<?x256x16xi32>, memref<?x256x256xi32>, memref<?x256x16xi32>, index) -> ()
      "taskflow.yield"(%arg48, %arg50) <{operandSegmentSizes = array<i32: 1, 1, 0>}> : (memref<?x256x16xi32>, memref<?x256x16xi32>) -> ()
    }) {amoeba.source_iteration_control_binding = "amoeba-source-iteration-domain-v1\0Adomain_witness_bytes=231:amoeba-source-iteration-domain-v1\0Acomplete=1\0Arepresented_multiplicity=400\0Ainternal_multiplicity=1\0Asource_multiplicity=400\0Aaxis_count=3\0Aaxis=T,0,0,5,1,5,0,-1,0,0\0Aaxis=T,1,0,16,1,16,0,-1,0,0\0Aaxis=T,2,0,5,1,5,0,-1,0,0\0Areason_bytes=0:\0A\0A\22func.func\22() <{function_type = (memref<?x256x256xi32>, memref<?x256x16xi32>, memref<?x256x16xi32>, index, i32, memref<?x256x256xi32>, memref<?x256x16xi32>, memref<?x256x16xi32>) -> (), sym_name = \22__source_domain_binding__\22}> ({\0A^bb0(%arg0: memref<?x256x256xi32>, %arg1: memref<?x256x16xi32>, %arg2: memref<?x256x16xi32>, %arg3: index, %arg4: i32, %arg5: memref<?x256x256xi32>, %arg6: memref<?x256x16xi32>, %arg7: memref<?x256x16xi32>):\0A  %0:2 = \22taskflow.task\22(%arg0, %arg1, %arg2, %arg2, %arg3, %arg4, %arg5, %arg6, %arg7, %arg7) <{operandSegmentSizes = array<i32: 3, 1, 2, 3, 1>, resultSegmentSizes = array<i32: 1, 1, 0>, task_name = \22Task_24\22}> ({\0A  ^bb0(%arg8: memref<?x256x256xi32>, %arg9: memref<?x256x16xi32>, %arg10: memref<?x256x16xi32>, %arg11: memref<?x256x16xi32>, %arg12: index, %arg13: i32):\0A    %1 = \22arith.constant\22() <{value = 16 : index}> : () -> index\0A    %2 = \22arith.constant\22() <{value = 0 : index}> : () -> index\0A    %3 = \22arith.constant\22() <{value = 1 : index}> : () -> index\0A    %4 = \22taskflow.counter\22(%2, %arg12, %3) <{counter_dynamism = \22symbol_bound\22, counter_hierarchy = \22root\22, counter_id = 0 : i32}> : (index, index, index) -> index\0A    %5 = \22taskflow.counter\22(%4, %2, %1, %3) <{counter_dynamism = \22constant_bound\22, counter_hierarchy = \22relay\22, counter_id = 1 : i32}> : (index, index, index, index) -> index\0A    %6 = \22taskflow.counter\22(%5, %2, %arg12, %3) <{counter_dynamism = \22symbol_bound\22, counter_hierarchy = \22leaf\22, counter_id = 2 : i32}> : (index, index, index, index) -> index\0A    \22neura.kernel\22(%arg13, %arg11, %arg8, %arg9, %arg12) <{accelerator = \22neura\22, operandSegmentSizes = array<i32: 5, 0>}> ({\0A    ^bb0(%arg14: !neura.data<i32, i1>, %arg15: !neura.data<memref<?x256x16xi32>, i1>, %arg16: !neura.data<memref<?x256x256xi32>, i1>, %arg17: !neura.data<memref<?x256x16xi32>, i1>, %arg18: !neura.data<index, i1>):\0A      %7 = \22neura.constant\22() <{value = \22%input1\22}> : () -> !neura.data<memref<?x256x16xi32>, i1>\0A      %8 = \22neura.constant\22() <{value = 11 : index}> : () -> !neura.data<index, i1>\0A      %9 = \22neura.constant\22() <{value = 3 : index}> : () -> !neura.data<index, i1>\0A      %10 = \22neura.constant\22() <{value = 1 : index}> : () -> !neura.data<index, i1>\0A      %11 = \22neura.counter\22() <{counter_dynamism = \22symbol_bound\22, counter_hierarchy = \22root\22, counter_id = 0 : i32, operandSegmentSizes = array<i32: 0, 0, 0>}> {lower_bound_value = 0 : index, step_value = 1 : index, upper_bound_value = \22%input4\22} : () -> !neura.data<index, i1>\0A      %12 = \22neura.counter\22() <{counter_dynamism = \22constant_bound\22, counter_hierarchy = \22relay\22, counter_id = 1 : i32, operandSegmentSizes = array<i32: 0, 0, 0>}> {lower_bound_value = 0 : index, step_value = 1 : index, upper_bound_value = 16 : index} : () -> !neura.data<index, i1>\0A      %13 = \22neura.counter\22() <{counter_dynamism = \22symbol_bound\22, counter_hierarchy = \22leaf\22, counter_id = 2 : i32, operandSegmentSizes = array<i32: 0, 0, 0>}> {lower_bound_value = 0 : index, step_value = 1 : index, upper_bound_value = \22%input4\22} : () -> !neura.data<index, i1>\0A      %14 = \22neura.data_mov\22(%13) : (!neura.data<index, i1>) -> !neura.data<index, i1>\0A      %15 = \22neura.icmp\22(%14) <{cmpType = \22eq\22}> {rhs_value = 0 : index} : (!neura.data<index, i1>) -> !neura.data<i1, i1>\0A      %16 = \22neura.data_mov\22(%7) : (!neura.data<memref<?x256x16xi32>, i1>) -> !neura.data<memref<?x256x16xi32>, i1>\0A      %17 = \22neura.data_mov\22(%15) : (!neura.data<i1, i1>) -> !neura.data<i1, i1>\0A      %18 = \22neura.grant_predicate\22(%16, %17) : (!neura.data<memref<?x256x16xi32>, i1>, !neura.data<i1, i1>) -> !neura.data<memref<?x256x16xi32>, i1>\0A      %19 = \22neura.data_mov\22(%8) : (!neura.data<index, i1>) -> !neura.data<index, i1>\0A      %20 = \22neura.data_mov\22(%15) : (!neura.data<i1, i1>) -> !neura.data<i1, i1>\0A      %21 = \22neura.grant_predicate\22(%19, %20) : (!neura.data<index, i1>, !neura.data<i1, i1>) -> !neura.data<index, i1>\0A      %22 = \22neura.data_mov\22(%11) : (!neura.data<index, i1>) -> !neura.data<index, i1>\0A      %23 = \22neura.data_mov\22(%15) : (!neura.data<i1, i1>) -> !neura.data<i1, i1>\0A      %24 = \22neura.grant_predicate\22(%22, %23) : (!neura.data<index, i1>, !neura.data<i1, i1>) -> !neura.data<index, i1>\0A      %25 = \22neura.data_mov\22(%12) : (!neura.data<index, i1>) -> !neura.data<index, i1>\0A      %26 = \22neura.data_mov\22(%15) : (!neura.data<i1, i1>) -> !neura.data<i1, i1>\0A      %27 = \22neura.grant_predicate\22(%25, %26) : (!neura.data<index, i1>, !neura.data<i1, i1>) -> !neura.data<index, i1>\0A      %28 = \22neura.data_mov\22(%9) : (!neura.data<index, i1>) -> !neura.data<index, i1>\0A      %29 = \22neura.data_mov\22(%15) : (!neura.data<i1, i1>) -> !neura.data<i1, i1>\0A      %30 = \22neura.grant_predicate\22(%28, %29) : (!neura.data<index, i1>, !neura.data<i1, i1>) -> !neura.data<index, i1>\0A      %31 = \22neura.data_mov\22(%13) : (!neura.data<index, i1>) -> !neura.data<index, i1>\0A      %32 = \22neura.data_mov\22(%15) : (!neura.data<i1, i1>) -> !neura.data<i1, i1>\0A      %33 = \22neura.grant_predicate\22(%31, %32) : (!neura.data<index, i1>, !neura.data<i1, i1>) -> !neura.data<index, i1>\0A      %34 = \22neura.data_mov\22(%10) : (!neura.data<index, i1>) -> !neura.data<index, i1>\0A      %35 = \22neura.data_mov\22(%15) : (!neura.data<i1, i1>) -> !neura.data<i1, i1>\0A      %36 = \22neura.grant_predicate\22(%34, %35) : (!neura.data<index, i1>, !neura.data<i1, i1>) -> !neura.data<index, i1>\0A      %37 = \22neura.data_mov\22(%15) : (!neura.data<i1, i1>) -> !neura.data<i1, i1>\0A      %38 = \22neura.not\22(%37) : (!neura.data<i1, i1>) -> !neura.data<i1, i1>\0A      %39 = \22neura.data_mov\22(%9) : (!neura.data<index, i1>) -> !neura.data<index, i1>\0A      %40 = \22neura.data_mov\22(%38) : (!neura.data<i1, i1>) -> !neura.data<i1, i1>\0A      %41 = \22neura.grant_predicate\22(%39, %40) : (!neura.data<index, i1>, !neura.data<i1, i1>) -> !neura.data<index, i1>\0A      %42 = \22neura.data_mov\22(%11) : (!neura.data<index, i1>) -> !neura.data<index, i1>\0A      %43 = \22neura.data_mov\22(%38) : (!neura.data<i1, i1>) -> !neura.data<i1, i1>\0A      %44 = \22neura.grant_predicate\22(%42, %43) : (!neura.data<index, i1>, !neura.data<i1, i1>) -> !neura.data<index, i1>\0A      %45 = \22neura.data_mov\22(%13) : (!neura.data<index, i1>) -> !neura.data<index, i1>\0A      %46 = \22neura.data_mov\22(%38) : (!neura.data<i1, i1>) -> !neura.data<i1, i1>\0A      %47 = \22neura.grant_predicate\22(%45, %46) : (!neura.data<index, i1>, !neura.data<i1, i1>) -> !neura.data<index, i1>\0A      %48 = \22neura.data_mov\22(%10) : (!neura.data<index, i1>) -> !neura.data<index, i1>\0A      %49 = \22neura.data_mov\22(%38) : (!neura.data<i1, i1>) -> !neura.data<i1, i1>\0A      %50 = \22neura.grant_predicate\22(%48, %49) : (!neura.data<index, i1>, !neura.data<i1, i1>) -> !neura.data<index, i1>\0A      %51 = \22neura.data_mov\22(%12) : (!neura.data<index, i1>) -> !neura.data<index, i1>\0A      %52 = \22neura.data_mov\22(%38) : (!neura.data<i1, i1>) -> !neura.data<i1, i1>\0A      %53 = \22neura.grant_predicate\22(%51, %52) : (!neura.data<index, i1>, !neura.data<i1, i1>) -> !neura.data<index, i1>\0A      %54 = \22neura.data_mov\22(%8) : (!neura.data<index, i1>) -> !neura.data<index, i1>\0A      %55 = \22neura.data_mov\22(%38) : (!neura.data<i1, i1>) -> !neura.data<i1, i1>\0A      %56 = \22neura.grant_predicate\22(%54, %55) : (!neura.data<index, i1>, !neura.data<i1, i1>) -> !neura.data<index, i1>\0A      %57 = \22neura.data_mov\22(%18) : (!neura.data<memref<?x256x16xi32>, i1>) -> !neura.data<memref<?x256x16xi32>, i1>\0A      %58 = \22neura.data_mov\22(%21) : (!neura.data<index, i1>) -> !neura.data<index, i1>\0A      %59 = \22neura.data_mov\22(%24) : (!neura.data<index, i1>) -> !neura.data<index, i1>\0A      %60 = \22neura.data_mov\22(%27) : (!neura.data<index, i1>) -> !neura.data<index, i1>\0A      \22neura.store_indexed\22(%57, %58, %59, %60) <{operandSegmentSizes = array<i32: 0, 1, 3>}> {lhs_value = \22%input0\22} : (!neura.data<memref<?x256x16xi32>, i1>, !neura.data<index, i1>, !neura.data<index, i1>, !neura.data<index, i1>) -> ()\0A      %61 = \22neura.data_mov\22(%56) : (!neura.data<index, i1>) -> !neura.data<index, i1>\0A      %62 = \22neura.data_mov\22(%21) : (!neura.data<index, i1>) -> !neura.data<index, i1>\0A      %63 = \22neura.phi\22(%61, %62) : (!neura.data<index, i1>, !neura.data<index, i1>) -> !neura.data<index, i1>\0A      %64 = \22neura.data_mov\22(%53) : (!neura.data<index, i1>) -> !neura.data<index, i1>\0A      %65 = \22neura.data_mov\22(%27) : (!neura.data<index, i1>) -> !neura.data<index, i1>\0A      %66 = \22neura.phi\22(%64, %65) : (!neura.data<index, i1>, !neura.data<index, i1>) -> !neura.data<index, i1>\0A      %67 = \22neura.data_mov\22(%50) : (!neura.data<index, i1>) -> !neura.data<index, i1>\0A      %68 = \22neura.data_mov\22(%36) : (!neura.data<index, i1>) -> !neura.data<index, i1>\0A      %69 = \22neura.phi\22(%67, %68) : (!neura.data<index, i1>, !neura.data<index, i1>) -> !neura.data<index, i1>\0A      %70 = \22neura.data_mov\22(%47) : (!neura.data<index, i1>) -> !neura.data<index, i1>\0A      %71 = \22neura.data_mov\22(%33) : (!neura.data<index, i1>) -> !neura.data<index, i1>\0A      %72 = \22neura.phi\22(%70, %71) : (!neura.data<index, i1>, !neura.data<index, i1>) -> !neura.data<index, i1>\0A      %73 = \22neura.data_mov\22(%44) : (!neura.data<index, i1>) -> !neura.data<index, i1>\0A      %74 = \22neura.data_mov\22(%24) : (!neura.data<index, i1>) -> !neura.data<index, i1>\0A      %75 = \22neura.phi\22(%73, %74) : (!neura.data<index, i1>, !neura.data<index, i1>) -> !neura.data<index, i1>\0A      %76 = \22neura.data_mov\22(%41) : (!neura.data<index, i1>) -> !neura.data<index, i1>\0A      %77 = \22neura.data_mov\22(%30) : (!neura.data<index, i1>) -> !neura.data<index, i1>\0A      %78 = \22neura.phi\22(%76, %77) : (!neura.data<index, i1>, !neura.data<index, i1>) -> !neura.data<index, i1>\0A      %79 = \22neura.data_mov\22(%78) : (!neura.data<index, i1>) -> !neura.data<index, i1>\0A      %80 = \22neura.data_mov\22(%75) : (!neura.data<index, i1>) -> !neura.data<index, i1>\0A      %81 = \22neura.data_mov\22(%72) : (!neura.data<index, i1>) -> !neura.data<index, i1>\0A      %82 = \22neura.load_indexed\22(%79, %80, %81) <{operandSegmentSizes = array<i32: 0, 3>}> {lhs_value = \22%input2\22} : (!neura.data<index, i1>, !neura.data<index, i1>, !neura.data<index, i1>) -> !neura.data<i32, i1>\0A      %83 = \22neura.data_mov\22(%69) : (!neura.data<index, i1>) -> !neura.data<index, i1>\0A      %84 = \22neura.data_mov\22(%72) : (!neura.data<index, i1>) -> !neura.data<index, i1>\0A      %85 = \22neura.data_mov\22(%66) : (!neura.data<index, i1>) -> !neura.data<index, i1>\0A      %86 = \22neura.load_indexed\22(%83, %84, %85) <{operandSegmentSizes = array<i32: 0, 3>}> {lhs_value = \22%input3\22} : (!neura.data<index, i1>, !neura.data<index, i1>, !neura.data<index, i1>) -> !neura.data<i32, i1>\0A      %87 = \22neura.data_mov\22(%82) : (!neura.data<i32, i1>) -> !neura.data<i32, i1>\0A      %88 = \22neura.data_mov\22(%86) : (!neura.data<i32, i1>) -> !neura.data<i32, i1>\0A      %89 = \22neura.mul\22(%87, %88) : (!neura.data<i32, i1>, !neura.data<i32, i1>) -> !neura.data<i32, i1>\0A      %90 = \22neura.data_mov\22(%63) : (!neura.data<index, i1>) -> !neura.data<index, i1>\0A      %91 = \22neura.data_mov\22(%75) : (!neura.data<index, i1>) -> !neura.data<index, i1>\0A      %92 = \22neura.data_mov\22(%66) : (!neura.data<index, i1>) -> !neura.data<index, i1>\0A      %93 = \22neura.load_indexed\22(%90, %91, %92) <{operandSegmentSizes = array<i32: 0, 3>}> {lhs_value = \22%input1\22} : (!neura.data<index, i1>, !neura.data<index, i1>, !neura.data<index, i1>) -> !neura.data<i32, i1>\0A      %94 = \22neura.data_mov\22(%93) : (!neura.data<i32, i1>) -> !neura.data<i32, i1>\0A      %95 = \22neura.data_mov\22(%89) : (!neura.data<i32, i1>) -> !neura.data<i32, i1>\0A      %96 = \22neura.add\22(%94, %95) : (!neura.data<i32, i1>, !neura.data<i32, i1>) -> !neura.data<i32, i1>\0A      %97 = \22neura.data_mov\22(%96) : (!neura.data<i32, i1>) -> !neura.data<i32, i1>\0A      %98 = \22neura.data_mov\22(%63) : (!neura.data<index, i1>) -> !neura.data<index, i1>\0A      %99 = \22neura.data_mov\22(%75) : (!neura.data<index, i1>) -> !neura.data<index, i1>\0A      %100 = \22neura.data_mov\22(%66) : (!neura.data<index, i1>) -> !neura.data<index, i1>\0A      \22neura.store_indexed\22(%97, %98, %99, %100) <{operandSegmentSizes = array<i32: 1, 0, 3>}> {rhs_value = \22%input1\22} : (!neura.data<i32, i1>, !neura.data<index, i1>, !neura.data<index, i1>, !neura.data<index, i1>) -> ()\0A      \22neura.yield\22() <{operandSegmentSizes = array<i32: 0, 0>}> {yield_type = \22void\22} : () -> ()\0A    }) {dataflow_mode = \22predicate\22} : (i32, memref<?x256x16xi32>, memref<?x256x256xi32>, memref<?x256x16xi32>, index) -> ()\0A    \22taskflow.yield\22(%arg9, %arg11) <{operandSegmentSizes = array<i32: 1, 1, 0>}> : (memref<?x256x16xi32>, memref<?x256x16xi32>) -> ()\0A  }) {dlp_replicable = true, runtime_managable = true} : (memref<?x256x256xi32>, memref<?x256x16xi32>, memref<?x256x16xi32>, memref<?x256x16xi32>, index, i32, memref<?x256x256xi32>, memref<?x256x16xi32>, memref<?x256x16xi32>, memref<?x256x16xi32>) -> (memref<?x256x16xi32>, memref<?x256x16xi32>)\0A  \22func.return\22() : () -> ()\0A}) : () -> ()", amoeba.source_iteration_domain = {axes = [{carried_values = 0 : i64, expanded_inside_mapper_firing = false, extent = 5 : i64, kind = "taskflow-counter", lower = 0 : i64, ordinal = 0 : i64, parent_counter_ordinal = -1 : i64, result_uses = 0 : i64, step = 1 : i64, upper = 5 : i64}, {carried_values = 0 : i64, expanded_inside_mapper_firing = false, extent = 16 : i64, kind = "taskflow-counter", lower = 0 : i64, ordinal = 1 : i64, parent_counter_ordinal = -1 : i64, result_uses = 0 : i64, step = 1 : i64, upper = 16 : i64}, {carried_values = 0 : i64, expanded_inside_mapper_firing = false, extent = 5 : i64, kind = "taskflow-counter", lower = 0 : i64, ordinal = 2 : i64, parent_counter_ordinal = -1 : i64, result_uses = 0 : i64, step = 1 : i64, upper = 5 : i64}], canonical_witness = "amoeba-source-iteration-domain-v1\0Acomplete=1\0Arepresented_multiplicity=400\0Ainternal_multiplicity=1\0Asource_multiplicity=400\0Aaxis_count=3\0Aaxis=T,0,0,5,1,5,0,-1,0,0\0Aaxis=T,1,0,16,1,16,0,-1,0,0\0Aaxis=T,2,0,5,1,5,0,-1,0,0\0Areason_bytes=0:\0A", complete = true, internal_multiplicity = 1 : i64, represented_multiplicity = 400 : i64, schema = "amoeba-source-iteration-domain-v1", source_multiplicity = 400 : i64}, amoeba.source_iteration_source_control_binding = "amoeba-source-iteration-domain-v1\0Adomain_witness_bytes=231:amoeba-source-iteration-domain-v1\0Acomplete=1\0Arepresented_multiplicity=400\0Ainternal_multiplicity=1\0Asource_multiplicity=400\0Aaxis_count=3\0Aaxis=T,0,0,5,1,5,0,-1,0,0\0Aaxis=T,1,0,16,1,16,0,-1,0,0\0Aaxis=T,2,0,5,1,5,0,-1,0,0\0Areason_bytes=0:\0A\0A\22func.func\22() <{function_type = (memref<?x256x256xi32>, memref<?x256x16xi32>, memref<?x256x16xi32>, index, i32, memref<?x256x256xi32>, memref<?x256x16xi32>, memref<?x256x16xi32>) -> (), sym_name = \22__source_domain_binding__\22}> ({\0A^bb0(%arg0: memref<?x256x256xi32>, %arg1: memref<?x256x16xi32>, %arg2: memref<?x256x16xi32>, %arg3: index, %arg4: i32, %arg5: memref<?x256x256xi32>, %arg6: memref<?x256x16xi32>, %arg7: memref<?x256x16xi32>):\0A  %0:2 = \22taskflow.task\22(%arg0, %arg1, %arg2, %arg2, %arg3, %arg4, %arg5, %arg6, %arg7, %arg7) <{operandSegmentSizes = array<i32: 3, 1, 2, 3, 1>, resultSegmentSizes = array<i32: 1, 1, 0>, task_name = \22Task_24\22}> ({\0A  ^bb0(%arg8: memref<?x256x256xi32>, %arg9: memref<?x256x16xi32>, %arg10: memref<?x256x16xi32>, %arg11: memref<?x256x16xi32>, %arg12: index, %arg13: i32):\0A    %1 = \22arith.constant\22() <{value = 16 : index}> : () -> index\0A    %2 = \22arith.constant\22() <{value = 0 : index}> : () -> index\0A    %3 = \22arith.constant\22() <{value = 1 : index}> : () -> index\0A    %4 = \22taskflow.counter\22(%2, %arg12, %3) <{counter_dynamism = \22symbol_bound\22, counter_hierarchy = \22root\22, counter_id = 0 : i32}> : (index, index, index) -> index\0A    %5 = \22taskflow.counter\22(%4, %2, %1, %3) <{counter_dynamism = \22constant_bound\22, counter_hierarchy = \22relay\22, counter_id = 1 : i32}> : (index, index, index, index) -> index\0A    %6 = \22taskflow.counter\22(%5, %2, %arg12, %3) <{counter_dynamism = \22symbol_bound\22, counter_hierarchy = \22leaf\22, counter_id = 2 : i32}> : (index, index, index, index) -> index\0A    \22neura.kernel\22(%arg13, %arg11, %arg8, %arg9, %arg12) <{accelerator = \22neura\22, operandSegmentSizes = array<i32: 5, 0>}> ({\0A    ^bb0(%arg14: !neura.data<i32, i1>, %arg15: !neura.data<memref<?x256x16xi32>, i1>, %arg16: !neura.data<memref<?x256x256xi32>, i1>, %arg17: !neura.data<memref<?x256x16xi32>, i1>, %arg18: !neura.data<index, i1>):\0A      %7 = \22neura.constant\22() <{value = \22%input1\22}> : () -> !neura.data<memref<?x256x16xi32>, i1>\0A      %8 = \22neura.constant\22() <{value = 11 : index}> : () -> !neura.data<index, i1>\0A      %9 = \22neura.constant\22() <{value = 3 : index}> : () -> !neura.data<index, i1>\0A      %10 = \22neura.constant\22() <{value = 1 : index}> : () -> !neura.data<index, i1>\0A      %11 = \22neura.counter\22() <{counter_dynamism = \22symbol_bound\22, counter_hierarchy = \22root\22, counter_id = 0 : i32, operandSegmentSizes = array<i32: 0, 0, 0>}> {lower_bound_value = 0 : index, step_value = 1 : index, upper_bound_value = \22%input4\22} : () -> !neura.data<index, i1>\0A      %12 = \22neura.counter\22() <{counter_dynamism = \22constant_bound\22, counter_hierarchy = \22relay\22, counter_id = 1 : i32, operandSegmentSizes = array<i32: 0, 0, 0>}> {lower_bound_value = 0 : index, step_value = 1 : index, upper_bound_value = 16 : index} : () -> !neura.data<index, i1>\0A      %13 = \22neura.counter\22() <{counter_dynamism = \22symbol_bound\22, counter_hierarchy = \22leaf\22, counter_id = 2 : i32, operandSegmentSizes = array<i32: 0, 0, 0>}> {lower_bound_value = 0 : index, step_value = 1 : index, upper_bound_value = \22%input4\22} : () -> !neura.data<index, i1>\0A      %14 = \22neura.data_mov\22(%13) : (!neura.data<index, i1>) -> !neura.data<index, i1>\0A      %15 = \22neura.icmp\22(%14) <{cmpType = \22eq\22}> {rhs_value = 0 : index} : (!neura.data<index, i1>) -> !neura.data<i1, i1>\0A      %16 = \22neura.data_mov\22(%7) : (!neura.data<memref<?x256x16xi32>, i1>) -> !neura.data<memref<?x256x16xi32>, i1>\0A      %17 = \22neura.data_mov\22(%15) : (!neura.data<i1, i1>) -> !neura.data<i1, i1>\0A      %18 = \22neura.grant_predicate\22(%16, %17) : (!neura.data<memref<?x256x16xi32>, i1>, !neura.data<i1, i1>) -> !neura.data<memref<?x256x16xi32>, i1>\0A      %19 = \22neura.data_mov\22(%8) : (!neura.data<index, i1>) -> !neura.data<index, i1>\0A      %20 = \22neura.data_mov\22(%15) : (!neura.data<i1, i1>) -> !neura.data<i1, i1>\0A      %21 = \22neura.grant_predicate\22(%19, %20) : (!neura.data<index, i1>, !neura.data<i1, i1>) -> !neura.data<index, i1>\0A      %22 = \22neura.data_mov\22(%11) : (!neura.data<index, i1>) -> !neura.data<index, i1>\0A      %23 = \22neura.data_mov\22(%15) : (!neura.data<i1, i1>) -> !neura.data<i1, i1>\0A      %24 = \22neura.grant_predicate\22(%22, %23) : (!neura.data<index, i1>, !neura.data<i1, i1>) -> !neura.data<index, i1>\0A      %25 = \22neura.data_mov\22(%12) : (!neura.data<index, i1>) -> !neura.data<index, i1>\0A      %26 = \22neura.data_mov\22(%15) : (!neura.data<i1, i1>) -> !neura.data<i1, i1>\0A      %27 = \22neura.grant_predicate\22(%25, %26) : (!neura.data<index, i1>, !neura.data<i1, i1>) -> !neura.data<index, i1>\0A      %28 = \22neura.data_mov\22(%9) : (!neura.data<index, i1>) -> !neura.data<index, i1>\0A      %29 = \22neura.data_mov\22(%15) : (!neura.data<i1, i1>) -> !neura.data<i1, i1>\0A      %30 = \22neura.grant_predicate\22(%28, %29) : (!neura.data<index, i1>, !neura.data<i1, i1>) -> !neura.data<index, i1>\0A      %31 = \22neura.data_mov\22(%13) : (!neura.data<index, i1>) -> !neura.data<index, i1>\0A      %32 = \22neura.data_mov\22(%15) : (!neura.data<i1, i1>) -> !neura.data<i1, i1>\0A      %33 = \22neura.grant_predicate\22(%31, %32) : (!neura.data<index, i1>, !neura.data<i1, i1>) -> !neura.data<index, i1>\0A      %34 = \22neura.data_mov\22(%10) : (!neura.data<index, i1>) -> !neura.data<index, i1>\0A      %35 = \22neura.data_mov\22(%15) : (!neura.data<i1, i1>) -> !neura.data<i1, i1>\0A      %36 = \22neura.grant_predicate\22(%34, %35) : (!neura.data<index, i1>, !neura.data<i1, i1>) -> !neura.data<index, i1>\0A      %37 = \22neura.data_mov\22(%15) : (!neura.data<i1, i1>) -> !neura.data<i1, i1>\0A      %38 = \22neura.not\22(%37) : (!neura.data<i1, i1>) -> !neura.data<i1, i1>\0A      %39 = \22neura.data_mov\22(%9) : (!neura.data<index, i1>) -> !neura.data<index, i1>\0A      %40 = \22neura.data_mov\22(%38) : (!neura.data<i1, i1>) -> !neura.data<i1, i1>\0A      %41 = \22neura.grant_predicate\22(%39, %40) : (!neura.data<index, i1>, !neura.data<i1, i1>) -> !neura.data<index, i1>\0A      %42 = \22neura.data_mov\22(%11) : (!neura.data<index, i1>) -> !neura.data<index, i1>\0A      %43 = \22neura.data_mov\22(%38) : (!neura.data<i1, i1>) -> !neura.data<i1, i1>\0A      %44 = \22neura.grant_predicate\22(%42, %43) : (!neura.data<index, i1>, !neura.data<i1, i1>) -> !neura.data<index, i1>\0A      %45 = \22neura.data_mov\22(%13) : (!neura.data<index, i1>) -> !neura.data<index, i1>\0A      %46 = \22neura.data_mov\22(%38) : (!neura.data<i1, i1>) -> !neura.data<i1, i1>\0A      %47 = \22neura.grant_predicate\22(%45, %46) : (!neura.data<index, i1>, !neura.data<i1, i1>) -> !neura.data<index, i1>\0A      %48 = \22neura.data_mov\22(%10) : (!neura.data<index, i1>) -> !neura.data<index, i1>\0A      %49 = \22neura.data_mov\22(%38) : (!neura.data<i1, i1>) -> !neura.data<i1, i1>\0A      %50 = \22neura.grant_predicate\22(%48, %49) : (!neura.data<index, i1>, !neura.data<i1, i1>) -> !neura.data<index, i1>\0A      %51 = \22neura.data_mov\22(%12) : (!neura.data<index, i1>) -> !neura.data<index, i1>\0A      %52 = \22neura.data_mov\22(%38) : (!neura.data<i1, i1>) -> !neura.data<i1, i1>\0A      %53 = \22neura.grant_predicate\22(%51, %52) : (!neura.data<index, i1>, !neura.data<i1, i1>) -> !neura.data<index, i1>\0A      %54 = \22neura.data_mov\22(%8) : (!neura.data<index, i1>) -> !neura.data<index, i1>\0A      %55 = \22neura.data_mov\22(%38) : (!neura.data<i1, i1>) -> !neura.data<i1, i1>\0A      %56 = \22neura.grant_predicate\22(%54, %55) : (!neura.data<index, i1>, !neura.data<i1, i1>) -> !neura.data<index, i1>\0A      %57 = \22neura.data_mov\22(%18) : (!neura.data<memref<?x256x16xi32>, i1>) -> !neura.data<memref<?x256x16xi32>, i1>\0A      %58 = \22neura.data_mov\22(%21) : (!neura.data<index, i1>) -> !neura.data<index, i1>\0A      %59 = \22neura.data_mov\22(%24) : (!neura.data<index, i1>) -> !neura.data<index, i1>\0A      %60 = \22neura.data_mov\22(%27) : (!neura.data<index, i1>) -> !neura.data<index, i1>\0A      \22neura.store_indexed\22(%57, %58, %59, %60) <{operandSegmentSizes = array<i32: 0, 1, 3>}> {lhs_value = \22%input0\22} : (!neura.data<memref<?x256x16xi32>, i1>, !neura.data<index, i1>, !neura.data<index, i1>, !neura.data<index, i1>) -> ()\0A      %61 = \22neura.data_mov\22(%56) : (!neura.data<index, i1>) -> !neura.data<index, i1>\0A      %62 = \22neura.data_mov\22(%21) : (!neura.data<index, i1>) -> !neura.data<index, i1>\0A      %63 = \22neura.phi\22(%61, %62) : (!neura.data<index, i1>, !neura.data<index, i1>) -> !neura.data<index, i1>\0A      %64 = \22neura.data_mov\22(%53) : (!neura.data<index, i1>) -> !neura.data<index, i1>\0A      %65 = \22neura.data_mov\22(%27) : (!neura.data<index, i1>) -> !neura.data<index, i1>\0A      %66 = \22neura.phi\22(%64, %65) : (!neura.data<index, i1>, !neura.data<index, i1>) -> !neura.data<index, i1>\0A      %67 = \22neura.data_mov\22(%50) : (!neura.data<index, i1>) -> !neura.data<index, i1>\0A      %68 = \22neura.data_mov\22(%36) : (!neura.data<index, i1>) -> !neura.data<index, i1>\0A      %69 = \22neura.phi\22(%67, %68) : (!neura.data<index, i1>, !neura.data<index, i1>) -> !neura.data<index, i1>\0A      %70 = \22neura.data_mov\22(%47) : (!neura.data<index, i1>) -> !neura.data<index, i1>\0A      %71 = \22neura.data_mov\22(%33) : (!neura.data<index, i1>) -> !neura.data<index, i1>\0A      %72 = \22neura.phi\22(%70, %71) : (!neura.data<index, i1>, !neura.data<index, i1>) -> !neura.data<index, i1>\0A      %73 = \22neura.data_mov\22(%44) : (!neura.data<index, i1>) -> !neura.data<index, i1>\0A      %74 = \22neura.data_mov\22(%24) : (!neura.data<index, i1>) -> !neura.data<index, i1>\0A      %75 = \22neura.phi\22(%73, %74) : (!neura.data<index, i1>, !neura.data<index, i1>) -> !neura.data<index, i1>\0A      %76 = \22neura.data_mov\22(%41) : (!neura.data<index, i1>) -> !neura.data<index, i1>\0A      %77 = \22neura.data_mov\22(%30) : (!neura.data<index, i1>) -> !neura.data<index, i1>\0A      %78 = \22neura.phi\22(%76, %77) : (!neura.data<index, i1>, !neura.data<index, i1>) -> !neura.data<index, i1>\0A      %79 = \22neura.data_mov\22(%78) : (!neura.data<index, i1>) -> !neura.data<index, i1>\0A      %80 = \22neura.data_mov\22(%75) : (!neura.data<index, i1>) -> !neura.data<index, i1>\0A      %81 = \22neura.data_mov\22(%72) : (!neura.data<index, i1>) -> !neura.data<index, i1>\0A      %82 = \22neura.load_indexed\22(%79, %80, %81) <{operandSegmentSizes = array<i32: 0, 3>}> {lhs_value = \22%input2\22} : (!neura.data<index, i1>, !neura.data<index, i1>, !neura.data<index, i1>) -> !neura.data<i32, i1>\0A      %83 = \22neura.data_mov\22(%69) : (!neura.data<index, i1>) -> !neura.data<index, i1>\0A      %84 = \22neura.data_mov\22(%72) : (!neura.data<index, i1>) -> !neura.data<index, i1>\0A      %85 = \22neura.data_mov\22(%66) : (!neura.data<index, i1>) -> !neura.data<index, i1>\0A      %86 = \22neura.load_indexed\22(%83, %84, %85) <{operandSegmentSizes = array<i32: 0, 3>}> {lhs_value = \22%input3\22} : (!neura.data<index, i1>, !neura.data<index, i1>, !neura.data<index, i1>) -> !neura.data<i32, i1>\0A      %87 = \22neura.data_mov\22(%82) : (!neura.data<i32, i1>) -> !neura.data<i32, i1>\0A      %88 = \22neura.data_mov\22(%86) : (!neura.data<i32, i1>) -> !neura.data<i32, i1>\0A      %89 = \22neura.mul\22(%87, %88) : (!neura.data<i32, i1>, !neura.data<i32, i1>) -> !neura.data<i32, i1>\0A      %90 = \22neura.data_mov\22(%63) : (!neura.data<index, i1>) -> !neura.data<index, i1>\0A      %91 = \22neura.data_mov\22(%75) : (!neura.data<index, i1>) -> !neura.data<index, i1>\0A      %92 = \22neura.data_mov\22(%66) : (!neura.data<index, i1>) -> !neura.data<index, i1>\0A      %93 = \22neura.load_indexed\22(%90, %91, %92) <{operandSegmentSizes = array<i32: 0, 3>}> {lhs_value = \22%input1\22} : (!neura.data<index, i1>, !neura.data<index, i1>, !neura.data<index, i1>) -> !neura.data<i32, i1>\0A      %94 = \22neura.data_mov\22(%93) : (!neura.data<i32, i1>) -> !neura.data<i32, i1>\0A      %95 = \22neura.data_mov\22(%89) : (!neura.data<i32, i1>) -> !neura.data<i32, i1>\0A      %96 = \22neura.add\22(%94, %95) : (!neura.data<i32, i1>, !neura.data<i32, i1>) -> !neura.data<i32, i1>\0A      %97 = \22neura.data_mov\22(%96) : (!neura.data<i32, i1>) -> !neura.data<i32, i1>\0A      %98 = \22neura.data_mov\22(%63) : (!neura.data<index, i1>) -> !neura.data<index, i1>\0A      %99 = \22neura.data_mov\22(%75) : (!neura.data<index, i1>) -> !neura.data<index, i1>\0A      %100 = \22neura.data_mov\22(%66) : (!neura.data<index, i1>) -> !neura.data<index, i1>\0A      \22neura.store_indexed\22(%97, %98, %99, %100) <{operandSegmentSizes = array<i32: 1, 0, 3>}> {rhs_value = \22%input1\22} : (!neura.data<i32, i1>, !neura.data<index, i1>, !neura.data<index, i1>, !neura.data<index, i1>) -> ()\0A      \22neura.yield\22() <{operandSegmentSizes = array<i32: 0, 0>}> {yield_type = \22void\22} : () -> ()\0A    }) {dataflow_mode = \22predicate\22} : (i32, memref<?x256x16xi32>, memref<?x256x256xi32>, memref<?x256x16xi32>, index) -> ()\0A    \22taskflow.yield\22(%arg9, %arg11) <{operandSegmentSizes = array<i32: 1, 1, 0>}> : (memref<?x256x16xi32>, memref<?x256x16xi32>) -> ()\0A  }) {dlp_replicable = true, runtime_managable = true} : (memref<?x256x256xi32>, memref<?x256x16xi32>, memref<?x256x16xi32>, memref<?x256x16xi32>, index, i32, memref<?x256x256xi32>, memref<?x256x16xi32>, memref<?x256x16xi32>, memref<?x256x16xi32>) -> (memref<?x256x16xi32>, memref<?x256x16xi32>)\0A  \22func.return\22() : () -> ()\0A}) : () -> ()", dlp_replicable = true, runtime_managable = true} : (memref<?x256x256xi32>, memref<?x256x16xi32>, memref<?x256x16xi32>, memref<?x256x16xi32>, index, i32, memref<?x256x256xi32>, memref<?x256x16xi32>, memref<?x256x16xi32>, memref<?x256x16xi32>) -> (memref<?x256x16xi32>, memref<?x256x16xi32>)
    %30 = "taskflow.task"(%25#1, %29#1, %24#2, %25#0, %26#0, %27#0, %28#0, %29#0, %4, %3, %arg11, %arg12, %arg13, %arg13) <{operandSegmentSizes = array<i32: 3, 5, 2, 3, 1>, resultSegmentSizes = array<i32: 0, 1, 0>, task_name = "Task_25"}> ({
    ^bb0(%arg32: memref<?x256x16xi32>, %arg33: memref<?x256x16xi32>, %arg34: memref<?x256x16xi32>, %arg35: memref<?x256x16xi32>, %arg36: memref<?x256x16xi32>, %arg37: memref<?x256x16xi32>, %arg38: memref<?x256x16xi32>, %arg39: memref<?x256x16xi32>, %arg40: index, %arg41: i32):
      %116 = "arith.constant"() <{value = 16 : index}> : () -> index
      %117 = "arith.constant"() <{value = 0 : index}> : () -> index
      %118 = "arith.constant"() <{value = 1 : index}> : () -> index
      %119 = "taskflow.counter"(%117, %arg40, %118) <{counter_dynamism = "symbol_bound", counter_hierarchy = "root", counter_id = 0 : i32}> : (index, index, index) -> index
      %120 = "taskflow.counter"(%119, %117, %116, %118) <{counter_dynamism = "constant_bound", counter_hierarchy = "leaf", counter_id = 1 : i32}> : (index, index, index, index) -> index
      "neura.kernel"(%arg32, %arg33, %arg39, %arg41, %arg40) <{accelerator = "neura", operandSegmentSizes = array<i32: 5, 0>}> ({
      ^bb0(%arg42: !neura.data<memref<?x256x16xi32>, i1>, %arg43: !neura.data<memref<?x256x16xi32>, i1>, %arg44: !neura.data<memref<?x256x16xi32>, i1>, %arg45: !neura.data<i32, i1>, %arg46: !neura.data<index, i1>):
        %121 = "neura.constant"() <{value = "%input3"}> : () -> !neura.data<i32, i1>
        %122 = "neura.constant"() <{value = 2 : index}> : () -> !neura.data<index, i1>
        %123 = "neura.constant"() <{value = 11 : index}> : () -> !neura.data<index, i1>
        %124 = "neura.constant"() <{value = 10 : index}> : () -> !neura.data<index, i1>
        %125 = "neura.constant"() <{value = 9 : index}> : () -> !neura.data<index, i1>
        %126 = "neura.constant"() <{value = 8 : index}> : () -> !neura.data<index, i1>
        %127 = "neura.constant"() <{value = 1 : index}> : () -> !neura.data<index, i1>
        %128 = "neura.counter"() <{counter_dynamism = "symbol_bound", counter_hierarchy = "root", counter_id = 0 : i32, operandSegmentSizes = array<i32: 0, 0, 0>}> {lower_bound_value = 0 : index, step_value = 1 : index, upper_bound_value = "%input4"} : () -> !neura.data<index, i1>
        %129 = "neura.counter"() <{counter_dynamism = "constant_bound", counter_hierarchy = "leaf", counter_id = 1 : i32, operandSegmentSizes = array<i32: 0, 0, 0>}> {lower_bound_value = 0 : index, step_value = 1 : index, upper_bound_value = 16 : index} : () -> !neura.data<index, i1>
        %130 = "neura.data_mov"(%122) : (!neura.data<index, i1>) -> !neura.data<index, i1>
        %131 = "neura.data_mov"(%128) : (!neura.data<index, i1>) -> !neura.data<index, i1>
        %132 = "neura.data_mov"(%129) : (!neura.data<index, i1>) -> !neura.data<index, i1>
        %133 = "neura.load_indexed"(%130, %131, %132) <{operandSegmentSizes = array<i32: 0, 3>}> {lhs_value = "%input0"} : (!neura.data<index, i1>, !neura.data<index, i1>, !neura.data<index, i1>) -> !neura.data<i32, i1>
        %134 = "neura.data_mov"(%126) : (!neura.data<index, i1>) -> !neura.data<index, i1>
        %135 = "neura.data_mov"(%128) : (!neura.data<index, i1>) -> !neura.data<index, i1>
        %136 = "neura.data_mov"(%129) : (!neura.data<index, i1>) -> !neura.data<index, i1>
        %137 = "neura.load_indexed"(%134, %135, %136) <{operandSegmentSizes = array<i32: 0, 3>}> {lhs_value = "%input1"} : (!neura.data<index, i1>, !neura.data<index, i1>, !neura.data<index, i1>) -> !neura.data<i32, i1>
        %138 = "neura.data_mov"(%133) : (!neura.data<i32, i1>) -> !neura.data<i32, i1>
        %139 = "neura.data_mov"(%137) : (!neura.data<i32, i1>) -> !neura.data<i32, i1>
        %140 = "neura.add"(%138, %139) : (!neura.data<i32, i1>, !neura.data<i32, i1>) -> !neura.data<i32, i1>
        %141 = "neura.data_mov"(%125) : (!neura.data<index, i1>) -> !neura.data<index, i1>
        %142 = "neura.data_mov"(%128) : (!neura.data<index, i1>) -> !neura.data<index, i1>
        %143 = "neura.data_mov"(%129) : (!neura.data<index, i1>) -> !neura.data<index, i1>
        %144 = "neura.load_indexed"(%141, %142, %143) <{operandSegmentSizes = array<i32: 0, 3>}> {lhs_value = "%input1"} : (!neura.data<index, i1>, !neura.data<index, i1>, !neura.data<index, i1>) -> !neura.data<i32, i1>
        %145 = "neura.data_mov"(%140) : (!neura.data<i32, i1>) -> !neura.data<i32, i1>
        %146 = "neura.data_mov"(%144) : (!neura.data<i32, i1>) -> !neura.data<i32, i1>
        %147 = "neura.add"(%145, %146) : (!neura.data<i32, i1>, !neura.data<i32, i1>) -> !neura.data<i32, i1>
        %148 = "neura.data_mov"(%124) : (!neura.data<index, i1>) -> !neura.data<index, i1>
        %149 = "neura.data_mov"(%128) : (!neura.data<index, i1>) -> !neura.data<index, i1>
        %150 = "neura.data_mov"(%129) : (!neura.data<index, i1>) -> !neura.data<index, i1>
        %151 = "neura.load_indexed"(%148, %149, %150) <{operandSegmentSizes = array<i32: 0, 3>}> {lhs_value = "%input1"} : (!neura.data<index, i1>, !neura.data<index, i1>, !neura.data<index, i1>) -> !neura.data<i32, i1>
        %152 = "neura.data_mov"(%147) : (!neura.data<i32, i1>) -> !neura.data<i32, i1>
        %153 = "neura.data_mov"(%151) : (!neura.data<i32, i1>) -> !neura.data<i32, i1>
        %154 = "neura.add"(%152, %153) : (!neura.data<i32, i1>, !neura.data<i32, i1>) -> !neura.data<i32, i1>
        %155 = "neura.data_mov"(%123) : (!neura.data<index, i1>) -> !neura.data<index, i1>
        %156 = "neura.data_mov"(%128) : (!neura.data<index, i1>) -> !neura.data<index, i1>
        %157 = "neura.data_mov"(%129) : (!neura.data<index, i1>) -> !neura.data<index, i1>
        %158 = "neura.load_indexed"(%155, %156, %157) <{operandSegmentSizes = array<i32: 0, 3>}> {lhs_value = "%input1"} : (!neura.data<index, i1>, !neura.data<index, i1>, !neura.data<index, i1>) -> !neura.data<i32, i1>
        %159 = "neura.data_mov"(%154) : (!neura.data<i32, i1>) -> !neura.data<i32, i1>
        %160 = "neura.data_mov"(%158) : (!neura.data<i32, i1>) -> !neura.data<i32, i1>
        %161 = "neura.add"(%159, %160) : (!neura.data<i32, i1>, !neura.data<i32, i1>) -> !neura.data<i32, i1>
        %162 = "neura.data_mov"(%127) : (!neura.data<index, i1>) -> !neura.data<index, i1>
        %163 = "neura.data_mov"(%128) : (!neura.data<index, i1>) -> !neura.data<index, i1>
        %164 = "neura.data_mov"(%129) : (!neura.data<index, i1>) -> !neura.data<index, i1>
        %165 = "neura.load_indexed"(%162, %163, %164) <{operandSegmentSizes = array<i32: 0, 3>}> {lhs_value = "%input2"} : (!neura.data<index, i1>, !neura.data<index, i1>, !neura.data<index, i1>) -> !neura.data<i32, i1>
        %166 = "neura.data_mov"(%161) : (!neura.data<i32, i1>) -> !neura.data<i32, i1>
        %167 = "neura.data_mov"(%165) : (!neura.data<i32, i1>) -> !neura.data<i32, i1>
        %168 = "neura.add"(%166, %167) : (!neura.data<i32, i1>, !neura.data<i32, i1>) -> !neura.data<i32, i1>
        %169 = "neura.data_mov"(%168) : (!neura.data<i32, i1>) -> !neura.data<i32, i1>
        %170 = "neura.icmp"(%169) <{cmpType = "sgt"}> {rhs_value = "%input3"} : (!neura.data<i32, i1>) -> !neura.data<i1, i1>
        %171 = "neura.data_mov"(%170) : (!neura.data<i1, i1>) -> !neura.data<i1, i1>
        %172 = "neura.data_mov"(%168) : (!neura.data<i32, i1>) -> !neura.data<i32, i1>
        %173 = "neura.data_mov"(%121) : (!neura.data<i32, i1>) -> !neura.data<i32, i1>
        %174 = "neura.sel"(%171, %172, %173) : (!neura.data<i1, i1>, !neura.data<i32, i1>, !neura.data<i32, i1>) -> !neura.data<i32, i1>
        %175 = "neura.data_mov"(%174) : (!neura.data<i32, i1>) -> !neura.data<i32, i1>
        %176 = "neura.data_mov"(%122) : (!neura.data<index, i1>) -> !neura.data<index, i1>
        %177 = "neura.data_mov"(%128) : (!neura.data<index, i1>) -> !neura.data<index, i1>
        %178 = "neura.data_mov"(%129) : (!neura.data<index, i1>) -> !neura.data<index, i1>
        "neura.store_indexed"(%175, %176, %177, %178) <{operandSegmentSizes = array<i32: 1, 0, 3>}> {rhs_value = "%input2"} : (!neura.data<i32, i1>, !neura.data<index, i1>, !neura.data<index, i1>, !neura.data<index, i1>) -> ()
        "neura.yield"() <{operandSegmentSizes = array<i32: 0, 0>}> {yield_type = "void"} : () -> ()
      }) {dataflow_mode = "predicate"} : (memref<?x256x16xi32>, memref<?x256x16xi32>, memref<?x256x16xi32>, i32, index) -> ()
      "taskflow.yield"(%arg39) <{operandSegmentSizes = array<i32: 0, 1, 0>}> : (memref<?x256x16xi32>) -> ()
    }) {amoeba.source_iteration_control_binding = "amoeba-source-iteration-domain-v1\0Adomain_witness_bytes=203:amoeba-source-iteration-domain-v1\0Acomplete=1\0Arepresented_multiplicity=80\0Ainternal_multiplicity=1\0Asource_multiplicity=80\0Aaxis_count=2\0Aaxis=T,0,0,5,1,5,0,-1,0,0\0Aaxis=T,1,0,16,1,16,0,-1,0,0\0Areason_bytes=0:\0A\0A\22func.func\22() <{function_type = (memref<?x256x16xi32>, memref<?x256x16xi32>, memref<?x256x16xi32>, memref<?x256x16xi32>, memref<?x256x16xi32>, memref<?x256x16xi32>, memref<?x256x16xi32>, memref<?x256x16xi32>, index, i32, memref<?x256x16xi32>, memref<?x256x16xi32>, memref<?x256x16xi32>) -> (), sym_name = \22__source_domain_binding__\22}> ({\0A^bb0(%arg0: memref<?x256x16xi32>, %arg1: memref<?x256x16xi32>, %arg2: memref<?x256x16xi32>, %arg3: memref<?x256x16xi32>, %arg4: memref<?x256x16xi32>, %arg5: memref<?x256x16xi32>, %arg6: memref<?x256x16xi32>, %arg7: memref<?x256x16xi32>, %arg8: index, %arg9: i32, %arg10: memref<?x256x16xi32>, %arg11: memref<?x256x16xi32>, %arg12: memref<?x256x16xi32>):\0A  %0 = \22taskflow.task\22(%arg0, %arg1, %arg2, %arg3, %arg4, %arg5, %arg6, %arg7, %arg8, %arg9, %arg10, %arg11, %arg12, %arg12) <{operandSegmentSizes = array<i32: 3, 5, 2, 3, 1>, resultSegmentSizes = array<i32: 0, 1, 0>, task_name = \22Task_25\22}> ({\0A  ^bb0(%arg13: memref<?x256x16xi32>, %arg14: memref<?x256x16xi32>, %arg15: memref<?x256x16xi32>, %arg16: memref<?x256x16xi32>, %arg17: memref<?x256x16xi32>, %arg18: memref<?x256x16xi32>, %arg19: memref<?x256x16xi32>, %arg20: memref<?x256x16xi32>, %arg21: index, %arg22: i32):\0A    %1 = \22arith.constant\22() <{value = 16 : index}> : () -> index\0A    %2 = \22arith.constant\22() <{value = 0 : index}> : () -> index\0A    %3 = \22arith.constant\22() <{value = 1 : index}> : () -> index\0A    %4 = \22taskflow.counter\22(%2, %arg21, %3) <{counter_dynamism = \22symbol_bound\22, counter_hierarchy = \22root\22, counter_id = 0 : i32}> : (index, index, index) -> index\0A    %5 = \22taskflow.counter\22(%4, %2, %1, %3) <{counter_dynamism = \22constant_bound\22, counter_hierarchy = \22leaf\22, counter_id = 1 : i32}> : (index, index, index, index) -> index\0A    \22neura.kernel\22(%arg13, %arg14, %arg20, %arg22, %arg21) <{accelerator = \22neura\22, operandSegmentSizes = array<i32: 5, 0>}> ({\0A    ^bb0(%arg23: !neura.data<memref<?x256x16xi32>, i1>, %arg24: !neura.data<memref<?x256x16xi32>, i1>, %arg25: !neura.data<memref<?x256x16xi32>, i1>, %arg26: !neura.data<i32, i1>, %arg27: !neura.data<index, i1>):\0A      %6 = \22neura.constant\22() <{value = \22%input3\22}> : () -> !neura.data<i32, i1>\0A      %7 = \22neura.constant\22() <{value = 2 : index}> : () -> !neura.data<index, i1>\0A      %8 = \22neura.constant\22() <{value = 11 : index}> : () -> !neura.data<index, i1>\0A      %9 = \22neura.constant\22() <{value = 10 : index}> : () -> !neura.data<index, i1>\0A      %10 = \22neura.constant\22() <{value = 9 : index}> : () -> !neura.data<index, i1>\0A      %11 = \22neura.constant\22() <{value = 8 : index}> : () -> !neura.data<index, i1>\0A      %12 = \22neura.constant\22() <{value = 1 : index}> : () -> !neura.data<index, i1>\0A      %13 = \22neura.counter\22() <{counter_dynamism = \22symbol_bound\22, counter_hierarchy = \22root\22, counter_id = 0 : i32, operandSegmentSizes = array<i32: 0, 0, 0>}> {lower_bound_value = 0 : index, step_value = 1 : index, upper_bound_value = \22%input4\22} : () -> !neura.data<index, i1>\0A      %14 = \22neura.counter\22() <{counter_dynamism = \22constant_bound\22, counter_hierarchy = \22leaf\22, counter_id = 1 : i32, operandSegmentSizes = array<i32: 0, 0, 0>}> {lower_bound_value = 0 : index, step_value = 1 : index, upper_bound_value = 16 : index} : () -> !neura.data<index, i1>\0A      %15 = \22neura.data_mov\22(%7) : (!neura.data<index, i1>) -> !neura.data<index, i1>\0A      %16 = \22neura.data_mov\22(%13) : (!neura.data<index, i1>) -> !neura.data<index, i1>\0A      %17 = \22neura.data_mov\22(%14) : (!neura.data<index, i1>) -> !neura.data<index, i1>\0A      %18 = \22neura.load_indexed\22(%15, %16, %17) <{operandSegmentSizes = array<i32: 0, 3>}> {lhs_value = \22%input0\22} : (!neura.data<index, i1>, !neura.data<index, i1>, !neura.data<index, i1>) -> !neura.data<i32, i1>\0A      %19 = \22neura.data_mov\22(%11) : (!neura.data<index, i1>) -> !neura.data<index, i1>\0A      %20 = \22neura.data_mov\22(%13) : (!neura.data<index, i1>) -> !neura.data<index, i1>\0A      %21 = \22neura.data_mov\22(%14) : (!neura.data<index, i1>) -> !neura.data<index, i1>\0A      %22 = \22neura.load_indexed\22(%19, %20, %21) <{operandSegmentSizes = array<i32: 0, 3>}> {lhs_value = \22%input1\22} : (!neura.data<index, i1>, !neura.data<index, i1>, !neura.data<index, i1>) -> !neura.data<i32, i1>\0A      %23 = \22neura.data_mov\22(%18) : (!neura.data<i32, i1>) -> !neura.data<i32, i1>\0A      %24 = \22neura.data_mov\22(%22) : (!neura.data<i32, i1>) -> !neura.data<i32, i1>\0A      %25 = \22neura.add\22(%23, %24) : (!neura.data<i32, i1>, !neura.data<i32, i1>) -> !neura.data<i32, i1>\0A      %26 = \22neura.data_mov\22(%10) : (!neura.data<index, i1>) -> !neura.data<index, i1>\0A      %27 = \22neura.data_mov\22(%13) : (!neura.data<index, i1>) -> !neura.data<index, i1>\0A      %28 = \22neura.data_mov\22(%14) : (!neura.data<index, i1>) -> !neura.data<index, i1>\0A      %29 = \22neura.load_indexed\22(%26, %27, %28) <{operandSegmentSizes = array<i32: 0, 3>}> {lhs_value = \22%input1\22} : (!neura.data<index, i1>, !neura.data<index, i1>, !neura.data<index, i1>) -> !neura.data<i32, i1>\0A      %30 = \22neura.data_mov\22(%25) : (!neura.data<i32, i1>) -> !neura.data<i32, i1>\0A      %31 = \22neura.data_mov\22(%29) : (!neura.data<i32, i1>) -> !neura.data<i32, i1>\0A      %32 = \22neura.add\22(%30, %31) : (!neura.data<i32, i1>, !neura.data<i32, i1>) -> !neura.data<i32, i1>\0A      %33 = \22neura.data_mov\22(%9) : (!neura.data<index, i1>) -> !neura.data<index, i1>\0A      %34 = \22neura.data_mov\22(%13) : (!neura.data<index, i1>) -> !neura.data<index, i1>\0A      %35 = \22neura.data_mov\22(%14) : (!neura.data<index, i1>) -> !neura.data<index, i1>\0A      %36 = \22neura.load_indexed\22(%33, %34, %35) <{operandSegmentSizes = array<i32: 0, 3>}> {lhs_value = \22%input1\22} : (!neura.data<index, i1>, !neura.data<index, i1>, !neura.data<index, i1>) -> !neura.data<i32, i1>\0A      %37 = \22neura.data_mov\22(%32) : (!neura.data<i32, i1>) -> !neura.data<i32, i1>\0A      %38 = \22neura.data_mov\22(%36) : (!neura.data<i32, i1>) -> !neura.data<i32, i1>\0A      %39 = \22neura.add\22(%37, %38) : (!neura.data<i32, i1>, !neura.data<i32, i1>) -> !neura.data<i32, i1>\0A      %40 = \22neura.data_mov\22(%8) : (!neura.data<index, i1>) -> !neura.data<index, i1>\0A      %41 = \22neura.data_mov\22(%13) : (!neura.data<index, i1>) -> !neura.data<index, i1>\0A      %42 = \22neura.data_mov\22(%14) : (!neura.data<index, i1>) -> !neura.data<index, i1>\0A      %43 = \22neura.load_indexed\22(%40, %41, %42) <{operandSegmentSizes = array<i32: 0, 3>}> {lhs_value = \22%input1\22} : (!neura.data<index, i1>, !neura.data<index, i1>, !neura.data<index, i1>) -> !neura.data<i32, i1>\0A      %44 = \22neura.data_mov\22(%39) : (!neura.data<i32, i1>) -> !neura.data<i32, i1>\0A      %45 = \22neura.data_mov\22(%43) : (!neura.data<i32, i1>) -> !neura.data<i32, i1>\0A      %46 = \22neura.add\22(%44, %45) : (!neura.data<i32, i1>, !neura.data<i32, i1>) -> !neura.data<i32, i1>\0A      %47 = \22neura.data_mov\22(%12) : (!neura.data<index, i1>) -> !neura.data<index, i1>\0A      %48 = \22neura.data_mov\22(%13) : (!neura.data<index, i1>) -> !neura.data<index, i1>\0A      %49 = \22neura.data_mov\22(%14) : (!neura.data<index, i1>) -> !neura.data<index, i1>\0A      %50 = \22neura.load_indexed\22(%47, %48, %49) <{operandSegmentSizes = array<i32: 0, 3>}> {lhs_value = \22%input2\22} : (!neura.data<index, i1>, !neura.data<index, i1>, !neura.data<index, i1>) -> !neura.data<i32, i1>\0A      %51 = \22neura.data_mov\22(%46) : (!neura.data<i32, i1>) -> !neura.data<i32, i1>\0A      %52 = \22neura.data_mov\22(%50) : (!neura.data<i32, i1>) -> !neura.data<i32, i1>\0A      %53 = \22neura.add\22(%51, %52) : (!neura.data<i32, i1>, !neura.data<i32, i1>) -> !neura.data<i32, i1>\0A      %54 = \22neura.data_mov\22(%53) : (!neura.data<i32, i1>) -> !neura.data<i32, i1>\0A      %55 = \22neura.icmp\22(%54) <{cmpType = \22sgt\22}> {rhs_value = \22%input3\22} : (!neura.data<i32, i1>) -> !neura.data<i1, i1>\0A      %56 = \22neura.data_mov\22(%55) : (!neura.data<i1, i1>) -> !neura.data<i1, i1>\0A      %57 = \22neura.data_mov\22(%53) : (!neura.data<i32, i1>) -> !neura.data<i32, i1>\0A      %58 = \22neura.data_mov\22(%6) : (!neura.data<i32, i1>) -> !neura.data<i32, i1>\0A      %59 = \22neura.sel\22(%56, %57, %58) : (!neura.data<i1, i1>, !neura.data<i32, i1>, !neura.data<i32, i1>) -> !neura.data<i32, i1>\0A      %60 = \22neura.data_mov\22(%59) : (!neura.data<i32, i1>) -> !neura.data<i32, i1>\0A      %61 = \22neura.data_mov\22(%7) : (!neura.data<index, i1>) -> !neura.data<index, i1>\0A      %62 = \22neura.data_mov\22(%13) : (!neura.data<index, i1>) -> !neura.data<index, i1>\0A      %63 = \22neura.data_mov\22(%14) : (!neura.data<index, i1>) -> !neura.data<index, i1>\0A      \22neura.store_indexed\22(%60, %61, %62, %63) <{operandSegmentSizes = array<i32: 1, 0, 3>}> {rhs_value = \22%input2\22} : (!neura.data<i32, i1>, !neura.data<index, i1>, !neura.data<index, i1>, !neura.data<index, i1>) -> ()\0A      \22neura.yield\22() <{operandSegmentSizes = array<i32: 0, 0>}> {yield_type = \22void\22} : () -> ()\0A    }) {dataflow_mode = \22predicate\22} : (memref<?x256x16xi32>, memref<?x256x16xi32>, memref<?x256x16xi32>, i32, index) -> ()\0A    \22taskflow.yield\22(%arg20) <{operandSegmentSizes = array<i32: 0, 1, 0>}> : (memref<?x256x16xi32>) -> ()\0A  }) {dlp_replicable = true, runtime_managable = true} : (memref<?x256x16xi32>, memref<?x256x16xi32>, memref<?x256x16xi32>, memref<?x256x16xi32>, memref<?x256x16xi32>, memref<?x256x16xi32>, memref<?x256x16xi32>, memref<?x256x16xi32>, index, i32, memref<?x256x16xi32>, memref<?x256x16xi32>, memref<?x256x16xi32>, memref<?x256x16xi32>) -> memref<?x256x16xi32>\0A  \22func.return\22() : () -> ()\0A}) : () -> ()", amoeba.source_iteration_domain = {axes = [{carried_values = 0 : i64, expanded_inside_mapper_firing = false, extent = 5 : i64, kind = "taskflow-counter", lower = 0 : i64, ordinal = 0 : i64, parent_counter_ordinal = -1 : i64, result_uses = 0 : i64, step = 1 : i64, upper = 5 : i64}, {carried_values = 0 : i64, expanded_inside_mapper_firing = false, extent = 16 : i64, kind = "taskflow-counter", lower = 0 : i64, ordinal = 1 : i64, parent_counter_ordinal = -1 : i64, result_uses = 0 : i64, step = 1 : i64, upper = 16 : i64}], canonical_witness = "amoeba-source-iteration-domain-v1\0Acomplete=1\0Arepresented_multiplicity=80\0Ainternal_multiplicity=1\0Asource_multiplicity=80\0Aaxis_count=2\0Aaxis=T,0,0,5,1,5,0,-1,0,0\0Aaxis=T,1,0,16,1,16,0,-1,0,0\0Areason_bytes=0:\0A", complete = true, internal_multiplicity = 1 : i64, represented_multiplicity = 80 : i64, schema = "amoeba-source-iteration-domain-v1", source_multiplicity = 80 : i64}, amoeba.source_iteration_source_control_binding = "amoeba-source-iteration-domain-v1\0Adomain_witness_bytes=203:amoeba-source-iteration-domain-v1\0Acomplete=1\0Arepresented_multiplicity=80\0Ainternal_multiplicity=1\0Asource_multiplicity=80\0Aaxis_count=2\0Aaxis=T,0,0,5,1,5,0,-1,0,0\0Aaxis=T,1,0,16,1,16,0,-1,0,0\0Areason_bytes=0:\0A\0A\22func.func\22() <{function_type = (memref<?x256x16xi32>, memref<?x256x16xi32>, memref<?x256x16xi32>, memref<?x256x16xi32>, memref<?x256x16xi32>, memref<?x256x16xi32>, memref<?x256x16xi32>, memref<?x256x16xi32>, index, i32, memref<?x256x16xi32>, memref<?x256x16xi32>, memref<?x256x16xi32>) -> (), sym_name = \22__source_domain_binding__\22}> ({\0A^bb0(%arg0: memref<?x256x16xi32>, %arg1: memref<?x256x16xi32>, %arg2: memref<?x256x16xi32>, %arg3: memref<?x256x16xi32>, %arg4: memref<?x256x16xi32>, %arg5: memref<?x256x16xi32>, %arg6: memref<?x256x16xi32>, %arg7: memref<?x256x16xi32>, %arg8: index, %arg9: i32, %arg10: memref<?x256x16xi32>, %arg11: memref<?x256x16xi32>, %arg12: memref<?x256x16xi32>):\0A  %0 = \22taskflow.task\22(%arg0, %arg1, %arg2, %arg3, %arg4, %arg5, %arg6, %arg7, %arg8, %arg9, %arg10, %arg11, %arg12, %arg12) <{operandSegmentSizes = array<i32: 3, 5, 2, 3, 1>, resultSegmentSizes = array<i32: 0, 1, 0>, task_name = \22Task_25\22}> ({\0A  ^bb0(%arg13: memref<?x256x16xi32>, %arg14: memref<?x256x16xi32>, %arg15: memref<?x256x16xi32>, %arg16: memref<?x256x16xi32>, %arg17: memref<?x256x16xi32>, %arg18: memref<?x256x16xi32>, %arg19: memref<?x256x16xi32>, %arg20: memref<?x256x16xi32>, %arg21: index, %arg22: i32):\0A    %1 = \22arith.constant\22() <{value = 16 : index}> : () -> index\0A    %2 = \22arith.constant\22() <{value = 0 : index}> : () -> index\0A    %3 = \22arith.constant\22() <{value = 1 : index}> : () -> index\0A    %4 = \22taskflow.counter\22(%2, %arg21, %3) <{counter_dynamism = \22symbol_bound\22, counter_hierarchy = \22root\22, counter_id = 0 : i32}> : (index, index, index) -> index\0A    %5 = \22taskflow.counter\22(%4, %2, %1, %3) <{counter_dynamism = \22constant_bound\22, counter_hierarchy = \22leaf\22, counter_id = 1 : i32}> : (index, index, index, index) -> index\0A    \22neura.kernel\22(%arg13, %arg14, %arg20, %arg22, %arg21) <{accelerator = \22neura\22, operandSegmentSizes = array<i32: 5, 0>}> ({\0A    ^bb0(%arg23: !neura.data<memref<?x256x16xi32>, i1>, %arg24: !neura.data<memref<?x256x16xi32>, i1>, %arg25: !neura.data<memref<?x256x16xi32>, i1>, %arg26: !neura.data<i32, i1>, %arg27: !neura.data<index, i1>):\0A      %6 = \22neura.constant\22() <{value = \22%input3\22}> : () -> !neura.data<i32, i1>\0A      %7 = \22neura.constant\22() <{value = 2 : index}> : () -> !neura.data<index, i1>\0A      %8 = \22neura.constant\22() <{value = 11 : index}> : () -> !neura.data<index, i1>\0A      %9 = \22neura.constant\22() <{value = 10 : index}> : () -> !neura.data<index, i1>\0A      %10 = \22neura.constant\22() <{value = 9 : index}> : () -> !neura.data<index, i1>\0A      %11 = \22neura.constant\22() <{value = 8 : index}> : () -> !neura.data<index, i1>\0A      %12 = \22neura.constant\22() <{value = 1 : index}> : () -> !neura.data<index, i1>\0A      %13 = \22neura.counter\22() <{counter_dynamism = \22symbol_bound\22, counter_hierarchy = \22root\22, counter_id = 0 : i32, operandSegmentSizes = array<i32: 0, 0, 0>}> {lower_bound_value = 0 : index, step_value = 1 : index, upper_bound_value = \22%input4\22} : () -> !neura.data<index, i1>\0A      %14 = \22neura.counter\22() <{counter_dynamism = \22constant_bound\22, counter_hierarchy = \22leaf\22, counter_id = 1 : i32, operandSegmentSizes = array<i32: 0, 0, 0>}> {lower_bound_value = 0 : index, step_value = 1 : index, upper_bound_value = 16 : index} : () -> !neura.data<index, i1>\0A      %15 = \22neura.data_mov\22(%7) : (!neura.data<index, i1>) -> !neura.data<index, i1>\0A      %16 = \22neura.data_mov\22(%13) : (!neura.data<index, i1>) -> !neura.data<index, i1>\0A      %17 = \22neura.data_mov\22(%14) : (!neura.data<index, i1>) -> !neura.data<index, i1>\0A      %18 = \22neura.load_indexed\22(%15, %16, %17) <{operandSegmentSizes = array<i32: 0, 3>}> {lhs_value = \22%input0\22} : (!neura.data<index, i1>, !neura.data<index, i1>, !neura.data<index, i1>) -> !neura.data<i32, i1>\0A      %19 = \22neura.data_mov\22(%11) : (!neura.data<index, i1>) -> !neura.data<index, i1>\0A      %20 = \22neura.data_mov\22(%13) : (!neura.data<index, i1>) -> !neura.data<index, i1>\0A      %21 = \22neura.data_mov\22(%14) : (!neura.data<index, i1>) -> !neura.data<index, i1>\0A      %22 = \22neura.load_indexed\22(%19, %20, %21) <{operandSegmentSizes = array<i32: 0, 3>}> {lhs_value = \22%input1\22} : (!neura.data<index, i1>, !neura.data<index, i1>, !neura.data<index, i1>) -> !neura.data<i32, i1>\0A      %23 = \22neura.data_mov\22(%18) : (!neura.data<i32, i1>) -> !neura.data<i32, i1>\0A      %24 = \22neura.data_mov\22(%22) : (!neura.data<i32, i1>) -> !neura.data<i32, i1>\0A      %25 = \22neura.add\22(%23, %24) : (!neura.data<i32, i1>, !neura.data<i32, i1>) -> !neura.data<i32, i1>\0A      %26 = \22neura.data_mov\22(%10) : (!neura.data<index, i1>) -> !neura.data<index, i1>\0A      %27 = \22neura.data_mov\22(%13) : (!neura.data<index, i1>) -> !neura.data<index, i1>\0A      %28 = \22neura.data_mov\22(%14) : (!neura.data<index, i1>) -> !neura.data<index, i1>\0A      %29 = \22neura.load_indexed\22(%26, %27, %28) <{operandSegmentSizes = array<i32: 0, 3>}> {lhs_value = \22%input1\22} : (!neura.data<index, i1>, !neura.data<index, i1>, !neura.data<index, i1>) -> !neura.data<i32, i1>\0A      %30 = \22neura.data_mov\22(%25) : (!neura.data<i32, i1>) -> !neura.data<i32, i1>\0A      %31 = \22neura.data_mov\22(%29) : (!neura.data<i32, i1>) -> !neura.data<i32, i1>\0A      %32 = \22neura.add\22(%30, %31) : (!neura.data<i32, i1>, !neura.data<i32, i1>) -> !neura.data<i32, i1>\0A      %33 = \22neura.data_mov\22(%9) : (!neura.data<index, i1>) -> !neura.data<index, i1>\0A      %34 = \22neura.data_mov\22(%13) : (!neura.data<index, i1>) -> !neura.data<index, i1>\0A      %35 = \22neura.data_mov\22(%14) : (!neura.data<index, i1>) -> !neura.data<index, i1>\0A      %36 = \22neura.load_indexed\22(%33, %34, %35) <{operandSegmentSizes = array<i32: 0, 3>}> {lhs_value = \22%input1\22} : (!neura.data<index, i1>, !neura.data<index, i1>, !neura.data<index, i1>) -> !neura.data<i32, i1>\0A      %37 = \22neura.data_mov\22(%32) : (!neura.data<i32, i1>) -> !neura.data<i32, i1>\0A      %38 = \22neura.data_mov\22(%36) : (!neura.data<i32, i1>) -> !neura.data<i32, i1>\0A      %39 = \22neura.add\22(%37, %38) : (!neura.data<i32, i1>, !neura.data<i32, i1>) -> !neura.data<i32, i1>\0A      %40 = \22neura.data_mov\22(%8) : (!neura.data<index, i1>) -> !neura.data<index, i1>\0A      %41 = \22neura.data_mov\22(%13) : (!neura.data<index, i1>) -> !neura.data<index, i1>\0A      %42 = \22neura.data_mov\22(%14) : (!neura.data<index, i1>) -> !neura.data<index, i1>\0A      %43 = \22neura.load_indexed\22(%40, %41, %42) <{operandSegmentSizes = array<i32: 0, 3>}> {lhs_value = \22%input1\22} : (!neura.data<index, i1>, !neura.data<index, i1>, !neura.data<index, i1>) -> !neura.data<i32, i1>\0A      %44 = \22neura.data_mov\22(%39) : (!neura.data<i32, i1>) -> !neura.data<i32, i1>\0A      %45 = \22neura.data_mov\22(%43) : (!neura.data<i32, i1>) -> !neura.data<i32, i1>\0A      %46 = \22neura.add\22(%44, %45) : (!neura.data<i32, i1>, !neura.data<i32, i1>) -> !neura.data<i32, i1>\0A      %47 = \22neura.data_mov\22(%12) : (!neura.data<index, i1>) -> !neura.data<index, i1>\0A      %48 = \22neura.data_mov\22(%13) : (!neura.data<index, i1>) -> !neura.data<index, i1>\0A      %49 = \22neura.data_mov\22(%14) : (!neura.data<index, i1>) -> !neura.data<index, i1>\0A      %50 = \22neura.load_indexed\22(%47, %48, %49) <{operandSegmentSizes = array<i32: 0, 3>}> {lhs_value = \22%input2\22} : (!neura.data<index, i1>, !neura.data<index, i1>, !neura.data<index, i1>) -> !neura.data<i32, i1>\0A      %51 = \22neura.data_mov\22(%46) : (!neura.data<i32, i1>) -> !neura.data<i32, i1>\0A      %52 = \22neura.data_mov\22(%50) : (!neura.data<i32, i1>) -> !neura.data<i32, i1>\0A      %53 = \22neura.add\22(%51, %52) : (!neura.data<i32, i1>, !neura.data<i32, i1>) -> !neura.data<i32, i1>\0A      %54 = \22neura.data_mov\22(%53) : (!neura.data<i32, i1>) -> !neura.data<i32, i1>\0A      %55 = \22neura.icmp\22(%54) <{cmpType = \22sgt\22}> {rhs_value = \22%input3\22} : (!neura.data<i32, i1>) -> !neura.data<i1, i1>\0A      %56 = \22neura.data_mov\22(%55) : (!neura.data<i1, i1>) -> !neura.data<i1, i1>\0A      %57 = \22neura.data_mov\22(%53) : (!neura.data<i32, i1>) -> !neura.data<i32, i1>\0A      %58 = \22neura.data_mov\22(%6) : (!neura.data<i32, i1>) -> !neura.data<i32, i1>\0A      %59 = \22neura.sel\22(%56, %57, %58) : (!neura.data<i1, i1>, !neura.data<i32, i1>, !neura.data<i32, i1>) -> !neura.data<i32, i1>\0A      %60 = \22neura.data_mov\22(%59) : (!neura.data<i32, i1>) -> !neura.data<i32, i1>\0A      %61 = \22neura.data_mov\22(%7) : (!neura.data<index, i1>) -> !neura.data<index, i1>\0A      %62 = \22neura.data_mov\22(%13) : (!neura.data<index, i1>) -> !neura.data<index, i1>\0A      %63 = \22neura.data_mov\22(%14) : (!neura.data<index, i1>) -> !neura.data<index, i1>\0A      \22neura.store_indexed\22(%60, %61, %62, %63) <{operandSegmentSizes = array<i32: 1, 0, 3>}> {rhs_value = \22%input2\22} : (!neura.data<i32, i1>, !neura.data<index, i1>, !neura.data<index, i1>, !neura.data<index, i1>) -> ()\0A      \22neura.yield\22() <{operandSegmentSizes = array<i32: 0, 0>}> {yield_type = \22void\22} : () -> ()\0A    }) {dataflow_mode = \22predicate\22} : (memref<?x256x16xi32>, memref<?x256x16xi32>, memref<?x256x16xi32>, i32, index) -> ()\0A    \22taskflow.yield\22(%arg20) <{operandSegmentSizes = array<i32: 0, 1, 0>}> : (memref<?x256x16xi32>) -> ()\0A  }) {dlp_replicable = true, runtime_managable = true} : (memref<?x256x16xi32>, memref<?x256x16xi32>, memref<?x256x16xi32>, memref<?x256x16xi32>, memref<?x256x16xi32>, memref<?x256x16xi32>, memref<?x256x16xi32>, memref<?x256x16xi32>, index, i32, memref<?x256x16xi32>, memref<?x256x16xi32>, memref<?x256x16xi32>, memref<?x256x16xi32>) -> memref<?x256x16xi32>\0A  \22func.return\22() : () -> ()\0A}) : () -> ()", dlp_replicable = true, runtime_managable = true} : (memref<?x256x16xi32>, memref<?x256x16xi32>, memref<?x256x16xi32>, memref<?x256x16xi32>, memref<?x256x16xi32>, memref<?x256x16xi32>, memref<?x256x16xi32>, memref<?x256x16xi32>, index, i32, memref<?x256x16xi32>, memref<?x256x16xi32>, memref<?x256x16xi32>, memref<?x256x16xi32>) -> memref<?x256x16xi32>
    %31 = "taskflow.task"(%30, %arg14, %arg14, %4, %3, %0, %arg13, %arg14, %arg14) <{operandSegmentSizes = array<i32: 2, 1, 3, 2, 1>, resultSegmentSizes = array<i32: 0, 1, 0>, task_name = "Task_26"}> ({
    ^bb0(%arg20: memref<?x256x16xi32>, %arg21: memref<?xi32>, %arg22: memref<?xi32>, %arg23: index, %arg24: i32, %arg25: i32):
      %44 = "arith.constant"() <{value = 0 : index}> : () -> index
      %45 = "arith.constant"() <{value = 16 : index}> : () -> index
      %46 = "arith.constant"() <{value = 1 : index}> : () -> index
      %47 = "taskflow.counter"(%44, %45, %46) <{counter_dynamism = "constant_bound", counter_hierarchy = "root", counter_id = 0 : i32}> : (index, index, index) -> index
      %48 = "taskflow.counter"(%47, %44, %arg23, %46) <{counter_dynamism = "symbol_bound", counter_hierarchy = "leaf", counter_id = 1 : i32}> : (index, index, index, index) -> index
      "neura.kernel"(%arg24, %arg22, %arg20, %arg25, %arg23, %arg23) <{accelerator = "neura", operandSegmentSizes = array<i32: 6, 0>}> ({
      ^bb0(%arg26: !neura.data<i32, i1>, %arg27: !neura.data<memref<?xi32>, i1>, %arg28: !neura.data<memref<?x256x16xi32>, i1>, %arg29: !neura.data<i32, i1>, %arg30: !neura.data<index, i1>, %arg31: !neura.data<index, i1>):
        %49 = "neura.constant"() <{value = "%input1"}> : () -> !neura.data<memref<?xi32>, i1>
        %50 = "neura.constant"() <{value = 2 : index}> : () -> !neura.data<index, i1>
        %51 = "neura.counter"() <{counter_dynamism = "constant_bound", counter_hierarchy = "root", counter_id = 0 : i32, operandSegmentSizes = array<i32: 0, 0, 0>}> {lower_bound_value = 0 : index, step_value = 1 : index, upper_bound_value = 16 : index} : () -> !neura.data<index, i1>
        %52 = "neura.counter"() <{counter_dynamism = "symbol_bound", counter_hierarchy = "leaf", counter_id = 1 : i32, operandSegmentSizes = array<i32: 0, 0, 0>}> {lower_bound_value = 0 : index, step_value = 1 : index, upper_bound_value = "%input5"} : () -> !neura.data<index, i1>
        %53 = "neura.data_mov"(%52) : (!neura.data<index, i1>) -> !neura.data<index, i1>
        %54 = "neura.icmp"(%53) <{cmpType = "eq"}> {rhs_value = 0 : index} : (!neura.data<index, i1>) -> !neura.data<i1, i1>
        %55 = "neura.data_mov"(%49) : (!neura.data<memref<?xi32>, i1>) -> !neura.data<memref<?xi32>, i1>
        %56 = "neura.data_mov"(%54) : (!neura.data<i1, i1>) -> !neura.data<i1, i1>
        %57 = "neura.grant_predicate"(%55, %56) : (!neura.data<memref<?xi32>, i1>, !neura.data<i1, i1>) -> !neura.data<memref<?xi32>, i1>
        %58 = "neura.data_mov"(%51) : (!neura.data<index, i1>) -> !neura.data<index, i1>
        %59 = "neura.data_mov"(%54) : (!neura.data<i1, i1>) -> !neura.data<i1, i1>
        %60 = "neura.grant_predicate"(%58, %59) : (!neura.data<index, i1>, !neura.data<i1, i1>) -> !neura.data<index, i1>
        %61 = "neura.data_mov"(%50) : (!neura.data<index, i1>) -> !neura.data<index, i1>
        %62 = "neura.data_mov"(%54) : (!neura.data<i1, i1>) -> !neura.data<i1, i1>
        %63 = "neura.grant_predicate"(%61, %62) : (!neura.data<index, i1>, !neura.data<i1, i1>) -> !neura.data<index, i1>
        %64 = "neura.data_mov"(%52) : (!neura.data<index, i1>) -> !neura.data<index, i1>
        %65 = "neura.data_mov"(%54) : (!neura.data<i1, i1>) -> !neura.data<i1, i1>
        %66 = "neura.grant_predicate"(%64, %65) : (!neura.data<index, i1>, !neura.data<i1, i1>) -> !neura.data<index, i1>
        %67 = "neura.data_mov"(%54) : (!neura.data<i1, i1>) -> !neura.data<i1, i1>
        %68 = "neura.not"(%67) : (!neura.data<i1, i1>) -> !neura.data<i1, i1>
        %69 = "neura.data_mov"(%50) : (!neura.data<index, i1>) -> !neura.data<index, i1>
        %70 = "neura.data_mov"(%68) : (!neura.data<i1, i1>) -> !neura.data<i1, i1>
        %71 = "neura.grant_predicate"(%69, %70) : (!neura.data<index, i1>, !neura.data<i1, i1>) -> !neura.data<index, i1>
        %72 = "neura.data_mov"(%52) : (!neura.data<index, i1>) -> !neura.data<index, i1>
        %73 = "neura.data_mov"(%68) : (!neura.data<i1, i1>) -> !neura.data<i1, i1>
        %74 = "neura.grant_predicate"(%72, %73) : (!neura.data<index, i1>, !neura.data<i1, i1>) -> !neura.data<index, i1>
        %75 = "neura.data_mov"(%51) : (!neura.data<index, i1>) -> !neura.data<index, i1>
        %76 = "neura.data_mov"(%68) : (!neura.data<i1, i1>) -> !neura.data<i1, i1>
        %77 = "neura.grant_predicate"(%75, %76) : (!neura.data<index, i1>, !neura.data<i1, i1>) -> !neura.data<index, i1>
        %78 = "neura.data_mov"(%57) : (!neura.data<memref<?xi32>, i1>) -> !neura.data<memref<?xi32>, i1>
        %79 = "neura.data_mov"(%60) : (!neura.data<index, i1>) -> !neura.data<index, i1>
        "neura.store_indexed"(%78, %79) <{operandSegmentSizes = array<i32: 0, 1, 1>}> {lhs_value = "%input0"} : (!neura.data<memref<?xi32>, i1>, !neura.data<index, i1>) -> ()
        %80 = "neura.data_mov"(%77) : (!neura.data<index, i1>) -> !neura.data<index, i1>
        %81 = "neura.data_mov"(%60) : (!neura.data<index, i1>) -> !neura.data<index, i1>
        %82 = "neura.phi"(%80, %81) : (!neura.data<index, i1>, !neura.data<index, i1>) -> !neura.data<index, i1>
        %83 = "neura.data_mov"(%74) : (!neura.data<index, i1>) -> !neura.data<index, i1>
        %84 = "neura.data_mov"(%66) : (!neura.data<index, i1>) -> !neura.data<index, i1>
        %85 = "neura.phi"(%83, %84) : (!neura.data<index, i1>, !neura.data<index, i1>) -> !neura.data<index, i1>
        %86 = "neura.data_mov"(%71) : (!neura.data<index, i1>) -> !neura.data<index, i1>
        %87 = "neura.data_mov"(%63) : (!neura.data<index, i1>) -> !neura.data<index, i1>
        %88 = "neura.phi"(%86, %87) : (!neura.data<index, i1>, !neura.data<index, i1>) -> !neura.data<index, i1>
        %89 = "neura.data_mov"(%88) : (!neura.data<index, i1>) -> !neura.data<index, i1>
        %90 = "neura.data_mov"(%85) : (!neura.data<index, i1>) -> !neura.data<index, i1>
        %91 = "neura.data_mov"(%82) : (!neura.data<index, i1>) -> !neura.data<index, i1>
        %92 = "neura.load_indexed"(%89, %90, %91) <{operandSegmentSizes = array<i32: 0, 3>}> {lhs_value = "%input2"} : (!neura.data<index, i1>, !neura.data<index, i1>, !neura.data<index, i1>) -> !neura.data<i32, i1>
        %93 = "neura.data_mov"(%82) : (!neura.data<index, i1>) -> !neura.data<index, i1>
        %94 = "neura.load_indexed"(%93) <{operandSegmentSizes = array<i32: 0, 1>}> {lhs_value = "%input1"} : (!neura.data<index, i1>) -> !neura.data<i32, i1>
        %95 = "neura.data_mov"(%94) : (!neura.data<i32, i1>) -> !neura.data<i32, i1>
        %96 = "neura.data_mov"(%92) : (!neura.data<i32, i1>) -> !neura.data<i32, i1>
        %97 = "neura.add"(%95, %96) : (!neura.data<i32, i1>, !neura.data<i32, i1>) -> !neura.data<i32, i1>
        %98 = "neura.data_mov"(%97) : (!neura.data<i32, i1>) -> !neura.data<i32, i1>
        %99 = "neura.data_mov"(%82) : (!neura.data<index, i1>) -> !neura.data<index, i1>
        "neura.store_indexed"(%98, %99) <{operandSegmentSizes = array<i32: 1, 0, 1>}> {rhs_value = "%input1"} : (!neura.data<i32, i1>, !neura.data<index, i1>) -> ()
        %100 = "neura.data_mov"(%82) : (!neura.data<index, i1>) -> !neura.data<index, i1>
        %101 = "neura.load_indexed"(%100) <{operandSegmentSizes = array<i32: 0, 1>}> {lhs_value = "%input1"} : (!neura.data<index, i1>) -> !neura.data<i32, i1>
        %102 = "neura.data_mov"(%101) : (!neura.data<i32, i1>) -> !neura.data<i32, i1>
        %103 = "neura.div"(%102) {rhs_value = "%input3"} : (!neura.data<i32, i1>) -> !neura.data<i32, i1>
        %104 = "neura.data_mov"(%85) : (!neura.data<index, i1>) -> !neura.data<index, i1>
        %105 = "neura.add"(%104) {rhs_value = 1 : index} : (!neura.data<index, i1>) -> !neura.data<index, i1>
        %106 = "neura.data_mov"(%105) : (!neura.data<index, i1>) -> !neura.data<index, i1>
        %107 = "neura.icmp"(%106) <{cmpType = "sge"}> {rhs_value = "%input4"} : (!neura.data<index, i1>) -> !neura.data<i1, i1>
        %108 = "neura.data_mov"(%103) : (!neura.data<i32, i1>) -> !neura.data<i32, i1>
        %109 = "neura.data_mov"(%107) : (!neura.data<i1, i1>) -> !neura.data<i1, i1>
        %110 = "neura.grant_predicate"(%108, %109) : (!neura.data<i32, i1>, !neura.data<i1, i1>) -> !neura.data<i32, i1>
        %111 = "neura.data_mov"(%82) : (!neura.data<index, i1>) -> !neura.data<index, i1>
        %112 = "neura.data_mov"(%107) : (!neura.data<i1, i1>) -> !neura.data<i1, i1>
        %113 = "neura.grant_predicate"(%111, %112) : (!neura.data<index, i1>, !neura.data<i1, i1>) -> !neura.data<index, i1>
        %114 = "neura.data_mov"(%110) : (!neura.data<i32, i1>) -> !neura.data<i32, i1>
        %115 = "neura.data_mov"(%113) : (!neura.data<index, i1>) -> !neura.data<index, i1>
        "neura.store_indexed"(%114, %115) <{operandSegmentSizes = array<i32: 1, 0, 1>}> {rhs_value = "%input1"} : (!neura.data<i32, i1>, !neura.data<index, i1>) -> ()
        "neura.yield"() <{operandSegmentSizes = array<i32: 0, 0>}> {yield_type = "void"} : () -> ()
      }) {dataflow_mode = "predicate"} : (i32, memref<?xi32>, memref<?x256x16xi32>, i32, index, index) -> ()
      "taskflow.yield"(%arg22) <{operandSegmentSizes = array<i32: 0, 1, 0>}> : (memref<?xi32>) -> ()
    }) {amoeba.source_iteration_control_binding = "amoeba-source-iteration-domain-v1\0Adomain_witness_bytes=203:amoeba-source-iteration-domain-v1\0Acomplete=1\0Arepresented_multiplicity=80\0Ainternal_multiplicity=1\0Asource_multiplicity=80\0Aaxis_count=2\0Aaxis=T,0,0,16,1,16,0,-1,0,0\0Aaxis=T,1,0,5,1,5,0,-1,0,0\0Areason_bytes=0:\0A\0A\22func.func\22() <{function_type = (memref<?x256x16xi32>, memref<?xi32>, index, i32, i32, memref<?x256x16xi32>) -> (), sym_name = \22__source_domain_binding__\22}> ({\0A^bb0(%arg0: memref<?x256x16xi32>, %arg1: memref<?xi32>, %arg2: index, %arg3: i32, %arg4: i32, %arg5: memref<?x256x16xi32>):\0A  %0 = \22taskflow.task\22(%arg0, %arg1, %arg1, %arg2, %arg3, %arg4, %arg5, %arg1, %arg1) <{operandSegmentSizes = array<i32: 2, 1, 3, 2, 1>, resultSegmentSizes = array<i32: 0, 1, 0>, task_name = \22Task_26\22}> ({\0A  ^bb0(%arg6: memref<?x256x16xi32>, %arg7: memref<?xi32>, %arg8: memref<?xi32>, %arg9: index, %arg10: i32, %arg11: i32):\0A    %1 = \22arith.constant\22() <{value = 0 : index}> : () -> index\0A    %2 = \22arith.constant\22() <{value = 16 : index}> : () -> index\0A    %3 = \22arith.constant\22() <{value = 1 : index}> : () -> index\0A    %4 = \22taskflow.counter\22(%1, %2, %3) <{counter_dynamism = \22constant_bound\22, counter_hierarchy = \22root\22, counter_id = 0 : i32}> : (index, index, index) -> index\0A    %5 = \22taskflow.counter\22(%4, %1, %arg9, %3) <{counter_dynamism = \22symbol_bound\22, counter_hierarchy = \22leaf\22, counter_id = 1 : i32}> : (index, index, index, index) -> index\0A    \22neura.kernel\22(%arg10, %arg8, %arg6, %arg11, %arg9, %arg9) <{accelerator = \22neura\22, operandSegmentSizes = array<i32: 6, 0>}> ({\0A    ^bb0(%arg12: !neura.data<i32, i1>, %arg13: !neura.data<memref<?xi32>, i1>, %arg14: !neura.data<memref<?x256x16xi32>, i1>, %arg15: !neura.data<i32, i1>, %arg16: !neura.data<index, i1>, %arg17: !neura.data<index, i1>):\0A      %6 = \22neura.constant\22() <{value = \22%input1\22}> : () -> !neura.data<memref<?xi32>, i1>\0A      %7 = \22neura.constant\22() <{value = 2 : index}> : () -> !neura.data<index, i1>\0A      %8 = \22neura.counter\22() <{counter_dynamism = \22constant_bound\22, counter_hierarchy = \22root\22, counter_id = 0 : i32, operandSegmentSizes = array<i32: 0, 0, 0>}> {lower_bound_value = 0 : index, step_value = 1 : index, upper_bound_value = 16 : index} : () -> !neura.data<index, i1>\0A      %9 = \22neura.counter\22() <{counter_dynamism = \22symbol_bound\22, counter_hierarchy = \22leaf\22, counter_id = 1 : i32, operandSegmentSizes = array<i32: 0, 0, 0>}> {lower_bound_value = 0 : index, step_value = 1 : index, upper_bound_value = \22%input5\22} : () -> !neura.data<index, i1>\0A      %10 = \22neura.data_mov\22(%9) : (!neura.data<index, i1>) -> !neura.data<index, i1>\0A      %11 = \22neura.icmp\22(%10) <{cmpType = \22eq\22}> {rhs_value = 0 : index} : (!neura.data<index, i1>) -> !neura.data<i1, i1>\0A      %12 = \22neura.data_mov\22(%6) : (!neura.data<memref<?xi32>, i1>) -> !neura.data<memref<?xi32>, i1>\0A      %13 = \22neura.data_mov\22(%11) : (!neura.data<i1, i1>) -> !neura.data<i1, i1>\0A      %14 = \22neura.grant_predicate\22(%12, %13) : (!neura.data<memref<?xi32>, i1>, !neura.data<i1, i1>) -> !neura.data<memref<?xi32>, i1>\0A      %15 = \22neura.data_mov\22(%8) : (!neura.data<index, i1>) -> !neura.data<index, i1>\0A      %16 = \22neura.data_mov\22(%11) : (!neura.data<i1, i1>) -> !neura.data<i1, i1>\0A      %17 = \22neura.grant_predicate\22(%15, %16) : (!neura.data<index, i1>, !neura.data<i1, i1>) -> !neura.data<index, i1>\0A      %18 = \22neura.data_mov\22(%7) : (!neura.data<index, i1>) -> !neura.data<index, i1>\0A      %19 = \22neura.data_mov\22(%11) : (!neura.data<i1, i1>) -> !neura.data<i1, i1>\0A      %20 = \22neura.grant_predicate\22(%18, %19) : (!neura.data<index, i1>, !neura.data<i1, i1>) -> !neura.data<index, i1>\0A      %21 = \22neura.data_mov\22(%9) : (!neura.data<index, i1>) -> !neura.data<index, i1>\0A      %22 = \22neura.data_mov\22(%11) : (!neura.data<i1, i1>) -> !neura.data<i1, i1>\0A      %23 = \22neura.grant_predicate\22(%21, %22) : (!neura.data<index, i1>, !neura.data<i1, i1>) -> !neura.data<index, i1>\0A      %24 = \22neura.data_mov\22(%11) : (!neura.data<i1, i1>) -> !neura.data<i1, i1>\0A      %25 = \22neura.not\22(%24) : (!neura.data<i1, i1>) -> !neura.data<i1, i1>\0A      %26 = \22neura.data_mov\22(%7) : (!neura.data<index, i1>) -> !neura.data<index, i1>\0A      %27 = \22neura.data_mov\22(%25) : (!neura.data<i1, i1>) -> !neura.data<i1, i1>\0A      %28 = \22neura.grant_predicate\22(%26, %27) : (!neura.data<index, i1>, !neura.data<i1, i1>) -> !neura.data<index, i1>\0A      %29 = \22neura.data_mov\22(%9) : (!neura.data<index, i1>) -> !neura.data<index, i1>\0A      %30 = \22neura.data_mov\22(%25) : (!neura.data<i1, i1>) -> !neura.data<i1, i1>\0A      %31 = \22neura.grant_predicate\22(%29, %30) : (!neura.data<index, i1>, !neura.data<i1, i1>) -> !neura.data<index, i1>\0A      %32 = \22neura.data_mov\22(%8) : (!neura.data<index, i1>) -> !neura.data<index, i1>\0A      %33 = \22neura.data_mov\22(%25) : (!neura.data<i1, i1>) -> !neura.data<i1, i1>\0A      %34 = \22neura.grant_predicate\22(%32, %33) : (!neura.data<index, i1>, !neura.data<i1, i1>) -> !neura.data<index, i1>\0A      %35 = \22neura.data_mov\22(%14) : (!neura.data<memref<?xi32>, i1>) -> !neura.data<memref<?xi32>, i1>\0A      %36 = \22neura.data_mov\22(%17) : (!neura.data<index, i1>) -> !neura.data<index, i1>\0A      \22neura.store_indexed\22(%35, %36) <{operandSegmentSizes = array<i32: 0, 1, 1>}> {lhs_value = \22%input0\22} : (!neura.data<memref<?xi32>, i1>, !neura.data<index, i1>) -> ()\0A      %37 = \22neura.data_mov\22(%34) : (!neura.data<index, i1>) -> !neura.data<index, i1>\0A      %38 = \22neura.data_mov\22(%17) : (!neura.data<index, i1>) -> !neura.data<index, i1>\0A      %39 = \22neura.phi\22(%37, %38) : (!neura.data<index, i1>, !neura.data<index, i1>) -> !neura.data<index, i1>\0A      %40 = \22neura.data_mov\22(%31) : (!neura.data<index, i1>) -> !neura.data<index, i1>\0A      %41 = \22neura.data_mov\22(%23) : (!neura.data<index, i1>) -> !neura.data<index, i1>\0A      %42 = \22neura.phi\22(%40, %41) : (!neura.data<index, i1>, !neura.data<index, i1>) -> !neura.data<index, i1>\0A      %43 = \22neura.data_mov\22(%28) : (!neura.data<index, i1>) -> !neura.data<index, i1>\0A      %44 = \22neura.data_mov\22(%20) : (!neura.data<index, i1>) -> !neura.data<index, i1>\0A      %45 = \22neura.phi\22(%43, %44) : (!neura.data<index, i1>, !neura.data<index, i1>) -> !neura.data<index, i1>\0A      %46 = \22neura.data_mov\22(%45) : (!neura.data<index, i1>) -> !neura.data<index, i1>\0A      %47 = \22neura.data_mov\22(%42) : (!neura.data<index, i1>) -> !neura.data<index, i1>\0A      %48 = \22neura.data_mov\22(%39) : (!neura.data<index, i1>) -> !neura.data<index, i1>\0A      %49 = \22neura.load_indexed\22(%46, %47, %48) <{operandSegmentSizes = array<i32: 0, 3>}> {lhs_value = \22%input2\22} : (!neura.data<index, i1>, !neura.data<index, i1>, !neura.data<index, i1>) -> !neura.data<i32, i1>\0A      %50 = \22neura.data_mov\22(%39) : (!neura.data<index, i1>) -> !neura.data<index, i1>\0A      %51 = \22neura.load_indexed\22(%50) <{operandSegmentSizes = array<i32: 0, 1>}> {lhs_value = \22%input1\22} : (!neura.data<index, i1>) -> !neura.data<i32, i1>\0A      %52 = \22neura.data_mov\22(%51) : (!neura.data<i32, i1>) -> !neura.data<i32, i1>\0A      %53 = \22neura.data_mov\22(%49) : (!neura.data<i32, i1>) -> !neura.data<i32, i1>\0A      %54 = \22neura.add\22(%52, %53) : (!neura.data<i32, i1>, !neura.data<i32, i1>) -> !neura.data<i32, i1>\0A      %55 = \22neura.data_mov\22(%54) : (!neura.data<i32, i1>) -> !neura.data<i32, i1>\0A      %56 = \22neura.data_mov\22(%39) : (!neura.data<index, i1>) -> !neura.data<index, i1>\0A      \22neura.store_indexed\22(%55, %56) <{operandSegmentSizes = array<i32: 1, 0, 1>}> {rhs_value = \22%input1\22} : (!neura.data<i32, i1>, !neura.data<index, i1>) -> ()\0A      %57 = \22neura.data_mov\22(%39) : (!neura.data<index, i1>) -> !neura.data<index, i1>\0A      %58 = \22neura.load_indexed\22(%57) <{operandSegmentSizes = array<i32: 0, 1>}> {lhs_value = \22%input1\22} : (!neura.data<index, i1>) -> !neura.data<i32, i1>\0A      %59 = \22neura.data_mov\22(%58) : (!neura.data<i32, i1>) -> !neura.data<i32, i1>\0A      %60 = \22neura.div\22(%59) {rhs_value = \22%input3\22} : (!neura.data<i32, i1>) -> !neura.data<i32, i1>\0A      %61 = \22neura.data_mov\22(%42) : (!neura.data<index, i1>) -> !neura.data<index, i1>\0A      %62 = \22neura.add\22(%61) {rhs_value = 1 : index} : (!neura.data<index, i1>) -> !neura.data<index, i1>\0A      %63 = \22neura.data_mov\22(%62) : (!neura.data<index, i1>) -> !neura.data<index, i1>\0A      %64 = \22neura.icmp\22(%63) <{cmpType = \22sge\22}> {rhs_value = \22%input4\22} : (!neura.data<index, i1>) -> !neura.data<i1, i1>\0A      %65 = \22neura.data_mov\22(%60) : (!neura.data<i32, i1>) -> !neura.data<i32, i1>\0A      %66 = \22neura.data_mov\22(%64) : (!neura.data<i1, i1>) -> !neura.data<i1, i1>\0A      %67 = \22neura.grant_predicate\22(%65, %66) : (!neura.data<i32, i1>, !neura.data<i1, i1>) -> !neura.data<i32, i1>\0A      %68 = \22neura.data_mov\22(%39) : (!neura.data<index, i1>) -> !neura.data<index, i1>\0A      %69 = \22neura.data_mov\22(%64) : (!neura.data<i1, i1>) -> !neura.data<i1, i1>\0A      %70 = \22neura.grant_predicate\22(%68, %69) : (!neura.data<index, i1>, !neura.data<i1, i1>) -> !neura.data<index, i1>\0A      %71 = \22neura.data_mov\22(%67) : (!neura.data<i32, i1>) -> !neura.data<i32, i1>\0A      %72 = \22neura.data_mov\22(%70) : (!neura.data<index, i1>) -> !neura.data<index, i1>\0A      \22neura.store_indexed\22(%71, %72) <{operandSegmentSizes = array<i32: 1, 0, 1>}> {rhs_value = \22%input1\22} : (!neura.data<i32, i1>, !neura.data<index, i1>) -> ()\0A      \22neura.yield\22() <{operandSegmentSizes = array<i32: 0, 0>}> {yield_type = \22void\22} : () -> ()\0A    }) {dataflow_mode = \22predicate\22} : (i32, memref<?xi32>, memref<?x256x16xi32>, i32, index, index) -> ()\0A    \22taskflow.yield\22(%arg8) <{operandSegmentSizes = array<i32: 0, 1, 0>}> : (memref<?xi32>) -> ()\0A  }) {dlp_replicable = true, runtime_managable = true} : (memref<?x256x16xi32>, memref<?xi32>, memref<?xi32>, index, i32, i32, memref<?x256x16xi32>, memref<?xi32>, memref<?xi32>) -> memref<?xi32>\0A  \22func.return\22() : () -> ()\0A}) : () -> ()", amoeba.source_iteration_domain = {axes = [{carried_values = 0 : i64, expanded_inside_mapper_firing = false, extent = 16 : i64, kind = "taskflow-counter", lower = 0 : i64, ordinal = 0 : i64, parent_counter_ordinal = -1 : i64, result_uses = 0 : i64, step = 1 : i64, upper = 16 : i64}, {carried_values = 0 : i64, expanded_inside_mapper_firing = false, extent = 5 : i64, kind = "taskflow-counter", lower = 0 : i64, ordinal = 1 : i64, parent_counter_ordinal = -1 : i64, result_uses = 0 : i64, step = 1 : i64, upper = 5 : i64}], canonical_witness = "amoeba-source-iteration-domain-v1\0Acomplete=1\0Arepresented_multiplicity=80\0Ainternal_multiplicity=1\0Asource_multiplicity=80\0Aaxis_count=2\0Aaxis=T,0,0,16,1,16,0,-1,0,0\0Aaxis=T,1,0,5,1,5,0,-1,0,0\0Areason_bytes=0:\0A", complete = true, internal_multiplicity = 1 : i64, represented_multiplicity = 80 : i64, schema = "amoeba-source-iteration-domain-v1", source_multiplicity = 80 : i64}, amoeba.source_iteration_source_control_binding = "amoeba-source-iteration-domain-v1\0Adomain_witness_bytes=203:amoeba-source-iteration-domain-v1\0Acomplete=1\0Arepresented_multiplicity=80\0Ainternal_multiplicity=1\0Asource_multiplicity=80\0Aaxis_count=2\0Aaxis=T,0,0,16,1,16,0,-1,0,0\0Aaxis=T,1,0,5,1,5,0,-1,0,0\0Areason_bytes=0:\0A\0A\22func.func\22() <{function_type = (memref<?x256x16xi32>, memref<?xi32>, index, i32, i32, memref<?x256x16xi32>) -> (), sym_name = \22__source_domain_binding__\22}> ({\0A^bb0(%arg0: memref<?x256x16xi32>, %arg1: memref<?xi32>, %arg2: index, %arg3: i32, %arg4: i32, %arg5: memref<?x256x16xi32>):\0A  %0 = \22taskflow.task\22(%arg0, %arg1, %arg1, %arg2, %arg3, %arg4, %arg5, %arg1, %arg1) <{operandSegmentSizes = array<i32: 2, 1, 3, 2, 1>, resultSegmentSizes = array<i32: 0, 1, 0>, task_name = \22Task_26\22}> ({\0A  ^bb0(%arg6: memref<?x256x16xi32>, %arg7: memref<?xi32>, %arg8: memref<?xi32>, %arg9: index, %arg10: i32, %arg11: i32):\0A    %1 = \22arith.constant\22() <{value = 0 : index}> : () -> index\0A    %2 = \22arith.constant\22() <{value = 16 : index}> : () -> index\0A    %3 = \22arith.constant\22() <{value = 1 : index}> : () -> index\0A    %4 = \22taskflow.counter\22(%1, %2, %3) <{counter_dynamism = \22constant_bound\22, counter_hierarchy = \22root\22, counter_id = 0 : i32}> : (index, index, index) -> index\0A    %5 = \22taskflow.counter\22(%4, %1, %arg9, %3) <{counter_dynamism = \22symbol_bound\22, counter_hierarchy = \22leaf\22, counter_id = 1 : i32}> : (index, index, index, index) -> index\0A    \22neura.kernel\22(%arg10, %arg8, %arg6, %arg11, %arg9, %arg9) <{accelerator = \22neura\22, operandSegmentSizes = array<i32: 6, 0>}> ({\0A    ^bb0(%arg12: !neura.data<i32, i1>, %arg13: !neura.data<memref<?xi32>, i1>, %arg14: !neura.data<memref<?x256x16xi32>, i1>, %arg15: !neura.data<i32, i1>, %arg16: !neura.data<index, i1>, %arg17: !neura.data<index, i1>):\0A      %6 = \22neura.constant\22() <{value = \22%input1\22}> : () -> !neura.data<memref<?xi32>, i1>\0A      %7 = \22neura.constant\22() <{value = 2 : index}> : () -> !neura.data<index, i1>\0A      %8 = \22neura.counter\22() <{counter_dynamism = \22constant_bound\22, counter_hierarchy = \22root\22, counter_id = 0 : i32, operandSegmentSizes = array<i32: 0, 0, 0>}> {lower_bound_value = 0 : index, step_value = 1 : index, upper_bound_value = 16 : index} : () -> !neura.data<index, i1>\0A      %9 = \22neura.counter\22() <{counter_dynamism = \22symbol_bound\22, counter_hierarchy = \22leaf\22, counter_id = 1 : i32, operandSegmentSizes = array<i32: 0, 0, 0>}> {lower_bound_value = 0 : index, step_value = 1 : index, upper_bound_value = \22%input5\22} : () -> !neura.data<index, i1>\0A      %10 = \22neura.data_mov\22(%9) : (!neura.data<index, i1>) -> !neura.data<index, i1>\0A      %11 = \22neura.icmp\22(%10) <{cmpType = \22eq\22}> {rhs_value = 0 : index} : (!neura.data<index, i1>) -> !neura.data<i1, i1>\0A      %12 = \22neura.data_mov\22(%6) : (!neura.data<memref<?xi32>, i1>) -> !neura.data<memref<?xi32>, i1>\0A      %13 = \22neura.data_mov\22(%11) : (!neura.data<i1, i1>) -> !neura.data<i1, i1>\0A      %14 = \22neura.grant_predicate\22(%12, %13) : (!neura.data<memref<?xi32>, i1>, !neura.data<i1, i1>) -> !neura.data<memref<?xi32>, i1>\0A      %15 = \22neura.data_mov\22(%8) : (!neura.data<index, i1>) -> !neura.data<index, i1>\0A      %16 = \22neura.data_mov\22(%11) : (!neura.data<i1, i1>) -> !neura.data<i1, i1>\0A      %17 = \22neura.grant_predicate\22(%15, %16) : (!neura.data<index, i1>, !neura.data<i1, i1>) -> !neura.data<index, i1>\0A      %18 = \22neura.data_mov\22(%7) : (!neura.data<index, i1>) -> !neura.data<index, i1>\0A      %19 = \22neura.data_mov\22(%11) : (!neura.data<i1, i1>) -> !neura.data<i1, i1>\0A      %20 = \22neura.grant_predicate\22(%18, %19) : (!neura.data<index, i1>, !neura.data<i1, i1>) -> !neura.data<index, i1>\0A      %21 = \22neura.data_mov\22(%9) : (!neura.data<index, i1>) -> !neura.data<index, i1>\0A      %22 = \22neura.data_mov\22(%11) : (!neura.data<i1, i1>) -> !neura.data<i1, i1>\0A      %23 = \22neura.grant_predicate\22(%21, %22) : (!neura.data<index, i1>, !neura.data<i1, i1>) -> !neura.data<index, i1>\0A      %24 = \22neura.data_mov\22(%11) : (!neura.data<i1, i1>) -> !neura.data<i1, i1>\0A      %25 = \22neura.not\22(%24) : (!neura.data<i1, i1>) -> !neura.data<i1, i1>\0A      %26 = \22neura.data_mov\22(%7) : (!neura.data<index, i1>) -> !neura.data<index, i1>\0A      %27 = \22neura.data_mov\22(%25) : (!neura.data<i1, i1>) -> !neura.data<i1, i1>\0A      %28 = \22neura.grant_predicate\22(%26, %27) : (!neura.data<index, i1>, !neura.data<i1, i1>) -> !neura.data<index, i1>\0A      %29 = \22neura.data_mov\22(%9) : (!neura.data<index, i1>) -> !neura.data<index, i1>\0A      %30 = \22neura.data_mov\22(%25) : (!neura.data<i1, i1>) -> !neura.data<i1, i1>\0A      %31 = \22neura.grant_predicate\22(%29, %30) : (!neura.data<index, i1>, !neura.data<i1, i1>) -> !neura.data<index, i1>\0A      %32 = \22neura.data_mov\22(%8) : (!neura.data<index, i1>) -> !neura.data<index, i1>\0A      %33 = \22neura.data_mov\22(%25) : (!neura.data<i1, i1>) -> !neura.data<i1, i1>\0A      %34 = \22neura.grant_predicate\22(%32, %33) : (!neura.data<index, i1>, !neura.data<i1, i1>) -> !neura.data<index, i1>\0A      %35 = \22neura.data_mov\22(%14) : (!neura.data<memref<?xi32>, i1>) -> !neura.data<memref<?xi32>, i1>\0A      %36 = \22neura.data_mov\22(%17) : (!neura.data<index, i1>) -> !neura.data<index, i1>\0A      \22neura.store_indexed\22(%35, %36) <{operandSegmentSizes = array<i32: 0, 1, 1>}> {lhs_value = \22%input0\22} : (!neura.data<memref<?xi32>, i1>, !neura.data<index, i1>) -> ()\0A      %37 = \22neura.data_mov\22(%34) : (!neura.data<index, i1>) -> !neura.data<index, i1>\0A      %38 = \22neura.data_mov\22(%17) : (!neura.data<index, i1>) -> !neura.data<index, i1>\0A      %39 = \22neura.phi\22(%37, %38) : (!neura.data<index, i1>, !neura.data<index, i1>) -> !neura.data<index, i1>\0A      %40 = \22neura.data_mov\22(%31) : (!neura.data<index, i1>) -> !neura.data<index, i1>\0A      %41 = \22neura.data_mov\22(%23) : (!neura.data<index, i1>) -> !neura.data<index, i1>\0A      %42 = \22neura.phi\22(%40, %41) : (!neura.data<index, i1>, !neura.data<index, i1>) -> !neura.data<index, i1>\0A      %43 = \22neura.data_mov\22(%28) : (!neura.data<index, i1>) -> !neura.data<index, i1>\0A      %44 = \22neura.data_mov\22(%20) : (!neura.data<index, i1>) -> !neura.data<index, i1>\0A      %45 = \22neura.phi\22(%43, %44) : (!neura.data<index, i1>, !neura.data<index, i1>) -> !neura.data<index, i1>\0A      %46 = \22neura.data_mov\22(%45) : (!neura.data<index, i1>) -> !neura.data<index, i1>\0A      %47 = \22neura.data_mov\22(%42) : (!neura.data<index, i1>) -> !neura.data<index, i1>\0A      %48 = \22neura.data_mov\22(%39) : (!neura.data<index, i1>) -> !neura.data<index, i1>\0A      %49 = \22neura.load_indexed\22(%46, %47, %48) <{operandSegmentSizes = array<i32: 0, 3>}> {lhs_value = \22%input2\22} : (!neura.data<index, i1>, !neura.data<index, i1>, !neura.data<index, i1>) -> !neura.data<i32, i1>\0A      %50 = \22neura.data_mov\22(%39) : (!neura.data<index, i1>) -> !neura.data<index, i1>\0A      %51 = \22neura.load_indexed\22(%50) <{operandSegmentSizes = array<i32: 0, 1>}> {lhs_value = \22%input1\22} : (!neura.data<index, i1>) -> !neura.data<i32, i1>\0A      %52 = \22neura.data_mov\22(%51) : (!neura.data<i32, i1>) -> !neura.data<i32, i1>\0A      %53 = \22neura.data_mov\22(%49) : (!neura.data<i32, i1>) -> !neura.data<i32, i1>\0A      %54 = \22neura.add\22(%52, %53) : (!neura.data<i32, i1>, !neura.data<i32, i1>) -> !neura.data<i32, i1>\0A      %55 = \22neura.data_mov\22(%54) : (!neura.data<i32, i1>) -> !neura.data<i32, i1>\0A      %56 = \22neura.data_mov\22(%39) : (!neura.data<index, i1>) -> !neura.data<index, i1>\0A      \22neura.store_indexed\22(%55, %56) <{operandSegmentSizes = array<i32: 1, 0, 1>}> {rhs_value = \22%input1\22} : (!neura.data<i32, i1>, !neura.data<index, i1>) -> ()\0A      %57 = \22neura.data_mov\22(%39) : (!neura.data<index, i1>) -> !neura.data<index, i1>\0A      %58 = \22neura.load_indexed\22(%57) <{operandSegmentSizes = array<i32: 0, 1>}> {lhs_value = \22%input1\22} : (!neura.data<index, i1>) -> !neura.data<i32, i1>\0A      %59 = \22neura.data_mov\22(%58) : (!neura.data<i32, i1>) -> !neura.data<i32, i1>\0A      %60 = \22neura.div\22(%59) {rhs_value = \22%input3\22} : (!neura.data<i32, i1>) -> !neura.data<i32, i1>\0A      %61 = \22neura.data_mov\22(%42) : (!neura.data<index, i1>) -> !neura.data<index, i1>\0A      %62 = \22neura.add\22(%61) {rhs_value = 1 : index} : (!neura.data<index, i1>) -> !neura.data<index, i1>\0A      %63 = \22neura.data_mov\22(%62) : (!neura.data<index, i1>) -> !neura.data<index, i1>\0A      %64 = \22neura.icmp\22(%63) <{cmpType = \22sge\22}> {rhs_value = \22%input4\22} : (!neura.data<index, i1>) -> !neura.data<i1, i1>\0A      %65 = \22neura.data_mov\22(%60) : (!neura.data<i32, i1>) -> !neura.data<i32, i1>\0A      %66 = \22neura.data_mov\22(%64) : (!neura.data<i1, i1>) -> !neura.data<i1, i1>\0A      %67 = \22neura.grant_predicate\22(%65, %66) : (!neura.data<i32, i1>, !neura.data<i1, i1>) -> !neura.data<i32, i1>\0A      %68 = \22neura.data_mov\22(%39) : (!neura.data<index, i1>) -> !neura.data<index, i1>\0A      %69 = \22neura.data_mov\22(%64) : (!neura.data<i1, i1>) -> !neura.data<i1, i1>\0A      %70 = \22neura.grant_predicate\22(%68, %69) : (!neura.data<index, i1>, !neura.data<i1, i1>) -> !neura.data<index, i1>\0A      %71 = \22neura.data_mov\22(%67) : (!neura.data<i32, i1>) -> !neura.data<i32, i1>\0A      %72 = \22neura.data_mov\22(%70) : (!neura.data<index, i1>) -> !neura.data<index, i1>\0A      \22neura.store_indexed\22(%71, %72) <{operandSegmentSizes = array<i32: 1, 0, 1>}> {rhs_value = \22%input1\22} : (!neura.data<i32, i1>, !neura.data<index, i1>) -> ()\0A      \22neura.yield\22() <{operandSegmentSizes = array<i32: 0, 0>}> {yield_type = \22void\22} : () -> ()\0A    }) {dataflow_mode = \22predicate\22} : (i32, memref<?xi32>, memref<?x256x16xi32>, i32, index, index) -> ()\0A    \22taskflow.yield\22(%arg8) <{operandSegmentSizes = array<i32: 0, 1, 0>}> : (memref<?xi32>) -> ()\0A  }) {dlp_replicable = true, runtime_managable = true} : (memref<?x256x16xi32>, memref<?xi32>, memref<?xi32>, index, i32, i32, memref<?x256x16xi32>, memref<?xi32>, memref<?xi32>) -> memref<?xi32>\0A  \22func.return\22() : () -> ()\0A}) : () -> ()", dlp_replicable = true, runtime_managable = true} : (memref<?x256x16xi32>, memref<?xi32>, memref<?xi32>, index, i32, i32, memref<?x256x16xi32>, memref<?xi32>, memref<?xi32>) -> memref<?xi32>
    %32 = "taskflow.task"(%31, %31, %1, %arg14, %arg14) <{operandSegmentSizes = array<i32: 1, 1, 1, 1, 1>, resultSegmentSizes = array<i32: 0, 1, 0>, task_name = "Task_27"}> ({
    ^bb0(%arg15: memref<?xi32>, %arg16: memref<?xi32>, %arg17: i32):
      %33 = "arith.constant"() <{value = 0 : index}> : () -> index
      %34 = "arith.constant"() <{value = 16 : index}> : () -> index
      %35 = "arith.constant"() <{value = 1 : index}> : () -> index
      %36 = "taskflow.counter"(%33, %34, %35) <{counter_dynamism = "constant_bound", counter_hierarchy = "leaf", counter_id = 0 : i32}> : (index, index, index) -> index
      "neura.kernel"(%arg16, %arg17) <{accelerator = "neura", operandSegmentSizes = array<i32: 2, 0>}> ({
      ^bb0(%arg18: !neura.data<memref<?xi32>, i1>, %arg19: !neura.data<i32, i1>):
        %37 = "neura.counter"() <{counter_dynamism = "constant_bound", counter_hierarchy = "leaf", counter_id = 0 : i32, operandSegmentSizes = array<i32: 0, 0, 0>}> {lower_bound_value = 0 : index, step_value = 1 : index, upper_bound_value = 16 : index} : () -> !neura.data<index, i1>
        %38 = "neura.data_mov"(%37) : (!neura.data<index, i1>) -> !neura.data<index, i1>
        %39 = "neura.load_indexed"(%38) <{operandSegmentSizes = array<i32: 0, 1>}> {lhs_value = "%input0"} : (!neura.data<index, i1>) -> !neura.data<i32, i1>
        %40 = "neura.data_mov"(%39) : (!neura.data<i32, i1>) -> !neura.data<i32, i1>
        %41 = "neura.div"(%40) {rhs_value = "%input1"} : (!neura.data<i32, i1>) -> !neura.data<i32, i1>
        %42 = "neura.data_mov"(%41) : (!neura.data<i32, i1>) -> !neura.data<i32, i1>
        %43 = "neura.data_mov"(%37) : (!neura.data<index, i1>) -> !neura.data<index, i1>
        "neura.store_indexed"(%42, %43) <{operandSegmentSizes = array<i32: 1, 0, 1>}> {rhs_value = "%input0"} : (!neura.data<i32, i1>, !neura.data<index, i1>) -> ()
        "neura.yield"() <{operandSegmentSizes = array<i32: 0, 0>}> {yield_type = "void"} : () -> ()
      }) {dataflow_mode = "predicate"} : (memref<?xi32>, i32) -> ()
      "taskflow.yield"(%arg16) <{operandSegmentSizes = array<i32: 0, 1, 0>}> : (memref<?xi32>) -> ()
    }) {amoeba.source_iteration_control_binding = "amoeba-source-iteration-domain-v1\0Adomain_witness_bytes=177:amoeba-source-iteration-domain-v1\0Acomplete=1\0Arepresented_multiplicity=16\0Ainternal_multiplicity=1\0Asource_multiplicity=16\0Aaxis_count=1\0Aaxis=T,0,0,16,1,16,0,-1,0,0\0Areason_bytes=0:\0A\0A\22func.func\22() <{function_type = (memref<?xi32>, i32, memref<?xi32>) -> (), sym_name = \22__source_domain_binding__\22}> ({\0A^bb0(%arg0: memref<?xi32>, %arg1: i32, %arg2: memref<?xi32>):\0A  %0 = \22taskflow.task\22(%arg0, %arg0, %arg1, %arg2, %arg2) <{operandSegmentSizes = array<i32: 1, 1, 1, 1, 1>, resultSegmentSizes = array<i32: 0, 1, 0>, task_name = \22Task_27\22}> ({\0A  ^bb0(%arg3: memref<?xi32>, %arg4: memref<?xi32>, %arg5: i32):\0A    %1 = \22arith.constant\22() <{value = 0 : index}> : () -> index\0A    %2 = \22arith.constant\22() <{value = 16 : index}> : () -> index\0A    %3 = \22arith.constant\22() <{value = 1 : index}> : () -> index\0A    %4 = \22taskflow.counter\22(%1, %2, %3) <{counter_dynamism = \22constant_bound\22, counter_hierarchy = \22leaf\22, counter_id = 0 : i32}> : (index, index, index) -> index\0A    \22neura.kernel\22(%arg4, %arg5) <{accelerator = \22neura\22, operandSegmentSizes = array<i32: 2, 0>}> ({\0A    ^bb0(%arg6: !neura.data<memref<?xi32>, i1>, %arg7: !neura.data<i32, i1>):\0A      %5 = \22neura.counter\22() <{counter_dynamism = \22constant_bound\22, counter_hierarchy = \22leaf\22, counter_id = 0 : i32, operandSegmentSizes = array<i32: 0, 0, 0>}> {lower_bound_value = 0 : index, step_value = 1 : index, upper_bound_value = 16 : index} : () -> !neura.data<index, i1>\0A      %6 = \22neura.data_mov\22(%5) : (!neura.data<index, i1>) -> !neura.data<index, i1>\0A      %7 = \22neura.load_indexed\22(%6) <{operandSegmentSizes = array<i32: 0, 1>}> {lhs_value = \22%input0\22} : (!neura.data<index, i1>) -> !neura.data<i32, i1>\0A      %8 = \22neura.data_mov\22(%7) : (!neura.data<i32, i1>) -> !neura.data<i32, i1>\0A      %9 = \22neura.div\22(%8) {rhs_value = \22%input1\22} : (!neura.data<i32, i1>) -> !neura.data<i32, i1>\0A      %10 = \22neura.data_mov\22(%9) : (!neura.data<i32, i1>) -> !neura.data<i32, i1>\0A      %11 = \22neura.data_mov\22(%5) : (!neura.data<index, i1>) -> !neura.data<index, i1>\0A      \22neura.store_indexed\22(%10, %11) <{operandSegmentSizes = array<i32: 1, 0, 1>}> {rhs_value = \22%input0\22} : (!neura.data<i32, i1>, !neura.data<index, i1>) -> ()\0A      \22neura.yield\22() <{operandSegmentSizes = array<i32: 0, 0>}> {yield_type = \22void\22} : () -> ()\0A    }) {dataflow_mode = \22predicate\22} : (memref<?xi32>, i32) -> ()\0A    \22taskflow.yield\22(%arg4) <{operandSegmentSizes = array<i32: 0, 1, 0>}> : (memref<?xi32>) -> ()\0A  }) {dlp_replicable = true} : (memref<?xi32>, memref<?xi32>, i32, memref<?xi32>, memref<?xi32>) -> memref<?xi32>\0A  \22func.return\22() : () -> ()\0A}) : () -> ()", amoeba.source_iteration_domain = {axes = [{carried_values = 0 : i64, expanded_inside_mapper_firing = false, extent = 16 : i64, kind = "taskflow-counter", lower = 0 : i64, ordinal = 0 : i64, parent_counter_ordinal = -1 : i64, result_uses = 0 : i64, step = 1 : i64, upper = 16 : i64}], canonical_witness = "amoeba-source-iteration-domain-v1\0Acomplete=1\0Arepresented_multiplicity=16\0Ainternal_multiplicity=1\0Asource_multiplicity=16\0Aaxis_count=1\0Aaxis=T,0,0,16,1,16,0,-1,0,0\0Areason_bytes=0:\0A", complete = true, internal_multiplicity = 1 : i64, represented_multiplicity = 16 : i64, schema = "amoeba-source-iteration-domain-v1", source_multiplicity = 16 : i64}, amoeba.source_iteration_source_control_binding = "amoeba-source-iteration-domain-v1\0Adomain_witness_bytes=177:amoeba-source-iteration-domain-v1\0Acomplete=1\0Arepresented_multiplicity=16\0Ainternal_multiplicity=1\0Asource_multiplicity=16\0Aaxis_count=1\0Aaxis=T,0,0,16,1,16,0,-1,0,0\0Areason_bytes=0:\0A\0A\22func.func\22() <{function_type = (memref<?xi32>, i32, memref<?xi32>) -> (), sym_name = \22__source_domain_binding__\22}> ({\0A^bb0(%arg0: memref<?xi32>, %arg1: i32, %arg2: memref<?xi32>):\0A  %0 = \22taskflow.task\22(%arg0, %arg0, %arg1, %arg2, %arg2) <{operandSegmentSizes = array<i32: 1, 1, 1, 1, 1>, resultSegmentSizes = array<i32: 0, 1, 0>, task_name = \22Task_27\22}> ({\0A  ^bb0(%arg3: memref<?xi32>, %arg4: memref<?xi32>, %arg5: i32):\0A    %1 = \22arith.constant\22() <{value = 0 : index}> : () -> index\0A    %2 = \22arith.constant\22() <{value = 16 : index}> : () -> index\0A    %3 = \22arith.constant\22() <{value = 1 : index}> : () -> index\0A    %4 = \22taskflow.counter\22(%1, %2, %3) <{counter_dynamism = \22constant_bound\22, counter_hierarchy = \22leaf\22, counter_id = 0 : i32}> : (index, index, index) -> index\0A    \22neura.kernel\22(%arg4, %arg5) <{accelerator = \22neura\22, operandSegmentSizes = array<i32: 2, 0>}> ({\0A    ^bb0(%arg6: !neura.data<memref<?xi32>, i1>, %arg7: !neura.data<i32, i1>):\0A      %5 = \22neura.counter\22() <{counter_dynamism = \22constant_bound\22, counter_hierarchy = \22leaf\22, counter_id = 0 : i32, operandSegmentSizes = array<i32: 0, 0, 0>}> {lower_bound_value = 0 : index, step_value = 1 : index, upper_bound_value = 16 : index} : () -> !neura.data<index, i1>\0A      %6 = \22neura.data_mov\22(%5) : (!neura.data<index, i1>) -> !neura.data<index, i1>\0A      %7 = \22neura.load_indexed\22(%6) <{operandSegmentSizes = array<i32: 0, 1>}> {lhs_value = \22%input0\22} : (!neura.data<index, i1>) -> !neura.data<i32, i1>\0A      %8 = \22neura.data_mov\22(%7) : (!neura.data<i32, i1>) -> !neura.data<i32, i1>\0A      %9 = \22neura.div\22(%8) {rhs_value = \22%input1\22} : (!neura.data<i32, i1>) -> !neura.data<i32, i1>\0A      %10 = \22neura.data_mov\22(%9) : (!neura.data<i32, i1>) -> !neura.data<i32, i1>\0A      %11 = \22neura.data_mov\22(%5) : (!neura.data<index, i1>) -> !neura.data<index, i1>\0A      \22neura.store_indexed\22(%10, %11) <{operandSegmentSizes = array<i32: 1, 0, 1>}> {rhs_value = \22%input0\22} : (!neura.data<i32, i1>, !neura.data<index, i1>) -> ()\0A      \22neura.yield\22() <{operandSegmentSizes = array<i32: 0, 0>}> {yield_type = \22void\22} : () -> ()\0A    }) {dataflow_mode = \22predicate\22} : (memref<?xi32>, i32) -> ()\0A    \22taskflow.yield\22(%arg4) <{operandSegmentSizes = array<i32: 0, 1, 0>}> : (memref<?xi32>) -> ()\0A  }) {dlp_replicable = true} : (memref<?xi32>, memref<?xi32>, i32, memref<?xi32>, memref<?xi32>) -> memref<?xi32>\0A  \22func.return\22() : () -> ()\0A}) : () -> ()", dlp_replicable = true} : (memref<?xi32>, memref<?xi32>, i32, memref<?xi32>, memref<?xi32>) -> memref<?xi32>
    "func.return"() : () -> ()
  }) {amoeba.input0_caller_evidence_path = "/home/x/shiran/project/orbit-artifact/reference/input0-source-domains/callers/gcn.mlir", amoeba.input0_caller_function = "main", amoeba.input0_caller_noalias_proof_mode = "prepared-external-caller", amoeba.input0_caller_noalias_proven, amoeba.input0_caller_prepared_input_path = "/home/x/shiran/project/orbit-artifact/.work/input0-neighborhood-2x2-v38/source-domain-prep/gcn/taskflow-affine.mlir", amoeba.input0_caller_static_bound = 5 : i64, amoeba.static_bound.arg.0 = 5 : i64, llvm.linkage = #llvm.linkage<external>} : () -> ()
}) : () -> ()
